title,price,rating,sold,link
"Thùng 24 hộp SBPS Nutifood GrowPLUS+ Suy Dinh Dưỡng (Đỏ) Ít đường 180ml - Tăng Cân, Tăng Chiều Cao (Bao bì tùy lô hàng)",352.800₫,4.9,9k+ đã bán,https://shopee.vn/Th%C3%B9ng-24-h%E1%BB%99p-SBPS-Nutifood-GrowPLUS-Suy-Dinh-D%C6%B0%E1%BB%A1ng-(%C4%90%E1%BB%8F)-%C3%8Dt-%C4%91%C6%B0%E1%BB%9Dng-180ml-T%C4%83ng-C%C3%A2n-T%C4%83ng-Chi%E1%BB%81u-Cao-(Bao-b%C3%AC-t%C3%B9y-l%C3%B4-h%C3%A0ng)-i.915815268.28907760108?extraParams=%7B%22display_model_id%22%3A176620451337%2C%22model_selection_logic%22%3A3%7D
Thùng 24 hộp Sữa Bột Pha Sẵn Nutifood Sweden GrowPLUS+ Cao lớn vượt trội hộp 110 ml,314.640₫,4.9,50k+ đã bán,https://shopee.vn/Th%C3%B9ng-24-h%E1%BB%99p-S%E1%BB%AFa-B%E1%BB%99t-Pha-S%E1%BA%B5n-Nutifood-Sweden-GrowPLUS-Cao-l%E1%BB%9Bn-v%C6%B0%E1%BB%A3t-tr%E1%BB%99i-h%E1%BB%99p-110-ml-i.915815268.18586890359?extraParams=%7B%22display_model_id%22%3A255311912427%2C%22model_selection_logic%22%3A3%7D
"Thùng SBPS Nutifood GrowPLUS+ ít đường Suy Dinh Dưỡng - Tăng Cân, Tăng Chiều Cao (48 Hộp x 110ml) (Bao bì tùy lô hàng)",495.880₫,4.9,30k+ đã bán,https://shopee.vn/Th%C3%B9ng-SBPS-Nutifood-GrowPLUS-%C3%ADt-%C4%91%C6%B0%E1%BB%9Dng-Suy-Dinh-D%C6%B0%E1%BB%A1ng-T%C4%83ng-C%C3%A2n-T%C4%83ng-Chi%E1%BB%81u-Cao-(48-H%E1%BB%99p-x-110ml)-(Bao-b%C3%AC-t%C3%B9y-l%C3%B4-h%C3%A0ng)-i.915815268.22216152809?extraParams=%7B%22display_model_id%22%3A215391208091%2C%22model_selection_logic%22%3A3%7D
Combo 2 Thùng 24 Hộp Sữa Bột Pha Sẵn Nutifood Sweden GrowPLUS+ Cao lớn vượt trội hộp 180 ml,940.940₫,4.8,10k+ đã bán,https://shopee.vn/Combo-2-Th%C3%B9ng-24-H%E1%BB%99p-S%E1%BB%AFa-B%E1%BB%99t-Pha-S%E1%BA%B5n-Nutifood-Sweden-GrowPLUS-Cao-l%E1%BB%9Bn-v%C6%B0%E1%BB%A3t-tr%E1%BB%99i-h%E1%BB%99p-180-ml-i.915815268.19286738933?extraParams=%7B%22display_model_id%22%3A380491626901%2C%22model_selection_logic%22%3A3%7D
"Combo 2 Thùng 24 SBPS Nutifood GrowPLUS+ Suy Dinh Dưỡng Ít đường 180ml - Tăng Cân, Tăng Chiều Cao (Bao bì tùy lô hàng)",705.600₫,4.9,4k+ đã bán,https://shopee.vn/Combo-2-Th%C3%B9ng-24-SBPS-Nutifood-GrowPLUS-Suy-Dinh-D%C6%B0%E1%BB%A1ng-%C3%8Dt-%C4%91%C6%B0%E1%BB%9Dng-180ml-T%C4%83ng-C%C3%A2n-T%C4%83ng-Chi%E1%BB%81u-Cao-(Bao-b%C3%AC-t%C3%B9y-l%C3%B4-h%C3%A0ng)-i.915815268.24334696434?extraParams=%7B%22display_model_id%22%3A241370275482%2C%22model_selection_logic%22%3A3%7D
Thùng 24 hộp Sữa Bột Pha Sẵn Nutifood Sweden GrowPLUS+ Cao lớn vượt trội 24 hộp 180 ml,470.470₫,4.9,20k+ đã bán,https://shopee.vn/Th%C3%B9ng-24-h%E1%BB%99p-S%E1%BB%AFa-B%E1%BB%99t-Pha-S%E1%BA%B5n-Nutifood-Sweden-GrowPLUS-Cao-l%E1%BB%9Bn-v%C6%B0%E1%BB%A3t-tr%E1%BB%99i-24-h%E1%BB%99p-180-ml-i.915815268.25203161998?extraParams=%7B%22display_model_id%22%3A375491613597%2C%22model_selection_logic%22%3A3%7D
[Livestream Lucie] Thùng SBPS Nutifood GrowPLUS+ ít đường Suy Dinh Dưỡng - (48 hộp x 180ml) (Bao bì tuỳ lô hàng),987.840₫,4.9,3k+ đã bán,https://shopee.vn/-Livestream-Lucie-Th%C3%B9ng-SBPS-Nutifood-GrowPLUS-%C3%ADt-%C4%91%C6%B0%E1%BB%9Dng-Suy-Dinh-D%C6%B0%E1%BB%A1ng-(48-h%C3%B4%CC%A3p-x-180ml)-(Bao-bi%CC%80-tuy%CC%80-l%C3%B4-ha%CC%80ng)-i.915815268.43769161046?extraParams=%7B%22display_model_id%22%3A296571241062%2C%22model_selection_logic%22%3A3%7D
Combo 4 Thùng 24 hộp Sữa Bột Pha Sẵn Nutifood Sweden GrowPLUS+ Cao lớn vượt trội hộp 110 ml,1.258.560₫,4.8,7k+ đã bán,https://shopee.vn/Combo-4-Th%C3%B9ng-24-h%E1%BB%99p-S%E1%BB%AFa-B%E1%BB%99t-Pha-S%E1%BA%B5n-Nutifood-Sweden-GrowPLUS-Cao-l%E1%BB%9Bn-v%C6%B0%E1%BB%A3t-tr%E1%BB%99i-h%E1%BB%99p-110-ml-i.915815268.27631058667?extraParams=%7B%22display_model_id%22%3A340491615025%2C%22model_selection_logic%22%3A3%7D
Combo 2 Thùng 24 hộp Sữa bột pha sẵn Nutifood Sweden GrowPLUS+ Vị Dâu 110ml & Vị Chuối 110ml,579.500₫,4.8,6k+ đã bán,https://shopee.vn/Combo-2-Th%C3%B9ng-24-h%E1%BB%99p-S%E1%BB%AFa-b%E1%BB%99t-pha-s%E1%BA%B5n-Nutifood-Sweden-GrowPLUS-V%E1%BB%8B-D%C3%A2u-110ml-V%E1%BB%8B-Chu%E1%BB%91i-110ml-i.915815268.29476919007?extraParams=%7B%22display_model_id%22%3A119405984484%2C%22model_selection_logic%22%3A3%7D
Thùng 24 hộp Sữa Bột Pha Sẵn Nutifood Sweden GrowPLUS+ Sữa Non Immunel (24 hộp x 110 ml) (Bao bì tuỳ lô hàng),329.220₫,4.9,20k+ đã bán,https://shopee.vn/Th%C3%B9ng-24-h%E1%BB%99p-S%E1%BB%AFa-B%E1%BB%99t-Pha-S%E1%BA%B5n-Nutifood-Sweden-GrowPLUS-S%E1%BB%AFa-Non-Immunel-(24-h%E1%BB%99p-x-110-ml)-(Bao-b%C3%AC-tu%E1%BB%B3-l%C3%B4-h%C3%A0ng)-i.915815268.23988069136?extraParams=%7B%22display_model_id%22%3A250311915386%2C%22model_selection_logic%22%3A3%7D
Combo 2 Thùng 24 Hộp Sữa Bột Pha Sẵn Nutifood Sweden GrowPLUS+ Cao lớn vượt trội hộp 110 ml,629.280₫,4.9,30k+ đã bán,https://shopee.vn/Combo-2-Th%C3%B9ng-24-H%E1%BB%99p-S%E1%BB%AFa-B%E1%BB%99t-Pha-S%E1%BA%B5n-Nutifood-Sweden-GrowPLUS-Cao-l%E1%BB%9Bn-v%C6%B0%E1%BB%A3t-tr%E1%BB%99i-h%E1%BB%99p-110-ml-i.915815268.25852648094?extraParams=%7B%22display_model_id%22%3A410491594473%2C%22model_selection_logic%22%3A3%7D
Combo 2 Thùng 24 hộp SBPS Nuvi Grow Height 1+ hỗ trợ phát triển chiều cao hộp 180ml,823.200₫,4.8,1k+ đã bán,https://shopee.vn/Combo-2-Th%C3%B9ng-24-h%E1%BB%99p-SBPS-Nuvi-Grow-Height-1-h%E1%BB%97-tr%E1%BB%A3-ph%C3%A1t-tri%E1%BB%83n-chi%E1%BB%81u-cao-h%E1%BB%99p-180ml-i.915815268.44168514230?extraParams=%7B%22display_model_id%22%3A335736808522%2C%22model_selection_logic%22%3A3%7D
Sữa Bột Nutifood Sweden GrowPLUS+ Cao lớn vượt trội (Bạc) 800g,563.290₫,4.7,10k+ đã bán,https://shopee.vn/S%E1%BB%AFa-B%E1%BB%99t-Nutifood-Sweden-GrowPLUS-Cao-l%E1%BB%9Bn-v%C6%B0%E1%BB%A3t-tr%E1%BB%99i-(B%E1%BA%A1c)-800g-i.915815268.24402647100?extraParams=%7B%22display_model_id%22%3A88870898965%2C%22model_selection_logic%22%3A3%7D
Thùng Sữa Bột Pha Sẵn Nutifood GrowPLUS+ Xanh (Biếng Ăn) 180ml  -Trên 2 tuổi - Tăng Cân Khỏe Mạnh (48 Hộp x 180ml),601.920₫,4.9,7k+ đã bán,https://shopee.vn/Th%C3%B9ng-S%E1%BB%AFa-B%E1%BB%99t-Pha-S%E1%BA%B5n-Nutifood-GrowPLUS-Xanh-(Bi%E1%BA%BFng-%C4%82n)-180ml-Tr%C3%AAn-2-tu%E1%BB%95i-T%C4%83ng-C%C3%A2n-Kh%E1%BB%8Fe-M%E1%BA%A1nh-(48-H%E1%BB%99p-x-180ml)-i.915815268.17991914261?extraParams=%7B%22display_model_id%22%3A175441884786%2C%22model_selection_logic%22%3A3%7D
Combo 2 Thùng 24 hộp Sữa Bột Pha Sẵn Nutifood Sweden GrowPLUS+ Sữa Non Immunel hộp 180 ml (Bao bì tuỳ lô hàng),993.600₫,4.8,5k+ đã bán,https://shopee.vn/Combo-2-Th%C3%B9ng-24-h%E1%BB%99p-S%E1%BB%AFa-B%E1%BB%99t-Pha-S%E1%BA%B5n-Nutifood-Sweden-GrowPLUS-S%E1%BB%AFa-Non-Immunel-h%E1%BB%99p-180-ml-(Bao-b%C3%AC-tu%E1%BB%B3-l%C3%B4-h%C3%A0ng)-i.915815268.22862176541?extraParams=%7B%22display_model_id%22%3A187212030815%2C%22model_selection_logic%22%3A3%7D
Thùng 24 hộp SBPS Nuvi Grow Height 1+ hỗ trợ phát triển chiều cao hộp 180ml,411.600₫,4.9,2k+ đã bán,https://shopee.vn/Th%C3%B9ng-24-h%E1%BB%99p-SBPS-Nuvi-Grow-Height-1-h%E1%BB%97-tr%E1%BB%A3-ph%C3%A1t-tri%E1%BB%83n-chi%E1%BB%81u-cao-h%E1%BB%99p-180ml-i.915815268.40068534939?extraParams=%7B%22display_model_id%22%3A272510201035%2C%22model_selection_logic%22%3A3%7D
[Livestream KOL] Sữa Bột Nutifood Sweden GrowPLUS+ Cao lớn vượt trội trên 2 tuổi (Bạc) 800g,791.700₫,4.7,554 đã bán,https://shopee.vn/-Livestream-KOL-S%E1%BB%AFa-B%E1%BB%99t-Nutifood-Sweden-GrowPLUS-Cao-l%E1%BB%9Bn-v%C6%B0%E1%BB%A3t-tr%E1%BB%99i-tr%C3%AAn-2-tu%E1%BB%95i-(B%E1%BA%A1c)-800g-i.915815268.28138662742?extraParams=%7B%22display_model_id%22%3A178988257519%2C%22model_selection_logic%22%3A3%7D
"Combo 2 Thùng 48 SBPS Nutifood GrowPLUS+ Suy Dinh Dưỡng Ít đường 180ml - Tăng Cân, Tăng Chiều Cao (Bao bì tùy lô hàng)",1.411.200₫,4.7,2k+ đã bán,https://shopee.vn/Combo-2-Th%C3%B9ng-48-SBPS-Nutifood-GrowPLUS-Suy-Dinh-D%C6%B0%E1%BB%A1ng-%C3%8Dt-%C4%91%C6%B0%E1%BB%9Dng-180ml-T%C4%83ng-C%C3%A2n-T%C4%83ng-Chi%E1%BB%81u-Cao-(Bao-b%C3%AC-t%C3%B9y-l%C3%B4-h%C3%A0ng)-i.915815268.43850609998?extraParams=%7B%22display_model_id%22%3A260048986861%2C%22model_selection_logic%22%3A3%7D
Sữa Bột Nutifood Sweden GrowPLUS+ Cao lớn vượt trội trên 2Tuoi (Bạc) 800g,565.110₫,4.8,6k+ đã bán,https://shopee.vn/S%E1%BB%AFa-B%E1%BB%99t-Nutifood-Sweden-GrowPLUS-Cao-l%E1%BB%9Bn-v%C6%B0%E1%BB%A3t-tr%E1%BB%99i-tr%C3%AAn-2Tuoi-(B%E1%BA%A1c)-800g-i.915815268.23087674006?extraParams=%7B%22display_model_id%22%3A445491628948%2C%22model_selection_logic%22%3A3%7D
Thùng 24 hộp SBPS Nuvi Grow Height 1+ hỗ trợ phát triển chiều cao hộp 110ml,313.600₫,4.9,4k+ đã bán,https://shopee.vn/Th%C3%B9ng-24-h%E1%BB%99p-SBPS-Nuvi-Grow-Height-1-h%E1%BB%97-tr%E1%BB%A3-ph%C3%A1t-tri%E1%BB%83n-chi%E1%BB%81u-cao-h%E1%BB%99p-110ml-i.915815268.41918509294?extraParams=%7B%22display_model_id%22%3A400736801293%2C%22model_selection_logic%22%3A3%7D
Thùng 24 hộp Sữa Bột Pha Sẵn Nutifood Sweden GrowPLUS+ Sữa Non Immunel hộp 180 ml (Bao bì tuỳ lô hàng),496.800₫,4.8,8k+ đã bán,https://shopee.vn/Th%C3%B9ng-24-h%E1%BB%99p-S%E1%BB%AFa-B%E1%BB%99t-Pha-S%E1%BA%B5n-Nutifood-Sweden-GrowPLUS-S%E1%BB%AFa-Non-Immunel-h%E1%BB%99p-180-ml-(Bao-b%C3%AC-tu%E1%BB%B3-l%C3%B4-h%C3%A0ng)-i.915815268.25353162153?extraParams=%7B%22display_model_id%22%3A176264339780%2C%22model_selection_logic%22%3A3%7D
"Sữa Bột Nutifood GrowPLUS+ Biếng Ăn (Xanh) 2+ - Tăng Cân Khỏe Mạnh (Lon 1,65 Kg)",511.200₫,4.8,3k+ đã bán,https://shopee.vn/S%E1%BB%AFa-B%E1%BB%99t-Nutifood-GrowPLUS-Bi%E1%BA%BFng-%C4%82n-(Xanh)-2-T%C4%83ng-C%C3%A2n-Kh%E1%BB%8Fe-M%E1%BA%A1nh-(Lon-1-65-Kg)-i.915815268.27757754592?extraParams=%7B%22display_model_id%22%3A256370310794%2C%22model_selection_logic%22%3A3%7D
Combo 2 Thùng 24 hộp Sữa Bột Pha Sẵn Nutifood Sweden GrowPLUS+ Sữa Non Immunel hộp 110 ml (Bao bì tuỳ lô hàng),658.440₫,4.8,10k+ đã bán,https://shopee.vn/Combo-2-Th%C3%B9ng-24-h%E1%BB%99p-S%E1%BB%AFa-B%E1%BB%99t-Pha-S%E1%BA%B5n-Nutifood-Sweden-GrowPLUS-S%E1%BB%AFa-Non-Immunel-h%E1%BB%99p-110-ml-(Bao-b%C3%AC-tu%E1%BB%B3-l%C3%B4-h%C3%A0ng)-i.915815268.24002648851?extraParams=%7B%22display_model_id%22%3A197308330324%2C%22model_selection_logic%22%3A3%7D
[Livestream KOL] Combo 2 x Thùng 24 hộp sữa bột pha sẵn GrowPLUS+ A2 beta-casein Hộp 110ml,754.720₫,4.8,1k+ đã bán,https://shopee.vn/-Livestream-KOL-Combo-2-x-Th%C3%B9ng-24-h%E1%BB%99p-s%E1%BB%AFa-b%E1%BB%99t-pha-s%E1%BA%B5n-GrowPLUS-A2-beta-casein-H%E1%BB%99p-110ml-i.915815268.49801641958?extraParams=%7B%22display_model_id%22%3A445516348270%2C%22model_selection_logic%22%3A3%7D
Thùng 24 hộp Sữa Bột Pha Sẵn Nutifood Sweden GrowPLUS+ Cao lớn vượt trội Height hộp 110 ml,314.640₫,4.9,4k+ đã bán,https://shopee.vn/Th%C3%B9ng-24-h%E1%BB%99p-S%E1%BB%AFa-B%E1%BB%99t-Pha-S%E1%BA%B5n-Nutifood-Sweden-GrowPLUS-Cao-l%E1%BB%9Bn-v%C6%B0%E1%BB%A3t-tr%E1%BB%99i-Height-h%E1%BB%99p-110-ml-i.915815268.25683262547?extraParams=%7B%22display_model_id%22%3A138999686680%2C%22model_selection_logic%22%3A3%7D
"Sữa bột Nutifood GrowPLUS+ Suy Dinh Dưỡng (Đỏ) 1+ - Tăng Cân, Tăng Chiều Cao (Lon 1,65 Kg)",643.280₫,4.7,8k+ đã bán,https://shopee.vn/S%E1%BB%AFa-b%E1%BB%99t-Nutifood-GrowPLUS-Suy-Dinh-D%C6%B0%E1%BB%A1ng-(%C4%90%E1%BB%8F)-1-T%C4%83ng-C%C3%A2n-T%C4%83ng-Chi%E1%BB%81u-Cao-(Lon-1-65-Kg)-i.915815268.27857758785?extraParams=%7B%22display_model_id%22%3A217719268592%2C%22model_selection_logic%22%3A3%7D
"Thùng SBPS Nutifood GrowPLUS+ ít đường Suy Dinh Dưỡng - Tăng Cân, Tăng Chiều Cao (48 x 180ml) (Bao bì tùy lô hàng)",705.600₫,4.8,1k+ đã bán,https://shopee.vn/Th%C3%B9ng-SBPS-Nutifood-GrowPLUS-%C3%ADt-%C4%91%C6%B0%E1%BB%9Dng-Suy-Dinh-D%C6%B0%E1%BB%A1ng-T%C4%83ng-C%C3%A2n-T%C4%83ng-Chi%E1%BB%81u-Cao-(48-x-180ml)-(Bao-b%C3%AC-t%C3%B9y-l%C3%B4-h%C3%A0ng)-i.915815268.24418025359?extraParams=%7B%22display_model_id%22%3A178097481584%2C%22model_selection_logic%22%3A3%7D
[Livestream KOL] Thùng 24 hộp Sữa bột pha sẵn GrowPLUS+ A2 beta-casein Hộp 110ml,377.360₫,4.9,3k+ đã bán,https://shopee.vn/-Livestream-KOL-Th%C3%B9ng-24-h%E1%BB%99p-S%E1%BB%AFa-b%E1%BB%99t-pha-s%E1%BA%B5n-GrowPLUS-A2-beta-casein-H%E1%BB%99p-110ml-i.915815268.46501646705?extraParams=%7B%22display_model_id%22%3A445516350667%2C%22model_selection_logic%22%3A3%7D
Thùng 24 hộp Sữa bột pha sẵn Nutifood Sweden GrowPLUS+ Vị Chuối Sữa hộp 110ml - Trên 1 tuổi (24 x 110ml),289.750₫,4.9,5k+ đã bán,https://shopee.vn/Th%C3%B9ng-24-h%E1%BB%99p-S%E1%BB%AFa-b%E1%BB%99t-pha-s%E1%BA%B5n-Nutifood-Sweden-GrowPLUS-V%E1%BB%8B-Chu%E1%BB%91i-S%E1%BB%AFa-h%E1%BB%99p-110ml-Tr%C3%AAn-1-tu%E1%BB%95i-(24-x-110ml)-i.915815268.26529320506?extraParams=%7B%22display_model_id%22%3A89776815209%2C%22model_selection_logic%22%3A3%7D
Thùng 24 hộp Sữa bột pha sẵn Nutifood GrowPLUS+ Vị Dâu hộp 110ml - Trên 1 tuổi (24 hộp x 110ml),289.750₫,4.9,10k+ đã bán,https://shopee.vn/Th%C3%B9ng-24-h%E1%BB%99p-S%E1%BB%AFa-b%E1%BB%99t-pha-s%E1%BA%B5n-Nutifood-GrowPLUS-V%E1%BB%8B-D%C3%A2u-h%E1%BB%99p-110ml-Tr%C3%AAn-1-tu%E1%BB%95i-(24-h%E1%BB%99p-x-110ml)-i.915815268.27176789554?extraParams=%7B%22display_model_id%22%3A205821425969%2C%22model_selection_logic%22%3A3%7D
"Combo 2 Sữa bột Nutifood GrowPLUS+ Suy Dinh Dưỡng (Đỏ) 1+ - Tăng Cân, Tăng Chiều Cao (2 Lon 1,65 Kg)",1.286.560₫,4.8,3k+ đã bán,https://shopee.vn/Combo-2-S%E1%BB%AFa-b%E1%BB%99t-Nutifood-GrowPLUS-Suy-Dinh-D%C6%B0%E1%BB%A1ng-(%C4%90%E1%BB%8F)-1-T%C4%83ng-C%C3%A2n-T%C4%83ng-Chi%E1%BB%81u-Cao-(2-Lon-1-65-Kg)-i.915815268.29307760279?extraParams=%7B%22display_model_id%22%3A185306494653%2C%22model_selection_logic%22%3A3%7D
Combo 2 Sữa Bột Nutifood Sweden GrowPLUS+ Cao lớn vượt trội trên 1 tuổi (Bạc) 800g,1.130.220₫,4.7,2k+ đã bán,https://shopee.vn/Combo-2-S%E1%BB%AFa-B%E1%BB%99t-Nutifood-Sweden-GrowPLUS-Cao-l%E1%BB%9Bn-v%C6%B0%E1%BB%A3t-tr%E1%BB%99i-tr%C3%AAn-1-tu%E1%BB%95i-(B%E1%BA%A1c)-800g-i.915815268.24796112123?extraParams=%7B%22display_model_id%22%3A365491647058%2C%22model_selection_logic%22%3A3%7D
Combo 2 Sữa Bột Nutifood Sweden GrowPLUS+ Cao lớn vượt trội trên 2 tuổi (Bạc) 800g,1.130.220₫,4.7,4k+ đã bán,https://shopee.vn/Combo-2-S%E1%BB%AFa-B%E1%BB%99t-Nutifood-Sweden-GrowPLUS-Cao-l%E1%BB%9Bn-v%C6%B0%E1%BB%A3t-tr%E1%BB%99i-tr%C3%AAn-2-tu%E1%BB%95i-(B%E1%BA%A1c)-800g-i.915815268.24553276767?extraParams=%7B%22display_model_id%22%3A405491658832%2C%22model_selection_logic%22%3A3%7D
Combo 2 Thùng 24 hộp Sữa bột pha sẵn Nutifood Sweden GrowPLUS+ Colostrum Lactoferrin 180ml,1.170.120₫,4.7,1k+ đã bán,https://shopee.vn/Combo-2-Th%C3%B9ng-24-h%E1%BB%99p-S%E1%BB%AFa-b%E1%BB%99t-pha-s%E1%BA%B5n-Nutifood-Sweden-GrowPLUS-Colostrum-Lactoferrin-180ml-i.915815268.42100027701?extraParams=%7B%22display_model_id%22%3A290001029442%2C%22model_selection_logic%22%3A3%7D
Combo 2 Thùng 24 hộp Sữa bột pha sẵn Nutifood Sweden GrowPLUS+ Colostrum Lactoferrin 110ml,778.120₫,4.8,3k+ đã bán,https://shopee.vn/Combo-2-Th%C3%B9ng-24-h%E1%BB%99p-S%E1%BB%AFa-b%E1%BB%99t-pha-s%E1%BA%B5n-Nutifood-Sweden-GrowPLUS-Colostrum-Lactoferrin-110ml-i.915815268.43700017659?extraParams=%7B%22display_model_id%22%3A260001656009%2C%22model_selection_logic%22%3A3%7D
[GIFT] Lốc 6 hộp Varna Life thực phẩm bổ sung sữa hạt công thức pha sẵn (6 hộp giấy x 200ml),392.000₫,4.8,8k+ đã bán,https://shopee.vn/-GIFT-L%E1%BB%91c-6-h%E1%BB%99p-Varna-Life-th%E1%BB%B1c-ph%E1%BA%A9m-b%E1%BB%95-sung-s%E1%BB%AFa-h%E1%BA%A1t-c%C3%B4ng-th%E1%BB%A9c-pha-s%E1%BA%B5n-(6-h%E1%BB%99p-gi%E1%BA%A5y-x-200ml)-i.915815268.24543060166?extraParams=%7B%22display_model_id%22%3A247974120324%2C%22model_selection_logic%22%3A3%7D
[LIVESTREAM KOL] Thùng SBPS Nutifood GrowPLUS+ ít đường Suy Dinh Dưỡng - Trên 1 Tuổi - (48 x 180ml) (Bao bì tùy lô hàng),987.840₫,4.9,10k+ đã bán,https://shopee.vn/-LIVESTREAM-KOL-Th%C3%B9ng-SBPS-Nutifood-GrowPLUS-%C3%ADt-%C4%91%C6%B0%E1%BB%9Dng-Suy-Dinh-D%C6%B0%E1%BB%A1ng-Tr%C3%AAn-1-Tu%E1%BB%95i-(48-x-180ml)-(Bao-b%C3%AC-t%C3%B9y-l%C3%B4-h%C3%A0ng)-i.915815268.29332520313?extraParams=%7B%22display_model_id%22%3A253111509218%2C%22model_selection_logic%22%3A3%7D
Thùng SBPS Nutifood GrowPLUS+ ít đường Suy Dinh Dưỡng - Trên 1 Tuổi -  (48 Hộp x 110ml) (Bao bì tùy lô hàng),495.880₫,4.9,1k+ đã bán,https://shopee.vn/Th%C3%B9ng-SBPS-Nutifood-GrowPLUS-%C3%ADt-%C4%91%C6%B0%E1%BB%9Dng-Suy-Dinh-D%C6%B0%E1%BB%A1ng-Tr%C3%AAn-1-Tu%E1%BB%95i-(48-H%E1%BB%99p-x-110ml)-(Bao-b%C3%AC-t%C3%B9y-l%C3%B4-h%C3%A0ng)-i.915815268.25818019362?extraParams=%7B%22display_model_id%22%3A250444937255%2C%22model_selection_logic%22%3A3%7D
"Sữa bột Nutifood GrowPLUS+ Suy Dinh Dưỡng (Đỏ) 2+ - Tăng Cân, Tăng Chiều Cao (Lon 1,65 Kg)",643.280₫,4.8,7k+ đã bán,https://shopee.vn/S%E1%BB%AFa-b%E1%BB%99t-Nutifood-GrowPLUS-Suy-Dinh-D%C6%B0%E1%BB%A1ng-(%C4%90%E1%BB%8F)-2-T%C4%83ng-C%C3%A2n-T%C4%83ng-Chi%E1%BB%81u-Cao-(Lon-1-65-Kg)-i.915815268.27007754029?extraParams=%7B%22display_model_id%22%3A168355527127%2C%22model_selection_logic%22%3A3%7D
Sữa bột Nutifood GrowPLUS+ Suy Dinh Dưỡng (Đỏ) 2+ - Tăng Cân & Tăng Chiều Cao - Lon 850g,449.280₫,4.9,2k+ đã bán,https://shopee.vn/S%E1%BB%AFa-b%E1%BB%99t-Nutifood-GrowPLUS-Suy-Dinh-D%C6%B0%E1%BB%A1ng-(%C4%90%E1%BB%8F)-2-T%C4%83ng-C%C3%A2n-T%C4%83ng-Chi%E1%BB%81u-Cao-Lon-850g-i.915815268.28153876915?extraParams=%7B%22display_model_id%22%3A207612214988%2C%22model_selection_logic%22%3A3%7D
Combo Thùng 24 hộp SBPS GrowPLUS+ Cao lớn vượt trội hộp 110ml + Thùng 24 hộp SBPS GrowPLUS+ Sữa Non Immunel 110ml,682.080₫,4.9,1k+ đã bán,https://shopee.vn/Combo-Th%C3%B9ng-24-h%E1%BB%99p-SBPS-GrowPLUS-Cao-l%E1%BB%9Bn-v%C6%B0%E1%BB%A3t-tr%E1%BB%99i-h%E1%BB%99p-110ml-Th%C3%B9ng-24-h%E1%BB%99p-SBPS-GrowPLUS-S%E1%BB%AFa-Non-Immunel-110ml-i.915815268.45202956763?extraParams=%7B%22display_model_id%22%3A435282763118%2C%22model_selection_logic%22%3A3%7D
[SHIP HCM & HN] Combo mix 4 lốc GrowPLUS+ Váng sữa công thức Cao lớn vượt trội Vani & Socola (55g x 16 hộp),300.200₫,4.8,1k+ đã bán,https://shopee.vn/-SHIP-HCM-HN-Combo-mix-4-l%E1%BB%91c-GrowPLUS-V%C3%A1ng-s%E1%BB%AFa-c%C3%B4ng-th%E1%BB%A9c-Cao-l%E1%BB%9Bn-v%C6%B0%E1%BB%A3t-tr%E1%BB%99i-Vani-Socola-(55g-x-16-h%E1%BB%99p)-i.915815268.25443735348?extraParams=%7B%22display_model_id%22%3A237657194720%2C%22model_selection_logic%22%3A3%7D
"Thùng 24 hộp x 110ml Sữa bột pha sẵn Nutifood Sweden GrowPLUS+ Tiêu Hóa (Xanh Nhạt) 1+ - Tiêu hóa khỏe, tăng cân",226.920₫,4.9,7k+ đã bán,https://shopee.vn/Th%C3%B9ng-24-h%E1%BB%99p-x-110ml-S%E1%BB%AFa-b%E1%BB%99t-pha-s%E1%BA%B5n-Nutifood-Sweden-GrowPLUS-Ti%C3%AAu-H%C3%B3a-(Xanh-Nh%E1%BA%A1t)-1-Ti%C3%AAu-h%C3%B3a-kh%E1%BB%8Fe-t%C4%83ng-c%C3%A2n-i.915815268.42001386290?extraParams=%7B%22display_model_id%22%3A248433343466%2C%22model_selection_logic%22%3A3%7D
Thùng 24 hộp Sữa bột pha sẵn Nutifood Sweden GrowPLUS+ Colostrum Lactoferrin 180ml,585.060₫,4.8,1k+ đã bán,https://shopee.vn/Th%C3%B9ng-24-h%E1%BB%99p-S%E1%BB%AFa-b%E1%BB%99t-pha-s%E1%BA%B5n-Nutifood-Sweden-GrowPLUS-Colostrum-Lactoferrin-180ml-i.915815268.25244751418?extraParams=%7B%22display_model_id%22%3A237769390789%2C%22model_selection_logic%22%3A3%7D
Thùng 24 hộp Sữa bột pha sẵn Nutifood GrowPLUS+ Vị Dâu Sữa hộp 180ml - Trên 1 tuổi (24 hộp x 180ml),444.480₫,4.8,2k+ đã bán,https://shopee.vn/Th%C3%B9ng-24-h%E1%BB%99p-S%E1%BB%AFa-b%E1%BB%99t-pha-s%E1%BA%B5n-Nutifood-GrowPLUS-V%E1%BB%8B-D%C3%A2u-S%E1%BB%AFa-h%E1%BB%99p-180ml-Tr%C3%AAn-1-tu%E1%BB%95i-(24-h%E1%BB%99p-x-180ml)-i.915815268.27076793690?extraParams=%7B%22display_model_id%22%3A257731142113%2C%22model_selection_logic%22%3A3%7D
[GIFT] Lốc 6 hộp Varna Life thực phẩm bổ sung sữa hạt công thức pha sẵn (6 hộp giấy x 200ml),245.000₫,4.8 Đánh giá shop,,https://shopee.vn/-GIFT-L%E1%BB%91c-6-h%E1%BB%99p-Varna-Life-th%E1%BB%B1c-ph%E1%BA%A9m-b%E1%BB%95-sung-s%E1%BB%AFa-h%E1%BA%A1t-c%C3%B4ng-th%E1%BB%A9c-pha-s%E1%BA%B5n-(6-h%E1%BB%99p-gi%E1%BA%A5y-x-200ml)-i.915815268.56209274121?extraParams=%7B%22display_model_id%22%3A330821103835%2C%22model_selection_logic%22%3A3%7D
"Thùng SBPS Nutifood GrowPLUS+ ít đường Suy Dinh Dưỡng - Tăng Cân, Tăng Chiều Cao (48 Hộp x 180ml) (Bao bì tùy lô hàng)",705.600₫,4.9,20k+ đã bán,https://shopee.vn/Th%C3%B9ng-SBPS-Nutifood-GrowPLUS-%C3%ADt-%C4%91%C6%B0%E1%BB%9Dng-Suy-Dinh-D%C6%B0%E1%BB%A1ng-T%C4%83ng-C%C3%A2n-T%C4%83ng-Chi%E1%BB%81u-Cao-(48-H%E1%BB%99p-x-180ml)-(Bao-b%C3%AC-t%C3%B9y-l%C3%B4-h%C3%A0ng)-i.915815268.18870440705?extraParams=%7B%22display_model_id%22%3A183672527136%2C%22model_selection_logic%22%3A3%7D
[Livestream KOL] Thùng 24 hộp Sữa bột pha sẵn GrowPLUS+ A2 beta-casein Hộp 180ml,598.080₫,4.9,650 đã bán,https://shopee.vn/-Livestream-KOL-Th%C3%B9ng-24-h%E1%BB%99p-S%E1%BB%AFa-b%E1%BB%99t-pha-s%E1%BA%B5n-GrowPLUS-A2-beta-casein-H%E1%BB%99p-180ml-i.915815268.49551642007?extraParams=%7B%22display_model_id%22%3A307168393813%2C%22model_selection_logic%22%3A3%7D
[SHIP HCM & HN] Combo 3 lốc GrowPLUS+ Váng sữa công thức Cao lớn vượt trội Vani & Socola (55g x 12 hộp),225.150₫,4.8,658 đã bán,https://shopee.vn/-SHIP-HCM-HN-Combo-3-l%E1%BB%91c-GrowPLUS-V%C3%A1ng-s%E1%BB%AFa-c%C3%B4ng-th%E1%BB%A9c-Cao-l%E1%BB%9Bn-v%C6%B0%E1%BB%A3t-tr%E1%BB%99i-Vani-Socola-(55g-x-12-h%E1%BB%99p)-i.915815268.26132556642?extraParams=%7B%22display_model_id%22%3A234078934573%2C%22model_selection_logic%22%3A3%7D
Combo 4 sữa bột pha sẵn GrowPLUS+ A2 beta-casein Hộp 110ml,1.509.440₫,4.6,99 đã bán,https://shopee.vn/Combo-4-s%E1%BB%AFa-b%E1%BB%99t-pha-s%E1%BA%B5n-GrowPLUS-A2-beta-casein-H%E1%BB%99p-110ml-i.915815268.26494807383?extraParams=%7B%22display_model_id%22%3A238285262068%2C%22model_selection_logic%22%3A3%7D
[Livestream KOL] Combo 4 x Thùng 24 hộp sữa bột pha sẵn GrowPLUS+ A2 beta-casein Hộp 110ml,1.509.440₫,4.7,278 đã bán,https://shopee.vn/-Livestream-KOL-Combo-4-x-Th%C3%B9ng-24-h%E1%BB%99p-s%E1%BB%AFa-b%E1%BB%99t-pha-s%E1%BA%B5n-GrowPLUS-A2-beta-casein-H%E1%BB%99p-110ml-i.915815268.48401671099?extraParams=%7B%22display_model_id%22%3A277168451661%2C%22model_selection_logic%22%3A3%7D
[Livestream Hannah Olala] Combo 2 Thùng 24 SBPS Nutifood GrowPLUS+ Suy Dinh Dưỡng Ít đường 180ml (Bao bì tùy lô hàng),987.840₫,4.8,1k+ đã bán,https://shopee.vn/-Livestream-Hannah-Olala-Combo-2-Th%C3%B9ng-24-SBPS-Nutifood-GrowPLUS-Suy-Dinh-D%C6%B0%E1%BB%A1ng-%C3%8Dt-%C4%91%C6%B0%E1%BB%9Dng-180ml-(Bao-b%C3%AC-t%C3%B9y-l%C3%B4-h%C3%A0ng)-i.915815268.40358449493?extraParams=%7B%22display_model_id%22%3A295712663358%2C%22model_selection_logic%22%3A3%7D
Thùng 24 hộp Sữa bột pha sẵn Nutifood Sweden GrowPLUS+ Colostrum Lactoferrin 110ml,389.060₫,4.9,4k+ đã bán,https://shopee.vn/Th%C3%B9ng-24-h%E1%BB%99p-S%E1%BB%AFa-b%E1%BB%99t-pha-s%E1%BA%B5n-Nutifood-Sweden-GrowPLUS-Colostrum-Lactoferrin-110ml-i.915815268.28435397549?extraParams=%7B%22display_model_id%22%3A224187857285%2C%22model_selection_logic%22%3A3%7D
"Combo 4 Thùng 24 hộp Sữa bột pha sẵn Nutifood Sweden GrowPLUS+ Tiêu Hóa (Xanh Nhạt) 1+ - Tiêu hóa khỏe, tăng cân 110ml",907.680₫,4.8,1k+ đã bán,https://shopee.vn/Combo-4-Th%C3%B9ng-24-h%E1%BB%99p-S%E1%BB%AFa-b%E1%BB%99t-pha-s%E1%BA%B5n-Nutifood-Sweden-GrowPLUS-Ti%C3%AAu-H%C3%B3a-(Xanh-Nh%E1%BA%A1t)-1-Ti%C3%AAu-h%C3%B3a-kh%E1%BB%8Fe-t%C4%83ng-c%C3%A2n-110ml-i.915815268.42351381977?extraParams=%7B%22display_model_id%22%3A270111687804%2C%22model_selection_logic%22%3A3%7D
Sữa bột Nutifood GrowPLUS+ Suy Dinh Dưỡng (Đỏ) - Tăng Cân & Tăng Chiều Cao (Lon 850g) 1+,449.280₫,4.9,8k+ đã bán,https://shopee.vn/S%E1%BB%AFa-b%E1%BB%99t-Nutifood-GrowPLUS-Suy-Dinh-D%C6%B0%E1%BB%A1ng-(%C4%90%E1%BB%8F)-T%C4%83ng-C%C3%A2n-T%C4%83ng-Chi%E1%BB%81u-Cao-(Lon-850g)-1--i.915815268.18170438630?extraParams=%7B%22display_model_id%22%3A230683391474%2C%22model_selection_logic%22%3A3%7D
"Thùng 24 hộp x 180ml Sữa bột pha sẵn Nutifood Sweden GrowPLUS+ Tiêu Hóa (Xanh Nhạt) 1+ - Tiêu hóa khỏe, tăng cân",328.290₫,4.9,2k+ đã bán,https://shopee.vn/Th%C3%B9ng-24-h%E1%BB%99p-x-180ml-S%E1%BB%AFa-b%E1%BB%99t-pha-s%E1%BA%B5n-Nutifood-Sweden-GrowPLUS-Ti%C3%AAu-H%C3%B3a-(Xanh-Nh%E1%BA%A1t)-1-Ti%C3%AAu-h%C3%B3a-kh%E1%BB%8Fe-t%C4%83ng-c%C3%A2n-i.915815268.42301372464?extraParams=%7B%22display_model_id%22%3A275111546785%2C%22model_selection_logic%22%3A3%7D
Thùng 24 hộp SBPS Nuvi Grow Height vị chuối 1+ hỗ trợ phát triển chiều cao hộp 180ml,403.760₫,4.8,336 đã bán,https://shopee.vn/Th%C3%B9ng-24-h%E1%BB%99p-SBPS-Nuvi-Grow-Height-v%E1%BB%8B-chu%E1%BB%91i-1-h%E1%BB%97-tr%E1%BB%A3-ph%C3%A1t-tri%E1%BB%83n-chi%E1%BB%81u-cao-h%E1%BB%99p-180ml-i.915815268.41268514194?extraParams=%7B%22display_model_id%22%3A435736817401%2C%22model_selection_logic%22%3A3%7D
Combo 2 Thùng 24 hộp SBPS Nuvi Grow Height 1+ hỗ trợ phát triển chiều cao hộp 110ml,627.200₫,4.8,2k+ đã bán,https://shopee.vn/Combo-2-Th%C3%B9ng-24-h%E1%BB%99p-SBPS-Nuvi-Grow-Height-1-h%E1%BB%97-tr%E1%BB%A3-ph%C3%A1t-tri%E1%BB%83n-chi%E1%BB%81u-cao-h%E1%BB%99p-110ml-i.915815268.41268514299?extraParams=%7B%22display_model_id%22%3A355736800626%2C%22model_selection_logic%22%3A3%7D
[Livestream Lucie] Combo 2 Thùng 24 hộp Sữa bột pha sẵn Nutifood Sweden GrowPLUS+ Colostrum Lactoferrin 110ml,1.089.760₫,4.9,818 đã bán,https://shopee.vn/-Livestream-Lucie-Combo-2-Th%C3%B9ng-24-h%E1%BB%99p-S%E1%BB%AFa-b%E1%BB%99t-pha-s%E1%BA%B5n-Nutifood-Sweden-GrowPLUS-Colostrum-Lactoferrin-110ml-i.915815268.40969174394?extraParams=%7B%22display_model_id%22%3A306571214599%2C%22model_selection_logic%22%3A3%7D
Sữa Bột Nutifood GrowPLUS+ Biếng Ăn (Xanh) 2+ - Tăng Cân Khỏe Mạnh (Hộp 2 Kg),601.920₫,4.9,2k+ đã bán,https://shopee.vn/S%E1%BB%AFa-B%E1%BB%99t-Nutifood-GrowPLUS-Bi%E1%BA%BFng-%C4%82n-(Xanh)-2-T%C4%83ng-C%C3%A2n-Kh%E1%BB%8Fe-M%E1%BA%A1nh-(H%E1%BB%99p-2-Kg)-i.915815268.28457758575?extraParams=%7B%22display_model_id%22%3A251370281086%2C%22model_selection_logic%22%3A3%7D
Combo 2 Thùng 24 hộp Sữa bột pha sẵn Nutifood Sweden GrowPLUS+ Vị Dâu 180ml & Vị Chuối 180ml,888.960₫,4.8,1k+ đã bán,https://shopee.vn/Combo-2-Th%C3%B9ng-24-h%E1%BB%99p-S%E1%BB%AFa-b%E1%BB%99t-pha-s%E1%BA%B5n-Nutifood-Sweden-GrowPLUS-V%E1%BB%8B-D%C3%A2u-180ml-V%E1%BB%8B-Chu%E1%BB%91i-180ml-i.915815268.25091700197?extraParams=%7B%22display_model_id%22%3A99111454804%2C%22model_selection_logic%22%3A3%7D
Combo 2 thùng 24 hộp Sữa bột pha sẵn GrowPLUS+ 110ml: Cao Lớn Vượt Trội + Colostrum Lactoferrin,724.220₫,4.8,526 đã bán,https://shopee.vn/Combo-2-th%C3%B9ng-24-h%E1%BB%99p-S%E1%BB%AFa-b%E1%BB%99t-pha-s%E1%BA%B5n-GrowPLUS-110ml-Cao-L%E1%BB%9Bn-V%C6%B0%E1%BB%A3t-Tr%E1%BB%99i-Colostrum-Lactoferrin-i.915815268.46052954080?extraParams=%7B%22display_model_id%22%3A445283258498%2C%22model_selection_logic%22%3A3%7D
"Combo 3 Sữa bột Nutifood GrowPLUS+ Suy Dinh Dưỡng (Đỏ) 1+ - Tăng Cân, Tăng Chiều Cao ( 3 Lon 1,65 Kg)",1.929.840₫,4.8,844 đã bán,https://shopee.vn/Combo-3-S%E1%BB%AFa-b%E1%BB%99t-Nutifood-GrowPLUS-Suy-Dinh-D%C6%B0%E1%BB%A1ng-(%C4%90%E1%BB%8F)-1-T%C4%83ng-C%C3%A2n-T%C4%83ng-Chi%E1%BB%81u-Cao-(-3-Lon-1-65-Kg)-i.915815268.27307765032?extraParams=%7B%22display_model_id%22%3A195306493205%2C%22model_selection_logic%22%3A3%7D
Combo 2 Thùng 24 hộp Sữa bột pha sẵn Nutifood Sweden GrowPLUS+ Vị Chuối Sữa hộp 110ml Trên 1 tuổi,579.500₫,4.8,1k+ đã bán,https://shopee.vn/Combo-2-Th%C3%B9ng-24-h%E1%BB%99p-S%E1%BB%AFa-b%E1%BB%99t-pha-s%E1%BA%B5n-Nutifood-Sweden-GrowPLUS-V%E1%BB%8B-Chu%E1%BB%91i-S%E1%BB%AFa-h%E1%BB%99p-110ml-Tr%C3%AAn-1-tu%E1%BB%95i-i.915815268.28329166775?extraParams=%7B%22display_model_id%22%3A99775643428%2C%22model_selection_logic%22%3A3%7D
Sữa bột Nutifood Sweden GrowPLUS+ Colostrum Lactoferrin 2+ 800g,715.400₫,4.6,1k+ đã bán,https://shopee.vn/S%E1%BB%AFa-b%E1%BB%99t-Nutifood-Sweden-GrowPLUS-Colostrum-Lactoferrin-2-800g-i.915815268.25594747807?extraParams=%7B%22display_model_id%22%3A109489420844%2C%22model_selection_logic%22%3A3%7D
[SHIP HCM & HN] Thùng 12 lốc GrowPLUS+ Váng sữa công thức Sữa non Immunel Hỗ trợ tăng đề kháng (55g x 48 hộp),899.020₫,4.8,217 đã bán,https://shopee.vn/-SHIP-HCM-HN-Th%C3%B9ng-12-l%E1%BB%91c-GrowPLUS-V%C3%A1ng-s%E1%BB%AFa-c%C3%B4ng-th%E1%BB%A9c-S%E1%BB%AFa-non-Immunel-H%E1%BB%97-tr%E1%BB%A3-t%C4%83ng-%C4%91%E1%BB%81-kh%C3%A1ng-(55g-x-48-h%C3%B4%CC%A3p)-i.915815268.28782524038?extraParams=%7B%22display_model_id%22%3A205966067112%2C%22model_selection_logic%22%3A3%7D
[Livestream Lucie] Combo 2 Thùng 24 Hộp Sữa Bột Pha Sẵn Nutifood Sweden GrowPLUS+ Cao lớn vượt trội hộp 180 ml,1.317.680₫,4.8,1k+ đã bán,https://shopee.vn/-Livestream-Lucie-Combo-2-Th%C3%B9ng-24-H%E1%BB%99p-S%E1%BB%AFa-B%E1%BB%99t-Pha-S%E1%BA%B5n-Nutifood-Sweden-GrowPLUS-Cao-l%E1%BB%9Bn-v%C6%B0%E1%BB%A3t-tr%E1%BB%99i-h%E1%BB%99p-180-ml-i.915815268.42619173321?extraParams=%7B%22display_model_id%22%3A286571230204%2C%22model_selection_logic%22%3A3%7D
"Combo 2 Thùng SBPS Nutifood GrowPLUS+ ít đường Suy Dinh Dưỡng - Tăng Cân, Tăng Chiều Cao (48 Hộp x 180ml)",1.411.200₫,4.6,130 đã bán,https://shopee.vn/Combo-2-Th%C3%B9ng-SBPS-Nutifood-GrowPLUS-%C3%ADt-%C4%91%C6%B0%E1%BB%9Dng-Suy-Dinh-D%C6%B0%E1%BB%A1ng-T%C4%83ng-C%C3%A2n-T%C4%83ng-Chi%E1%BB%81u-Cao-(48-H%E1%BB%99p-x-180ml)-i.915815268.27143917303?extraParams=%7B%22display_model_id%22%3A272298426657%2C%22model_selection_logic%22%3A3%7D
Combo 2 Sữa Bột Nutifood Sweden GrowPLUS+ Sữa Non Immunel lon 800 g (Bao bì tuỳ lô hàng),1.235.780₫,4.6,4k+ đã bán,https://shopee.vn/Combo-2-S%E1%BB%AFa-B%E1%BB%99t-Nutifood-Sweden-GrowPLUS-S%E1%BB%AFa-Non-Immunel-lon-800-g-(Bao-b%C3%AC-tu%E1%BB%B3-l%C3%B4-h%C3%A0ng)-i.915815268.22962662808?extraParams=%7B%22display_model_id%22%3A222367650267%2C%22model_selection_logic%22%3A3%7D
Combo 2 Thùng 48 hộp Sữa Bột Pha Sẵn Nutifood GrowPLUS+ Biếng Ăn (Xanh) 110ml - Trên 2 tuổi - Tăng Cân Khỏe Mạnh,825.600₫,4.8,1k+ đã bán,https://shopee.vn/Combo-2-Th%C3%B9ng-48-h%E1%BB%99p-S%E1%BB%AFa-B%E1%BB%99t-Pha-S%E1%BA%B5n-Nutifood-GrowPLUS-Bi%E1%BA%BFng-%C4%82n-(Xanh)-110ml-Tr%C3%AAn-2-tu%E1%BB%95i-T%C4%83ng-C%C3%A2n-Kh%E1%BB%8Fe-M%E1%BA%A1nh-i.915815268.26336571243?extraParams=%7B%22display_model_id%22%3A260067253597%2C%22model_selection_logic%22%3A3%7D
[Livestream KOL] Sữa Bột Nutifood Sweden GrowPLUS+ Cao lớn vượt trội từ 1 - 2 tuổi (Bạc) 800g,791.700₫,4.7,1k+ đã bán,https://shopee.vn/-Livestream-KOL-S%E1%BB%AFa-B%E1%BB%99t-Nutifood-Sweden-GrowPLUS-Cao-l%E1%BB%9Bn-v%C6%B0%E1%BB%A3t-tr%E1%BB%99i-t%E1%BB%AB-1-2-tu%E1%BB%95i-(B%E1%BA%A1c)-800g-i.915815268.40458449478?extraParams=%7B%22display_model_id%22%3A248625309956%2C%22model_selection_logic%22%3A3%7D
"Sữa bột pha sẵn Nutifood Sweden GrowPLUS+ Tiêu Hóa (Xanh Nhạt) 2+ - Tiêu hóa khỏe, tăng cân (48 hộp x 180ml)",655.650₫,4.7,3k+ đã bán,https://shopee.vn/S%E1%BB%AFa-b%E1%BB%99t-pha-s%E1%BA%B5n-Nutifood-Sweden-GrowPLUS-Ti%C3%AAu-H%C3%B3a-(Xanh-Nh%E1%BA%A1t)-2-Ti%C3%AAu-h%C3%B3a-kh%E1%BB%8Fe-t%C4%83ng-c%C3%A2n-(48-h%E1%BB%99p-x-180ml)-i.915815268.28962250239?extraParams=%7B%22display_model_id%22%3A251659723968%2C%22model_selection_logic%22%3A3%7D
"Sữa bột Nutifood Sweden GrowPLUS+ Tiêu Hóa (Xanh Nhạt) 2+ - Tiêu hóa khỏe, tăng cân (Lon 800g)",482.670₫,4.8,2k+ đã bán,https://shopee.vn/S%E1%BB%AFa-b%E1%BB%99t-Nutifood-Sweden-GrowPLUS-Ti%C3%AAu-H%C3%B3a-(Xanh-Nh%E1%BA%A1t)-2-Ti%C3%AAu-h%C3%B3a-kh%E1%BB%8Fe-t%C4%83ng-c%C3%A2n-(Lon-800g)-i.915815268.26162250277?extraParams=%7B%22display_model_id%22%3A187832094629%2C%22model_selection_logic%22%3A3%7D
[Gift] Nồi điện đa năng GR-N15A hiệu Gaabor,588.000₫,4.8,3k+ đã bán,https://shopee.vn/-Gift-N%E1%BB%93i-%C4%91i%E1%BB%87n-%C4%91a-n%C4%83ng-GR-N15A-hi%E1%BB%87u-Gaabor-i.915815268.29231160947?extraParams=%7B%22display_model_id%22%3A218359738373%2C%22model_selection_logic%22%3A3%7D
Combo 3 Sữa Bột Nutifood GrowPLUS+ Biếng Ăn (Xanh) 2+ - Tăng Cân Khỏe Mạnh (3 Hộp 2 Kg),1.805.760₫,4.8,759 đã bán,https://shopee.vn/Combo-3-S%E1%BB%AFa-B%E1%BB%99t-Nutifood-GrowPLUS-Bi%E1%BA%BFng-%C4%82n-(Xanh)-2-T%C4%83ng-C%C3%A2n-Kh%E1%BB%8Fe-M%E1%BA%A1nh-(3-H%E1%BB%99p-2-Kg)-i.915815268.28157759230?extraParams=%7B%22display_model_id%22%3A29821536575%2C%22model_selection_logic%22%3A3%7D
[SHIP HCM & HN] Combo 3 lốc GrowPLUS+ Váng sữa công thức Sữa non Immunel Hỗ trợ tăng đề kháng (55g x 12 hộp),225.150₫,4.9,2k+ đã bán,https://shopee.vn/-SHIP-HCM-HN-Combo-3-l%E1%BB%91c-GrowPLUS-V%C3%A1ng-s%E1%BB%AFa-c%C3%B4ng-th%E1%BB%A9c-S%E1%BB%AFa-non-Immunel-H%E1%BB%97-tr%E1%BB%A3-t%C4%83ng-%C4%91%E1%BB%81-kh%C3%A1ng-(55g-x-12-h%E1%BB%99p)-i.915815268.29532548467?extraParams=%7B%22display_model_id%22%3A253114287834%2C%22model_selection_logic%22%3A3%7D
Combo 2 Thùng 24 hộp SBPS Nuvi Grow Height vị chuối 1+ hỗ trợ phát triển chiều cao hộp 110ml,556.640₫,4.9,211 đã bán,https://shopee.vn/Combo-2-Th%C3%B9ng-24-h%E1%BB%99p-SBPS-Nuvi-Grow-Height-v%E1%BB%8B-chu%E1%BB%91i-1-h%E1%BB%97-tr%E1%BB%A3-ph%C3%A1t-tri%E1%BB%83n-chi%E1%BB%81u-cao-h%E1%BB%99p-110ml-i.915815268.41268514241?extraParams=%7B%22display_model_id%22%3A330736800252%2C%22model_selection_logic%22%3A3%7D
Thùng 24 hộp Sữa Bột Pha Sẵn Nutifood Sweden GrowPLUS+ Cao lớn vượt trội hộp 180 ml,470.470₫,4.8,3k+ đã bán,https://shopee.vn/Th%C3%B9ng-24-h%E1%BB%99p-S%E1%BB%AFa-B%E1%BB%99t-Pha-S%E1%BA%B5n-Nutifood-Sweden-GrowPLUS-Cao-l%E1%BB%9Bn-v%C6%B0%E1%BB%A3t-tr%E1%BB%99i-h%E1%BB%99p-180-ml-i.915815268.26254875844?extraParams=%7B%22display_model_id%22%3A137979815148%2C%22model_selection_logic%22%3A3%7D
Thùng 48 hộp Sữa Bột Pha Sẵn Nutifood GrowPLUS+ Biếng Ăn (Xanh) 110ml - Trên 2 tuổi - Tăng Cân Khỏe Mạnh,412.800₫,4.9,10k+ đã bán,https://shopee.vn/Th%C3%B9ng-48-h%E1%BB%99p-S%E1%BB%AFa-B%E1%BB%99t-Pha-S%E1%BA%B5n-Nutifood-GrowPLUS-Bi%E1%BA%BFng-%C4%82n-(Xanh)-110ml-Tr%C3%AAn-2-tu%E1%BB%95i-T%C4%83ng-C%C3%A2n-Kh%E1%BB%8Fe-M%E1%BA%A1nh-i.915815268.26107749843?extraParams=%7B%22display_model_id%22%3A233095780386%2C%22model_selection_logic%22%3A3%7D
[SHIP HCM & HN] Combo mix 3 lốc GrowPLUS+ Váng sữa Sữa non Immunel Hỗ trợ tăng đề kháng& Cao lớn vượt trội (55g x12 hộp),225.150₫,4.8,10k+ đã bán,https://shopee.vn/-SHIP-HCM-HN-Combo-mix-3-l%E1%BB%91c-GrowPLUS-V%C3%A1ng-s%E1%BB%AFa-S%E1%BB%AFa-non-Immunel-H%E1%BB%97-tr%E1%BB%A3-t%C4%83ng-%C4%91%E1%BB%81-kh%C3%A1ng-Cao-l%E1%BB%9Bn-v%C6%B0%E1%BB%A3t-tr%E1%BB%99i-(55g-x12-h%E1%BB%99p)-i.915815268.26432553079?extraParams=%7B%22display_model_id%22%3A258136424308%2C%22model_selection_logic%22%3A3%7D
[SHIP HCM & HN] Combo 6 lốc GrowPLUS+ Váng sữa công thức Sữa non Immunel Hỗ trợ tăng đề kháng (55g x 24 hộp),449.510₫,4.7,1k+ đã bán,https://shopee.vn/-SHIP-HCM-HN-Combo-6-l%E1%BB%91c-GrowPLUS-V%C3%A1ng-s%E1%BB%AFa-c%C3%B4ng-th%E1%BB%A9c-S%E1%BB%AFa-non-Immunel-H%E1%BB%97-tr%E1%BB%A3-t%C4%83ng-%C4%91%E1%BB%81-kh%C3%A1ng-(55g-x-24-h%E1%BB%99p)-i.915815268.29432548552?extraParams=%7B%22display_model_id%22%3A177102088524%2C%22model_selection_logic%22%3A3%7D
Combo 4 Thùng 24 hộp Sữa bột pha sẵn Nutifood Sweden GrowPLUS+ Colostrum Lactoferrin 110ml,1.556.240₫,4.7,1k+ đã bán,https://shopee.vn/Combo-4-Th%C3%B9ng-24-h%E1%BB%99p-S%E1%BB%AFa-b%E1%BB%99t-pha-s%E1%BA%B5n-Nutifood-Sweden-GrowPLUS-Colostrum-Lactoferrin-110ml-i.915815268.43700017662?extraParams=%7B%22display_model_id%22%3A295001031936%2C%22model_selection_logic%22%3A3%7D
Thùng 24 hộp Sữa bột pha sẵn Nutifood Sweden GrowPLUS+ Vị Chuối Sữa hộp 180ml - Trên 1 tuổi (24 x 180ml),444.480₫,4.9,1k+ đã bán,https://shopee.vn/Th%C3%B9ng-24-h%E1%BB%99p-S%E1%BB%AFa-b%E1%BB%99t-pha-s%E1%BA%B5n-Nutifood-Sweden-GrowPLUS-V%E1%BB%8B-Chu%E1%BB%91i-S%E1%BB%AFa-h%E1%BB%99p-180ml-Tr%C3%AAn-1-tu%E1%BB%95i-(24-x-180ml)-i.915815268.28729320554?extraParams=%7B%22display_model_id%22%3A215871661640%2C%22model_selection_logic%22%3A3%7D
Combo 2 Thùng 24 hộp SBPS GrowPLUS+ Cao lớn vượt trội 110ml + 2 Thùng 24 hộp SBPS GrowPLUS+ Sữa Non Immunel 110ml,1.364.160₫,4.7,380 đã bán,https://shopee.vn/Combo-2-Th%C3%B9ng-24-h%E1%BB%99p-SBPS-GrowPLUS-Cao-l%E1%BB%9Bn-v%C6%B0%E1%BB%A3t-tr%E1%BB%99i-110ml-2-Th%C3%B9ng-24-h%E1%BB%99p-SBPS-GrowPLUS-S%E1%BB%AFa-Non-Immunel-110ml-i.915815268.55202937935?extraParams=%7B%22display_model_id%22%3A320283316167%2C%22model_selection_logic%22%3A3%7D
Combo 2 Sữa bột Nutifood Sweden GrowPLUS+ Colostrum Lactoferrin 1+ 800g,1.430.800₫,4.7,1k+ đã bán,https://shopee.vn/Combo-2-S%E1%BB%AFa-b%E1%BB%99t-Nutifood-Sweden-GrowPLUS-Colostrum-Lactoferrin-1-800g-i.915815268.43700017597?extraParams=%7B%22display_model_id%22%3A265001655996%2C%22model_selection_logic%22%3A3%7D
Thùng 24 hộp SBPS Nuvi Grow Height vị chuối 1+ hỗ trợ phát triển chiều cao hộp 110ml,278.320₫,4.8,589 đã bán,https://shopee.vn/Th%C3%B9ng-24-h%E1%BB%99p-SBPS-Nuvi-Grow-Height-v%E1%BB%8B-chu%E1%BB%91i-1-h%E1%BB%97-tr%E1%BB%A3-ph%C3%A1t-tri%E1%BB%83n-chi%E1%BB%81u-cao-h%E1%BB%99p-110ml-i.915815268.41918509293?extraParams=%7B%22display_model_id%22%3A440736736906%2C%22model_selection_logic%22%3A3%7D
"Sữa bột Nutifood GrowPLUS+ Suy Dinh Dưỡng (Đỏ) 2+ Tăng Cân, Tăng Chiều Cao (Lon 1,65 Kg)",643.280₫,4.9,10k+ đã bán,https://shopee.vn/S%E1%BB%AFa-b%E1%BB%99t-Nutifood-GrowPLUS-Suy-Dinh-D%C6%B0%E1%BB%A1ng-(%C4%90%E1%BB%8F)-2-T%C4%83ng-C%C3%A2n-T%C4%83ng-Chi%E1%BB%81u-Cao-(Lon-1-65-Kg)-i.915815268.23916145314?extraParams=%7B%22display_model_id%22%3A220683427525%2C%22model_selection_logic%22%3A3%7D
Combo 5 Sữa Bột Nutifood Sweden GrowPLUS+ Cao lớn vượt trội trên 2 tuổi (Bạc) 800g,2.825.550₫,4.8,838 đã bán,https://shopee.vn/Combo-5-S%E1%BB%AFa-B%E1%BB%99t-Nutifood-Sweden-GrowPLUS-Cao-l%E1%BB%9Bn-v%C6%B0%E1%BB%A3t-tr%E1%BB%99i-tr%C3%AAn-2-tu%E1%BB%95i-(B%E1%BA%A1c)-800g-i.915815268.25007829989?extraParams=%7B%22display_model_id%22%3A375491676969%2C%22model_selection_logic%22%3A3%7D
Sữa Bột Nutifood GrowPLUS+ Biếng Ăn (Xanh) 1+ - Tăng Cân Khỏe Mạnh (Hộp 2 Kg),601.920₫,4.9,2k+ đã bán,https://shopee.vn/S%E1%BB%AFa-B%E1%BB%99t-Nutifood-GrowPLUS-Bi%E1%BA%BFng-%C4%82n-(Xanh)-1-T%C4%83ng-C%C3%A2n-Kh%E1%BB%8Fe-M%E1%BA%A1nh-(H%E1%BB%99p-2-Kg)-i.915815268.29157758738?extraParams=%7B%22display_model_id%22%3A148743782779%2C%22model_selection_logic%22%3A3%7D
"Sữa bột Nutifood GrowPLUS+ Suy Dinh Dưỡng (Đỏ) 1+ - Tăng Cân, Tăng Chiều Cao (Lon 850G)",449.280₫,4.8,248 đã bán,https://shopee.vn/S%E1%BB%AFa-b%E1%BB%99t-Nutifood-GrowPLUS-Suy-Dinh-D%C6%B0%E1%BB%A1ng-(%C4%90%E1%BB%8F)-1-T%C4%83ng-C%C3%A2n-T%C4%83ng-Chi%E1%BB%81u-Cao-(Lon-850G)-i.915815268.40569191616?extraParams=%7B%22display_model_id%22%3A306572238764%2C%22model_selection_logic%22%3A3%7D
Sữa Bột Nutifood Sweden GrowPLUS+ Sữa Non Immunel trên 2 tuổi lon 800 g (Bao bì tuỳ lô hàng),617.890₫,4.8,2k+ đã bán,https://shopee.vn/S%E1%BB%AFa-B%E1%BB%99t-Nutifood-Sweden-GrowPLUS-S%E1%BB%AFa-Non-Immunel-tr%C3%AAn-2-tu%E1%BB%95i-lon-800-g-(Bao-b%C3%AC-tu%E1%BB%B3-l%C3%B4-h%C3%A0ng)-i.915815268.24652648024?extraParams=%7B%22display_model_id%22%3A222367760127%2C%22model_selection_logic%22%3A3%7D
"Sữa bột pha sẵn Nutifood Sweden GrowPLUS+ Tiêu Hóa (Xanh Nhạt) 1+ - Tiêu hóa khỏe, tăng cân (48 hộp x 180ml)",655.650₫,4.9,2k+ đã bán,https://shopee.vn/S%E1%BB%AFa-b%E1%BB%99t-pha-s%E1%BA%B5n-Nutifood-Sweden-GrowPLUS-Ti%C3%AAu-H%C3%B3a-(Xanh-Nh%E1%BA%A1t)-1-Ti%C3%AAu-h%C3%B3a-kh%E1%BB%8Fe-t%C4%83ng-c%C3%A2n-(48-h%E1%BB%99p-x-180ml)-i.915815268.26112242796?extraParams=%7B%22display_model_id%22%3A49467595801%2C%22model_selection_logic%22%3A3%7D
Sữa Bột Nutifood GrowPLUS+ Biếng Ăn (Xanh) 2+ - Tăng Cân Khỏe Mạnh (Lon 900g),315.840₫,4.9,355 đã bán,https://shopee.vn/S%E1%BB%AFa-B%E1%BB%99t-Nutifood-GrowPLUS-Bi%E1%BA%BFng-%C4%82n-(Xanh)-2-T%C4%83ng-C%C3%A2n-Kh%E1%BB%8Fe-M%E1%BA%A1nh-(Lon-900g)-i.915815268.27962116216?extraParams=%7B%22display_model_id%22%3A168434005355%2C%22model_selection_logic%22%3A3%7D
[Livestream KOL] Combo 2 x Thùng 24 hộp sữa bột pha sẵn GrowPLUS+ A2 beta-casein Hộp 180ml,1.196.160₫,4.2,191 đã bán,https://shopee.vn/-Livestream-KOL-Combo-2-x-Th%C3%B9ng-24-h%E1%BB%99p-s%E1%BB%AFa-b%E1%BB%99t-pha-s%E1%BA%B5n-GrowPLUS-A2-beta-casein-H%E1%BB%99p-180ml-i.915815268.55401622054?extraParams=%7B%22display_model_id%22%3A370148076076%2C%22model_selection_logic%22%3A3%7D
Sữa Bột Nutifood Sweden GrowPLUS+ Sữa Non Immunel từ lon 800 g (Bao bì tuỳ lô hàng),617.890₫,4.8,8k+ đã bán,https://shopee.vn/S%E1%BB%AFa-B%E1%BB%99t-Nutifood-Sweden-GrowPLUS-S%E1%BB%AFa-Non-Immunel-t%E1%BB%AB-lon-800-g-(Bao-b%C3%AC-tu%E1%BB%B3-l%C3%B4-h%C3%A0ng)-i.915815268.21486731423?extraParams=%7B%22display_model_id%22%3A49382123271%2C%22model_selection_logic%22%3A3%7D
Combo 2 Thùng 24 hộp SBPS Nuvi Grow Height vị chuối 1+ hỗ trợ phát triển chiều cao hộp 180ml,807.520₫,4.9,222 đã bán,https://shopee.vn/Combo-2-Th%C3%B9ng-24-h%E1%BB%99p-SBPS-Nuvi-Grow-Height-v%E1%BB%8B-chu%E1%BB%91i-1-h%E1%BB%97-tr%E1%BB%A3-ph%C3%A1t-tri%E1%BB%83n-chi%E1%BB%81u-cao-h%E1%BB%99p-180ml-i.915815268.42568520037?extraParams=%7B%22display_model_id%22%3A315737397960%2C%22model_selection_logic%22%3A3%7D
"[LIVESTREAM KOL] Sữa bột Nutifood GrowPLUS+ Suy Dinh Dưỡng (Đỏ) 2+ - Tăng Cân, Tăng Chiều Cao (Lon 1,65 Kg)",901.280₫,4.9,2k+ đã bán,https://shopee.vn/-LIVESTREAM-KOL-S%E1%BB%AFa-b%E1%BB%99t-Nutifood-GrowPLUS-Suy-Dinh-D%C6%B0%E1%BB%A1ng-(%C4%90%E1%BB%8F)-2-T%C4%83ng-C%C3%A2n-T%C4%83ng-Chi%E1%BB%81u-Cao-(Lon-1-65-Kg)-i.915815268.27332520320?extraParams=%7B%22display_model_id%22%3A167095332387%2C%22model_selection_logic%22%3A3%7D
Combo 2 Thùng 48 hộp Sữa Bột Pha Sẵn Nutifood GrowPLUS+ Biếng Ăn (Xanh) 180ml -Trên 2 tuổi - Tăng Cân Khỏe Mạnh,1.203.840₫,4.8,1k+ đã bán,https://shopee.vn/Combo-2-Th%C3%B9ng-48-h%E1%BB%99p-S%E1%BB%AFa-B%E1%BB%99t-Pha-S%E1%BA%B5n-Nutifood-GrowPLUS-Bi%E1%BA%BFng-%C4%82n-(Xanh)-180ml-Tr%C3%AAn-2-tu%E1%BB%95i-T%C4%83ng-C%C3%A2n-Kh%E1%BB%8Fe-M%E1%BA%A1nh-i.915815268.44350846847?extraParams=%7B%22display_model_id%22%3A295066630311%2C%22model_selection_logic%22%3A3%7D
[GIFT] Thùng 24 hộp SBPS Nuvi Grow vị chuối 1+ hỗ trợ phát triển chiều cao hộp 110ml,499.800₫,4.4,49 đã bán,https://shopee.vn/-GIFT-Th%C3%B9ng-24-h%E1%BB%99p-SBPS-Nuvi-Grow-v%E1%BB%8B-chu%E1%BB%91i-1-h%E1%BB%97-tr%E1%BB%A3-ph%C3%A1t-tri%E1%BB%83n-chi%E1%BB%81u-cao-h%E1%BB%99p-110ml-i.915815268.56208865832?extraParams=%7B%22display_model_id%22%3A272538770270%2C%22model_selection_logic%22%3A3%7D
[Livestream Hannah Olala] Sữa Bột Nutifood Sweden GrowPLUS+ Cao lớn vượt trội trên 2 tuổi (Bạc) 800g,791.700₫,5.0,52 đã bán,https://shopee.vn/-Livestream-Hannah-Olala-S%E1%BB%AFa-B%E1%BB%99t-Nutifood-Sweden-GrowPLUS-Cao-l%E1%BB%9Bn-v%C6%B0%E1%BB%A3t-tr%E1%BB%99i-tr%C3%AAn-2-tu%E1%BB%95i-(B%E1%BA%A1c)-800g-i.915815268.41808971880?extraParams=%7B%22display_model_id%22%3A285751575600%2C%22model_selection_logic%22%3A3%7D
Combo 4 Thùng 24 hộp Sữa bột pha sẵn Nutifood GrowPLUS+ Vị Dâu Sữa hộp 110ml - Trên 1 tuổi,1.159.000₫,4.8,1k+ đã bán,https://shopee.vn/Combo-4-Th%C3%B9ng-24-h%E1%BB%99p-S%E1%BB%AFa-b%E1%BB%99t-pha-s%E1%BA%B5n-Nutifood-GrowPLUS-V%E1%BB%8B-D%C3%A2u-S%E1%BB%AFa-h%E1%BB%99p-110ml-Tr%C3%AAn-1-tu%E1%BB%95i-i.915815268.29828166442?extraParams=%7B%22display_model_id%22%3A188268330110%2C%22model_selection_logic%22%3A3%7D
Combo 2 Sữa Bột Nutifood GrowPLUS+ Biếng Ăn (Xanh) 2+ - Tăng Cân Khỏe Mạnh (2 Hộp 2 Kg),1.203.840₫,4.9,748 đã bán,https://shopee.vn/Combo-2-S%E1%BB%AFa-B%E1%BB%99t-Nutifood-GrowPLUS-Bi%E1%BA%BFng-%C4%82n-(Xanh)-2-T%C4%83ng-C%C3%A2n-Kh%E1%BB%8Fe-M%E1%BA%A1nh-(2-H%E1%BB%99p-2-Kg)-i.915815268.28007760204?extraParams=%7B%22display_model_id%22%3A176620472941%2C%22model_selection_logic%22%3A3%7D
"[SVIP] Sữa bột Nutifood GrowPLUS+ Suy Dinh Dưỡng (Đỏ) 1+ - Tăng Cân, Tăng Chiều Cao (Lon 1,65 Kg)",1.048.600₫,4.8 Đánh giá shop,,https://shopee.vn/-SVIP-S%E1%BB%AFa-b%E1%BB%99t-Nutifood-GrowPLUS-Suy-Dinh-D%C6%B0%E1%BB%A1ng-(%C4%90%E1%BB%8F)-1-T%C4%83ng-C%C3%A2n-T%C4%83ng-Chi%E1%BB%81u-Cao-(Lon-1-65-Kg)-i.915815268.57610942223?extraParams=%7B%22display_model_id%22%3A282636887403%2C%22model_selection_logic%22%3A3%7D
Combo 4 Thùng 24 hộp Sữa Bột Pha Sẵn Nutifood Sweden GrowPLUS+ Sữa Non Immunel hộp 110 ml (Bao bì tuỳ lô hàng),1.316.880₫,4.7,2k+ đã bán,https://shopee.vn/Combo-4-Th%C3%B9ng-24-h%E1%BB%99p-S%E1%BB%AFa-B%E1%BB%99t-Pha-S%E1%BA%B5n-Nutifood-Sweden-GrowPLUS-S%E1%BB%AFa-Non-Immunel-h%E1%BB%99p-110-ml-(Bao-b%C3%AC-tu%E1%BB%B3-l%C3%B4-h%C3%A0ng)-i.915815268.26431058837?extraParams=%7B%22display_model_id%22%3A177066632221%2C%22model_selection_logic%22%3A3%7D
"Combo 2 Sữa bột Nutifood GrowPLUS+ Suy Dinh Dưỡng (Đỏ) 2+ - Tăng Cân, Tăng Chiều Cao (2 Lon 1,65 Kg)",1.286.560₫,4.7,1k+ đã bán,https://shopee.vn/Combo-2-S%E1%BB%AFa-b%E1%BB%99t-Nutifood-GrowPLUS-Suy-Dinh-D%C6%B0%E1%BB%A1ng-(%C4%90%E1%BB%8F)-2-T%C4%83ng-C%C3%A2n-T%C4%83ng-Chi%E1%BB%81u-Cao-(2-Lon-1-65-Kg)-i.915815268.24134705117?extraParams=%7B%22display_model_id%22%3A215306493446%2C%22model_selection_logic%22%3A3%7D
"Thùng SBPS Nutifood GrowPLUS+ ít đường Suy Dinh Dưỡng - Tăng Cân, Tăng Chiều Cao (48 Hộpx110ml) (Bao bì tùy lô hàng)",495.880₫,4.8,561 đã bán,https://shopee.vn/Th%C3%B9ng-SBPS-Nutifood-GrowPLUS-%C3%ADt-%C4%91%C6%B0%E1%BB%9Dng-Suy-Dinh-D%C6%B0%E1%BB%A1ng-T%C4%83ng-C%C3%A2n-T%C4%83ng-Chi%E1%BB%81u-Cao-(48-H%E1%BB%99px110ml)-(Bao-b%C3%AC-t%C3%B9y-l%C3%B4-h%C3%A0ng)-i.915815268.24754843634?extraParams=%7B%22display_model_id%22%3A240126208965%2C%22model_selection_logic%22%3A3%7D
Combo 2 Sữa Bột Nutifood GrowPLUS+ Xanh (Biếng Ăn) 900g - Trên 1 Tuổi - Tăng Cân Khỏe Mạnh (2 Lon x Lon 900g),885.120₫,4.9,3k+ đã bán,https://shopee.vn/Combo-2-S%E1%BB%AFa-B%E1%BB%99t-Nutifood-GrowPLUS-Xanh-(Bi%E1%BA%BFng-%C4%82n)-900g-Tr%C3%AAn-1-Tu%E1%BB%95i-T%C4%83ng-C%C3%A2n-Kh%E1%BB%8Fe-M%E1%BA%A1nh-(2-Lon-x-Lon-900g)-i.915815268.18773278530?extraParams=%7B%22display_model_id%22%3A203851440543%2C%22model_selection_logic%22%3A3%7D
"Sữa Bột Nutifood GrowPLUS+ Biếng Ăn (Xanh) 1+ - Tăng Cân Khỏe Mạnh (Lon 1,65 Kg)",511.200₫,4.8,3k+ đã bán,https://shopee.vn/S%E1%BB%AFa-B%E1%BB%99t-Nutifood-GrowPLUS-Bi%E1%BA%BFng-%C4%82n-(Xanh)-1-T%C4%83ng-C%C3%A2n-Kh%E1%BB%8Fe-M%E1%BA%A1nh-(Lon-1-65-Kg)-i.915815268.29657758389?extraParams=%7B%22display_model_id%22%3A79450953296%2C%22model_selection_logic%22%3A3%7D
"Sữa bột pha sẵn Nutifood Sweden GrowPLUS+ Tiêu Hóa (Xanh Nhạt) 1+ - Tiêu hóa khỏe, tăng cân (48 hộp x 110ml)",453.840₫,4.9,7k+ đã bán,https://shopee.vn/S%E1%BB%AFa-b%E1%BB%99t-pha-s%E1%BA%B5n-Nutifood-Sweden-GrowPLUS-Ti%C3%AAu-H%C3%B3a-(Xanh-Nh%E1%BA%A1t)-1-Ti%C3%AAu-h%C3%B3a-kh%E1%BB%8Fe-t%C4%83ng-c%C3%A2n-(48-h%E1%BB%99p-x-110ml)-i.915815268.28112242808?extraParams=%7B%22display_model_id%22%3A166699192024%2C%22model_selection_logic%22%3A3%7D
"Combo 3 Sữa Bột Nutifood GrowPLUS+ Biếng Ăn (Xanh) 2+ - Tăng Cân Khỏe Mạnh (3 Lon 1,65 Kg)",1.533.600₫,4.7,372 đã bán,https://shopee.vn/Combo-3-S%E1%BB%AFa-B%E1%BB%99t-Nutifood-GrowPLUS-Bi%E1%BA%BFng-%C4%82n-(Xanh)-2-T%C4%83ng-C%C3%A2n-Kh%E1%BB%8Fe-M%E1%BA%A1nh-(3-Lon-1-65-Kg)-i.915815268.28207760119?extraParams=%7B%22display_model_id%22%3A226644462788%2C%22model_selection_logic%22%3A3%7D
"Combo 2 Thùng 24 hộp Sữa bột pha sẵn Nutifood Sweden GrowPLUS+ Tiêu Hóa (Xanh Nhạt) 1+ - Tiêu hóa khỏe, tăng cân 110ml",453.840₫,4.9,763 đã bán,https://shopee.vn/Combo-2-Th%C3%B9ng-24-h%E1%BB%99p-S%E1%BB%AFa-b%E1%BB%99t-pha-s%E1%BA%B5n-Nutifood-Sweden-GrowPLUS-Ti%C3%AAu-H%C3%B3a-(Xanh-Nh%E1%BA%A1t)-1-Ti%C3%AAu-h%C3%B3a-kh%E1%BB%8Fe-t%C4%83ng-c%C3%A2n-110ml-i.915815268.41901372604?extraParams=%7B%22display_model_id%22%3A260112250558%2C%22model_selection_logic%22%3A3%7D
[Livestream Hannah Olala] Sữa Bột Nutifood Sweden GrowPLUS+ Cao lớn vượt trội từ 1 - 2 tuổi (Bạc) 800g,791.700₫,4.9,265 đã bán,https://shopee.vn/-Livestream-Hannah-Olala-S%E1%BB%AFa-B%E1%BB%99t-Nutifood-Sweden-GrowPLUS-Cao-l%E1%BB%9Bn-v%C6%B0%E1%BB%A3t-tr%E1%BB%99i-t%E1%BB%AB-1-2-tu%E1%BB%95i-(B%E1%BA%A1c)-800g-i.915815268.40158976160?extraParams=%7B%22display_model_id%22%3A295751575594%2C%22model_selection_logic%22%3A3%7D
Combo 4 Thùng 24 hộp SBPS Nuvi Grow Height 1+ hỗ trợ phát triển chiều cao hộp 180ml,1.646.400₫,4.6,434 đã bán,https://shopee.vn/Combo-4-Th%C3%B9ng-24-h%E1%BB%99p-SBPS-Nuvi-Grow-Height-1-h%E1%BB%97-tr%E1%BB%A3-ph%C3%A1t-tri%E1%BB%83n-chi%E1%BB%81u-cao-h%E1%BB%99p-180ml-i.915815268.40518504838?extraParams=%7B%22display_model_id%22%3A380736806341%2C%22model_selection_logic%22%3A3%7D
[Livestream Lucie] Combo 2 Thùng 24 Hộp Sữa Bột Pha Sẵn Nutifood Sweden GrowPLUS+ Cao lớn vượt trội hộp 110 ml,881.360₫,4.9,3k+ đã bán,https://shopee.vn/-Livestream-Lucie-Combo-2-Th%C3%B9ng-24-H%E1%BB%99p-S%E1%BB%AFa-B%E1%BB%99t-Pha-S%E1%BA%B5n-Nutifood-Sweden-GrowPLUS-Cao-l%E1%BB%9Bn-v%C6%B0%E1%BB%A3t-tr%E1%BB%99i-h%E1%BB%99p-110-ml-i.915815268.43519164818?extraParams=%7B%22display_model_id%22%3A261571570136%2C%22model_selection_logic%22%3A3%7D
"Sữa bột Nutifood GrowPLUS+ Suy Dinh Dưỡng (Đỏ) 2+ - Tăng Cân, Tăng Chiều Cao (Hộp 2 Kg)",1.266.160₫,4.9,3k+ đã bán,https://shopee.vn/S%E1%BB%AFa-b%E1%BB%99t-Nutifood-GrowPLUS-Suy-Dinh-D%C6%B0%E1%BB%A1ng-(%C4%90%E1%BB%8F)-2-T%C4%83ng-C%C3%A2n-T%C4%83ng-Chi%E1%BB%81u-Cao-(H%E1%BB%99p-2-Kg)-i.915815268.28907758669?extraParams=%7B%22display_model_id%22%3A29821525235%2C%22model_selection_logic%22%3A3%7D
[Livestream BeyondK] Combo 2 Thùng 24 Hộp Sữa Bột Pha Sẵn Nutifood Sweden GrowPLUS+ Cao lớn vượt trội hộp 110 ml,881.360₫,5.0,2k+ đã bán,https://shopee.vn/-Livestream-BeyondK-Combo-2-Th%C3%B9ng-24-H%E1%BB%99p-S%E1%BB%AFa-B%E1%BB%99t-Pha-S%E1%BA%B5n-Nutifood-Sweden-GrowPLUS-Cao-l%E1%BB%9Bn-v%C6%B0%E1%BB%A3t-tr%E1%BB%99i-h%E1%BB%99p-110-ml-i.915815268.27990459623?extraParams=%7B%22display_model_id%22%3A248796585947%2C%22model_selection_logic%22%3A3%7D
[SVIP] Sữa Bột Nutifood Sweden GrowPLUS+ Sữa Non Immunel từ lon 800 g (Bao bì tuỳ lô hàng),711.480₫,4.8 Đánh giá shop,,https://shopee.vn/-SVIP-S%E1%BB%AFa-B%E1%BB%99t-Nutifood-Sweden-GrowPLUS-S%E1%BB%AFa-Non-Immunel-t%E1%BB%AB-lon-800-g-(Bao-b%C3%AC-tu%E1%BB%B3-l%C3%B4-h%C3%A0ng)-i.915815268.55760950771?extraParams=%7B%22display_model_id%22%3A365955033245%2C%22model_selection_logic%22%3A3%7D
"Combo 2 Thùng 24 hộp Sữa bột pha sẵn Nutifood Sweden GrowPLUS+ Tiêu Hóa (Xanh Nhạt) 1+ - Tiêu hóa khỏe, tăng cân 180ml",655.650₫,4.8,650 đã bán,https://shopee.vn/Combo-2-Th%C3%B9ng-24-h%E1%BB%99p-S%E1%BB%AFa-b%E1%BB%99t-pha-s%E1%BA%B5n-Nutifood-Sweden-GrowPLUS-Ti%C3%AAu-H%C3%B3a-(Xanh-Nh%E1%BA%A1t)-1-Ti%C3%AAu-h%C3%B3a-kh%E1%BB%8Fe-t%C4%83ng-c%C3%A2n-180ml-i.915815268.25995242601?extraParams=%7B%22display_model_id%22%3A300111639426%2C%22model_selection_logic%22%3A3%7D
[KOL] - [SHIP HCM & HN] Combo 4 lốc GrowPLUS+ Váng sữa công thức Cao lớn vượt trội Vani (55g x 16 hộp),458.200₫,4.8,1k+ đã bán,https://shopee.vn/-KOL-SHIP-HCM-HN-Combo-4-l%E1%BB%91c-GrowPLUS-V%C3%A1ng-s%E1%BB%AFa-c%C3%B4ng-th%E1%BB%A9c-Cao-l%E1%BB%9Bn-v%C6%B0%E1%BB%A3t-tr%E1%BB%99i-Vani-(55g-x-16-h%E1%BB%99p)-i.915815268.25443735349?extraParams=%7B%22display_model_id%22%3A248114307780%2C%22model_selection_logic%22%3A3%7D
[Livestream KOL] Thùng 24 hộp SBPS Nuvi Grow Height 1+ hỗ trợ phát triển chiều cao hộp 180ml,734.020₫,5.0,78 đã bán,https://shopee.vn/-Livestream-KOL-Th%C3%B9ng-24-h%E1%BB%99p-SBPS-Nuvi-Grow-Height-1-h%E1%BB%97-tr%E1%BB%A3-ph%C3%A1t-tri%E1%BB%83n-chi%E1%BB%81u-cao-h%E1%BB%99p-180ml-i.915815268.23290207160?extraParams=%7B%22display_model_id%22%3A166545437397%2C%22model_selection_logic%22%3A3%7D
[Livestream BeyondK] Thùng SBPS Nutifood GrowPLUS+ ít đường Suy Dinh Dưỡng - (48 hộp x 180ml) (Bao bì tùy lô hàng),987.840₫,5.0,1k+ đã bán,https://shopee.vn/-Livestream-BeyondK-Th%C3%B9ng-SBPS-Nutifood-GrowPLUS-%C3%ADt-%C4%91%C6%B0%E1%BB%9Dng-Suy-Dinh-D%C6%B0%E1%BB%A1ng-(48-h%E1%BB%99p-x-180ml)-(Bao-b%C3%AC-t%C3%B9y-l%C3%B4-h%C3%A0ng)-i.915815268.43715094597?extraParams=%7B%22display_model_id%22%3A218664336370%2C%22model_selection_logic%22%3A3%7D
Combo 3 Sữa Bột Nutifood GrowPLUS+ Biếng Ăn (Xanh) 1+ - Tăng Cân Khỏe Mạnh (3 Hộp 2 Kg),1.805.760₫,4.8,597 đã bán,https://shopee.vn/Combo-3-S%E1%BB%AFa-B%E1%BB%99t-Nutifood-GrowPLUS-Bi%E1%BA%BFng-%C4%82n-(Xanh)-1-T%C4%83ng-C%C3%A2n-Kh%E1%BB%8Fe-M%E1%BA%A1nh-(3-H%E1%BB%99p-2-Kg)-i.915815268.27757754925?extraParams=%7B%22display_model_id%22%3A217719299367%2C%22model_selection_logic%22%3A3%7D
"Combo 3 Thùng SBPS Nutifood GrowPLUS+ ít đường Suy Dinh Dưỡng - Tăng Cân, Tăng Chiều Cao (48 Hộp x 180ml)",2.116.800₫,4.4,149 đã bán,https://shopee.vn/Combo-3-Th%C3%B9ng-SBPS-Nutifood-GrowPLUS-%C3%ADt-%C4%91%C6%B0%E1%BB%9Dng-Suy-Dinh-D%C6%B0%E1%BB%A1ng-T%C4%83ng-C%C3%A2n-T%C4%83ng-Chi%E1%BB%81u-Cao-(48-H%E1%BB%99p-x-180ml)-i.915815268.48103924633?extraParams=%7B%22display_model_id%22%3A365372106622%2C%22model_selection_logic%22%3A3%7D
Combo 2 Thùng 24 hộp SBPS GrowPLUS+ Cao lớn vượt trội 110 ml + 2 Thùng 24 hộp SBPS GrowPLUS+ Colostrum Lactoferrin 110ml,1.448.440₫,4.7,151 đã bán,https://shopee.vn/Combo-2-Th%C3%B9ng-24-h%E1%BB%99p-SBPS-GrowPLUS-Cao-l%E1%BB%9Bn-v%C6%B0%E1%BB%A3t-tr%E1%BB%99i-110-ml-2-Th%C3%B9ng-24-h%E1%BB%99p-SBPS-GrowPLUS-Colostrum-Lactoferrin-110ml-i.915815268.50352934070?extraParams=%7B%22display_model_id%22%3A234624745591%2C%22model_selection_logic%22%3A3%7D
Combo 2 Thùng 24 hộp Sữa bột pha sẵn Nutifood GrowPLUS+ Vị Dâu Sữa hộp 110ml - Trên 1 tuổi,579.500₫,4.9,2k+ đã bán,https://shopee.vn/Combo-2-Th%C3%B9ng-24-h%E1%BB%99p-S%E1%BB%AFa-b%E1%BB%99t-pha-s%E1%BA%B5n-Nutifood-GrowPLUS-V%E1%BB%8B-D%C3%A2u-S%E1%BB%AFa-h%E1%BB%99p-110ml-Tr%C3%AAn-1-tu%E1%BB%95i-i.915815268.26227525279?extraParams=%7B%22display_model_id%22%3A247731163144%2C%22model_selection_logic%22%3A3%7D
"Combo 2 Sữa Bột Nutifood GrowPLUS+ Đỏ (Suy Dinh Dưỡng) 400g - Trên 1 Tuổi - Tăng Cân, Tăng Chiều Cao (2 Lon x Lon 400g)",458.640₫,4.9,1k+ đã bán,https://shopee.vn/Combo-2-S%E1%BB%AFa-B%E1%BB%99t-Nutifood-GrowPLUS-%C4%90%E1%BB%8F-(Suy-Dinh-D%C6%B0%E1%BB%A1ng)-400g-Tr%C3%AAn-1-Tu%E1%BB%95i-T%C4%83ng-C%C3%A2n-T%C4%83ng-Chi%E1%BB%81u-Cao-(2-Lon-x-Lon-400g)-i.915815268.20470443657?extraParams=%7B%22display_model_id%22%3A165441929763%2C%22model_selection_logic%22%3A3%7D
"Sữa bột Nutifood Sweden GrowPLUS+ Tiêu Hóa (Xanh Nhạt) 0+ - Tiêu hóa khỏe, tăng cân (Lon 800g)",650.720₫,4.6,966 đã bán,https://shopee.vn/S%E1%BB%AFa-b%E1%BB%99t-Nutifood-Sweden-GrowPLUS-Ti%C3%AAu-H%C3%B3a-(Xanh-Nh%E1%BA%A1t)-0-Ti%C3%AAu-h%C3%B3a-kh%E1%BB%8Fe-t%C4%83ng-c%C3%A2n-(Lon-800g)-i.915815268.29512242796?extraParams=%7B%22display_model_id%22%3A69466796176%2C%22model_selection_logic%22%3A3%7D
Combo 5 Sữa Bột Nutifood Sweden GrowPLUS+ Cao lớn vượt trội từ 1 - 2 tuổi (Bạc) 800g,2.825.550₫,4.5,1k+ đã bán,https://shopee.vn/Combo-5-S%E1%BB%AFa-B%E1%BB%99t-Nutifood-Sweden-GrowPLUS-Cao-l%E1%BB%9Bn-v%C6%B0%E1%BB%A3t-tr%E1%BB%99i-t%E1%BB%AB-1-2-tu%E1%BB%95i-(B%E1%BA%A1c)-800g-i.915815268.25807928279?extraParams=%7B%22display_model_id%22%3A445491671727%2C%22model_selection_logic%22%3A3%7D
Combo 2 Thùng 24 hộp Sữa bột pha sẵn Nutifood GrowPLUS+ Vị Dâu Sữa hộp 180ml - Trên 1 tuổi,888.960₫,4.9,610 đã bán,https://shopee.vn/Combo-2-Th%C3%B9ng-24-h%E1%BB%99p-S%E1%BB%AFa-b%E1%BB%99t-pha-s%E1%BA%B5n-Nutifood-GrowPLUS-V%E1%BB%8B-D%C3%A2u-S%E1%BB%AFa-h%E1%BB%99p-180ml-Tr%C3%AAn-1-tu%E1%BB%95i-i.915815268.29427513664?extraParams=%7B%22display_model_id%22%3A237424811706%2C%22model_selection_logic%22%3A3%7D
[Livestream KOL] Combo 2 Thùng 24 Hộp Sữa Bột Pha Sẵn Nutifood Sweden GrowPLUS+ Cao lớn vượt trội hộp 110 ml,881.360₫,4.9,8k+ đã bán,https://shopee.vn/-Livestream-KOL-Combo-2-Th%C3%B9ng-24-H%E1%BB%99p-S%E1%BB%AFa-B%E1%BB%99t-Pha-S%E1%BA%B5n-Nutifood-Sweden-GrowPLUS-Cao-l%E1%BB%9Bn-v%C6%B0%E1%BB%A3t-tr%E1%BB%99i-h%E1%BB%99p-110-ml-i.915815268.44208573276?extraParams=%7B%22display_model_id%22%3A305722215469%2C%22model_selection_logic%22%3A3%7D
Combo 3 Sữa Bột Nutifood Sweden GrowPLUS+ Cao lớn vượt trội (Bạc) 800g,1.695.330₫,4.6,3k+ đã bán,https://shopee.vn/Combo-3-S%E1%BB%AFa-B%E1%BB%99t-Nutifood-Sweden-GrowPLUS-Cao-l%E1%BB%9Bn-v%C6%B0%E1%BB%A3t-tr%E1%BB%99i-(B%E1%BA%A1c)-800g-i.915815268.18086896421?extraParams=%7B%22display_model_id%22%3A445491653475%2C%22model_selection_logic%22%3A3%7D
Combo 4 Thùng 24 hộp SBPS Nuvi Grow Height 1+ hỗ trợ phát triển chiều cao hộp 110ml,1.254.400₫,4.8,874 đã bán,https://shopee.vn/Combo-4-Th%C3%B9ng-24-h%E1%BB%99p-SBPS-Nuvi-Grow-Height-1-h%E1%BB%97-tr%E1%BB%A3-ph%C3%A1t-tri%E1%BB%83n-chi%E1%BB%81u-cao-h%E1%BB%99p-110ml-i.915815268.40918516404?extraParams=%7B%22display_model_id%22%3A440736811615%2C%22model_selection_logic%22%3A3%7D
Combo Thùng 24 hộp SBPS GrowPLUS+ Cao lớn vượt trội hộp 180ml + Thùng 24 hộp SBPS  GrowPLUS+ Sữa Non Immunel 180ml,1.035.860₫,4.7,189 đã bán,https://shopee.vn/Combo-Th%C3%B9ng-24-h%E1%BB%99p-SBPS-GrowPLUS-Cao-l%E1%BB%9Bn-v%C6%B0%E1%BB%A3t-tr%E1%BB%99i-h%E1%BB%99p-180ml-Th%C3%B9ng-24-h%E1%BB%99p-SBPS-GrowPLUS-S%E1%BB%AFa-Non-Immunel-180ml-i.915815268.56952936708?extraParams=%7B%22display_model_id%22%3A335282783547%2C%22model_selection_logic%22%3A3%7D
[Livestream KOL] Thùng 24 hộp Sữa bột pha sẵn Nutifood Sweden GrowPLUS+ Colostrum Lactoferrin 110ml,544.880₫,4.9,2k+ đã bán,https://shopee.vn/-Livestream-KOL-Th%C3%B9ng-24-h%E1%BB%99p-S%E1%BB%AFa-b%E1%BB%99t-pha-s%E1%BA%B5n-Nutifood-Sweden-GrowPLUS-Colostrum-Lactoferrin-110ml-i.915815268.43401542945?extraParams=%7B%22display_model_id%22%3A285125693063%2C%22model_selection_logic%22%3A3%7D
[LIVESTREAM KOL] Box trải nghiệm 2 Lốc Sữa bột pha sẵn GippsNature Organic A2 hộp 110ml,199.000₫,5.0,5 đã bán,https://shopee.vn/-LIVESTREAM-KOL-Box-tr%E1%BA%A3i-nghi%E1%BB%87m-2-L%E1%BB%91c-S%E1%BB%AFa-b%E1%BB%99t-pha-s%E1%BA%B5n-GippsNature-Organic-A2-h%E1%BB%99p-110ml-i.915815268.45260395258?extraParams=%7B%22display_model_id%22%3A430910057766%2C%22model_selection_logic%22%3A3%7D
Combo 2 Sữa Bột Nutifood GrowPLUS+ Biếng Ăn (Xanh) 1+ - Tăng Cân Khỏe Mạnh (2 Hộp 2 Kg),1.203.840₫,4.8,869 đã bán,https://shopee.vn/Combo-2-S%E1%BB%AFa-B%E1%BB%99t-Nutifood-GrowPLUS-Bi%E1%BA%BFng-%C4%82n-(Xanh)-1-T%C4%83ng-C%C3%A2n-Kh%E1%BB%8Fe-M%E1%BA%A1nh-(2-H%E1%BB%99p-2-Kg)-i.915815268.29357765065?extraParams=%7B%22display_model_id%22%3A205306495333%2C%22model_selection_logic%22%3A3%7D
Combo 3 Sữa Bột Nutifood Sweden GrowPLUS+ Sữa Non Immunel lon 800 g (Bao bì tuỳ lô hàng),1.853.670₫,4.6,2k+ đã bán,https://shopee.vn/Combo-3-S%E1%BB%AFa-B%E1%BB%99t-Nutifood-Sweden-GrowPLUS-S%E1%BB%AFa-Non-Immunel-lon-800-g-(Bao-b%C3%AC-tu%E1%BB%B3-l%C3%B4-h%C3%A0ng)-i.915815268.25953280882?extraParams=%7B%22display_model_id%22%3A217212019210%2C%22model_selection_logic%22%3A3%7D
Combo 3 Sữa Bột Nutifood Sweden GrowPLUS+ Sữa Non Immunel trên 2 tuổi lon 800 g (Bao bì tuỳ lô hàng),1.853.670₫,4.5,856 đã bán,https://shopee.vn/Combo-3-S%E1%BB%AFa-B%E1%BB%99t-Nutifood-Sweden-GrowPLUS-S%E1%BB%AFa-Non-Immunel-tr%C3%AAn-2-tu%E1%BB%95i-lon-800-g-(Bao-b%C3%AC-tu%E1%BB%B3-l%C3%B4-h%C3%A0ng)-i.915815268.23188162941?extraParams=%7B%22display_model_id%22%3A214813510830%2C%22model_selection_logic%22%3A3%7D
"[SVIP] Thùng SBPS Nutifood GrowPLUS+ ít đường Suy Dinh Dưỡng - Tăng Cân, Tăng Chiều Cao (48 x 180ml)",970.200₫,4.8 Đánh giá shop,,https://shopee.vn/-SVIP-Th%C3%B9ng-SBPS-Nutifood-GrowPLUS-%C3%ADt-%C4%91%C6%B0%E1%BB%9Dng-Suy-Dinh-D%C6%B0%E1%BB%A1ng-T%C4%83ng-C%C3%A2n-T%C4%83ng-Chi%E1%BB%81u-Cao-(48-x-180ml)-i.915815268.23163456345?extraParams=%7B%22display_model_id%22%3A119071766145%2C%22model_selection_logic%22%3A3%7D
"Combo 3 Sữa Bột Nutifood GrowPLUS+ Biếng Ăn (Xanh) 1+ - Tăng Cân Khỏe Mạnh (3 Lon 1,65 Kg)",1.533.600₫,4.6,371 đã bán,https://shopee.vn/Combo-3-S%E1%BB%AFa-B%E1%BB%99t-Nutifood-GrowPLUS-Bi%E1%BA%BFng-%C4%82n-(Xanh)-1-T%C4%83ng-C%C3%A2n-Kh%E1%BB%8Fe-M%E1%BA%A1nh-(3-Lon-1-65-Kg)-i.915815268.27107754859?extraParams=%7B%22display_model_id%22%3A119234385129%2C%22model_selection_logic%22%3A3%7D
"Combo 2 Sữa Bột Nutifood GrowPLUS+ Biếng Ăn (Xanh) 1+ - Tăng Cân Khỏe Mạnh (2 Lon 1,65 Kg)",1.022.400₫,4.8,1k+ đã bán,https://shopee.vn/Combo-2-S%E1%BB%AFa-B%E1%BB%99t-Nutifood-GrowPLUS-Bi%E1%BA%BFng-%C4%82n-(Xanh)-1-T%C4%83ng-C%C3%A2n-Kh%E1%BB%8Fe-M%E1%BA%A1nh-(2-Lon-1-65-Kg)-i.915815268.27707765076?extraParams=%7B%22display_model_id%22%3A59801701653%2C%22model_selection_logic%22%3A3%7D
"Combo 2 Sữa Bột Nutifood GrowPLUS+ Biếng Ăn (Xanh) 2+ - Tăng Cân Khỏe Mạnh (2 Lon 1,65 Kg)",1.022.400₫,4.9,1k+ đã bán,https://shopee.vn/Combo-2-S%E1%BB%AFa-B%E1%BB%99t-Nutifood-GrowPLUS-Bi%E1%BA%BFng-%C4%82n-(Xanh)-2-T%C4%83ng-C%C3%A2n-Kh%E1%BB%8Fe-M%E1%BA%A1nh-(2-Lon-1-65-Kg)-i.915815268.28407760344?extraParams=%7B%22display_model_id%22%3A185306493989%2C%22model_selection_logic%22%3A3%7D
[Livestream KOL] Combo 4 x Thùng 24 hộp sữa bột pha sẵn GrowPLUS+ A2 beta-casein Hộp 180ml,2.396.000₫,3.0,39 đã bán,https://shopee.vn/-Livestream-KOL-Combo-4-x-Th%C3%B9ng-24-h%E1%BB%99p-s%E1%BB%AFa-b%E1%BB%99t-pha-s%E1%BA%B5n-GrowPLUS-A2-beta-casein-H%E1%BB%99p-180ml-i.915815268.29743615946?extraParams=%7B%22display_model_id%22%3A375148150342%2C%22model_selection_logic%22%3A3%7D
Combo 5 Sữa bột Nutifood Sweden GrowPLUS+ Colostrum Lactoferrin 1+ 800g,3.577.000₫,4.4,365 đã bán,https://shopee.vn/Combo-5-S%E1%BB%AFa-b%E1%BB%99t-Nutifood-Sweden-GrowPLUS-Colostrum-Lactoferrin-1-800g-i.915815268.41750060496?extraParams=%7B%22display_model_id%22%3A265004145261%2C%22model_selection_logic%22%3A3%7D
[KOL] - [SHIP HCM & HN] Combo mix 3 lốc GrowPLUS+ Váng sữa Sữa non Immunel Hỗ trợ tăng đề kháng & Cao lớn vượt trội,343.650₫,4.6,987 đã bán,https://shopee.vn/-KOL-SHIP-HCM-HN-Combo-mix-3-l%E1%BB%91c-GrowPLUS-V%C3%A1ng-s%E1%BB%AFa-S%E1%BB%AFa-non-Immunel-H%E1%BB%97-tr%E1%BB%A3-t%C4%83ng-%C4%91%E1%BB%81-kh%C3%A1ng-Cao-l%E1%BB%9Bn-v%C6%B0%E1%BB%A3t-tr%E1%BB%99i-i.915815268.26685795002?extraParams=%7B%22display_model_id%22%3A243360568523%2C%22model_selection_logic%22%3A3%7D
Combo 3 Sữa Bột Nutifood Sweden GrowPLUS+ Cao lớn vượt trội trên 2 tuổi (Bạc) 800g,1.695.330₫,4.7,2k+ đã bán,https://shopee.vn/Combo-3-S%E1%BB%AFa-B%E1%BB%99t-Nutifood-Sweden-GrowPLUS-Cao-l%E1%BB%9Bn-v%C6%B0%E1%BB%A3t-tr%E1%BB%99i-tr%C3%AAn-2-tu%E1%BB%95i-(B%E1%BA%A1c)-800g-i.915815268.24903279040?extraParams=%7B%22display_model_id%22%3A375491672904%2C%22model_selection_logic%22%3A3%7D
"Combo 2 Sữa bột Nutifood Sweden GrowPLUS+ Tiêu Hóa (Xanh Nhạt) 2+ - Tiêu hóa khỏe, tăng cân (Lon 800g)",965.340₫,4.8,817 đã bán,https://shopee.vn/Combo-2-S%E1%BB%AFa-b%E1%BB%99t-Nutifood-Sweden-GrowPLUS-Ti%C3%AAu-H%C3%B3a-(Xanh-Nh%E1%BA%A1t)-2-Ti%C3%AAu-h%C3%B3a-kh%E1%BB%8Fe-t%C4%83ng-c%C3%A2n-(Lon-800g)-i.915815268.25086865301?extraParams=%7B%22display_model_id%22%3A197862665144%2C%22model_selection_logic%22%3A3%7D
Sữa Bột Nuvi Grow Height phát triển chiều cao Trên 1 tuổi Lon 800g,562.520₫,4.7,468 đã bán,https://shopee.vn/S%C6%B0%CC%83a-B%C3%B4%CC%A3t-Nuvi-Grow-Height-pha%CC%81t-tri%C3%AA%CC%89n-chi%C3%AA%CC%80u-cao-Tr%C3%AAn-1-tu%C3%B4%CC%89i-Lon-800g-i.915815268.41918509271?extraParams=%7B%22display_model_id%22%3A365736816278%2C%22model_selection_logic%22%3A3%7D
Combo 4 Thùng 24 hộp Sữa bột pha sẵn Nutifood GrowPLUS+ Vị Chuối Sữa hộp 110ml - Trên 1 tuổi,1.159.000₫,4.8,1k+ đã bán,https://shopee.vn/Combo-4-Th%C3%B9ng-24-h%E1%BB%99p-S%E1%BB%AFa-b%E1%BB%99t-pha-s%E1%BA%B5n-Nutifood-GrowPLUS-V%E1%BB%8B-Chu%E1%BB%91i-S%E1%BB%AFa-h%E1%BB%99p-110ml-Tr%C3%AAn-1-tu%E1%BB%95i-i.915815268.28179682805?extraParams=%7B%22display_model_id%22%3A257895682839%2C%22model_selection_logic%22%3A3%7D
"Sữa bột Nutifood Sweden GrowPLUS+ Tiêu Hóa (Xanh Nhạt) 1+ - Tiêu hóa khỏe, tăng cân (Lon 800g)",512.430₫,4.8,2k+ đã bán,https://shopee.vn/S%E1%BB%AFa-b%E1%BB%99t-Nutifood-Sweden-GrowPLUS-Ti%C3%AAu-H%C3%B3a-(Xanh-Nh%E1%BA%A1t)-1-Ti%C3%AAu-h%C3%B3a-kh%E1%BB%8Fe-t%C4%83ng-c%C3%A2n-(Lon-800g)-i.915815268.29362247783?extraParams=%7B%22display_model_id%22%3A185416010173%2C%22model_selection_logic%22%3A3%7D
Combo 3 Sữa Bột Nutifood GrowPLUS+ Đỏ (Suy Dinh Dưỡng) dành cho bé trên 1 tuổi (3 lon x 850g),1.375.920₫,4.8,1k+ đã bán,https://shopee.vn/Combo-3-S%E1%BB%AFa-B%E1%BB%99t-Nutifood-GrowPLUS-%C4%90%E1%BB%8F-(Suy-Dinh-D%C6%B0%E1%BB%A1ng)-d%C3%A0nh-cho-b%C3%A9-tr%C3%AAn-1-tu%E1%BB%95i-(3-lon-x-850g)-i.915815268.22435115934?extraParams=%7B%22display_model_id%22%3A221345895596%2C%22model_selection_logic%22%3A3%7D
Thùng 24 hộp Sữa bột pha sẵn GrowPLUS+ A2 beta-casein Hộp 110ml,377.360₫,4.8 Đánh giá shop,,https://shopee.vn/Th%C3%B9ng-24-h%E1%BB%99p-S%E1%BB%AFa-b%E1%BB%99t-pha-s%E1%BA%B5n-GrowPLUS-A2-beta-casein-H%E1%BB%99p-110ml-i.915815268.47460374766?extraParams=%7B%22display_model_id%22%3A320909432619%2C%22model_selection_logic%22%3A3%7D
[GIFT] Thùng 24 hộp SBPS Nuvi Grow vị chuối 1+ hỗ trợ phát triển chiều cao hộp 180ml,753.620₫,5.0,69 đã bán,https://shopee.vn/-GIFT-Th%C3%B9ng-24-h%E1%BB%99p-SBPS-Nuvi-Grow-v%E1%BB%8B-chu%E1%BB%91i-1-h%E1%BB%97-tr%E1%BB%A3-ph%C3%A1t-tri%E1%BB%83n-chi%E1%BB%81u-cao-h%E1%BB%99p-180ml-i.915815268.55258863210?extraParams=%7B%22display_model_id%22%3A440786543626%2C%22model_selection_logic%22%3A3%7D
"Combo 2 Sữa Bột Nutifood GrowPLUS+ Đỏ (Suy Dinh Dưỡng) 850g - Trên 1 Tuổi - Tăng Cân, Tăng Chiều Cao (2 Lon x Lon 850g)",898.560₫,4.8,2k+ đã bán,https://shopee.vn/Combo-2-S%E1%BB%AFa-B%E1%BB%99t-Nutifood-GrowPLUS-%C4%90%E1%BB%8F-(Suy-Dinh-D%C6%B0%E1%BB%A1ng)-850g-Tr%C3%AAn-1-Tu%E1%BB%95i-T%C4%83ng-C%C3%A2n-T%C4%83ng-Chi%E1%BB%81u-Cao-(2-Lon-x-Lon-850g)-i.915815268.23116164643?extraParams=%7B%22display_model_id%22%3A220684004236%2C%22model_selection_logic%22%3A3%7D
GIFT_Chảo phủ sứ Nano đáy từ Sunhouse Healthy SHG24MP,588.000₫,5.0,197 đã bán,https://shopee.vn/GIFT_Cha%CC%89o-phu%CC%89-s%C6%B0%CC%81-Nano-%C4%91a%CC%81y-t%C6%B0%CC%80-Sunhouse-Healthy-SHG24MP-i.915815268.29239309875?extraParams=%7B%22display_model_id%22%3A300914626951%2C%22model_selection_logic%22%3A3%7D
[LIVESTREAM KOL] Thùng 24 hộp Sữa bột pha sẵn Nutifood GrowPLUS+ Vị Trái Cây hộp 110ml - Trên 1 tuổi (24 hộp x 110ml),479.750₫,5.0,2k+ đã bán,https://shopee.vn/-LIVESTREAM-KOL-Th%C3%B9ng-24-h%E1%BB%99p-S%E1%BB%AFa-b%E1%BB%99t-pha-s%E1%BA%B5n-Nutifood-GrowPLUS-V%E1%BB%8B-Tra%CC%81i-C%C3%A2y-h%E1%BB%99p-110ml-Tr%C3%AAn-1-tu%E1%BB%95i-(24-h%E1%BB%99p-x-110ml)-i.915815268.26282514931?extraParams=%7B%22display_model_id%22%3A157780341003%2C%22model_selection_logic%22%3A3%7D
"Combo 3 Sữa bột Nutifood GrowPLUS+ Suy Dinh Dưỡng (Đỏ) 2+ - Tăng Cân, Tăng Chiều Cao (3 Lon 1,65 Kg)",1.929.840₫,4.8,824 đã bán,https://shopee.vn/Combo-3-S%E1%BB%AFa-b%E1%BB%99t-Nutifood-GrowPLUS-Suy-Dinh-D%C6%B0%E1%BB%A1ng-(%C4%90%E1%BB%8F)-2-T%C4%83ng-C%C3%A2n-T%C4%83ng-Chi%E1%BB%81u-Cao-(3-Lon-1-65-Kg)-i.915815268.26807765099?extraParams=%7B%22display_model_id%22%3A251370379379%2C%22model_selection_logic%22%3A3%7D
Sữa Bột Nuvi Grow Height phát triển chiều cao Trên 2 tuổi Lon 800g,562.520₫,4.8,975 đã bán,https://shopee.vn/S%C6%B0%CC%83a-B%C3%B4%CC%A3t-Nuvi-Grow-Height-pha%CC%81t-tri%C3%AA%CC%89n-chi%C3%AA%CC%80u-cao-Tr%C3%AAn-2-tu%C3%B4%CC%89i-Lon-800g-i.915815268.41268514274?extraParams=%7B%22display_model_id%22%3A325736807335%2C%22model_selection_logic%22%3A3%7D
[Quà tặng không bán] Vali,392.000₫,5.0,162 đã bán,https://shopee.vn/-Qu%C3%A0-t%E1%BA%B7ng-kh%C3%B4ng-b%C3%A1n-Vali-i.915815268.56359194809?extraParams=%7B%22display_model_id%22%3A395815563939%2C%22model_selection_logic%22%3A3%7D
"[SVIP] Sữa bột Nutifood GrowPLUS+ Suy Dinh Dưỡng (Đỏ) 2+ - Tăng Cân, Tăng Chiều Cao (Lon 1,65 Kg)",1.048.600₫,4.8 Đánh giá shop,,https://shopee.vn/-SVIP-S%E1%BB%AFa-b%E1%BB%99t-Nutifood-GrowPLUS-Suy-Dinh-D%C6%B0%E1%BB%A1ng-(%C4%90%E1%BB%8F)-2-T%C4%83ng-C%C3%A2n-T%C4%83ng-Chi%E1%BB%81u-Cao-(Lon-1-65-Kg)-i.915815268.44760967377?extraParams=%7B%22display_model_id%22%3A315955618309%2C%22model_selection_logic%22%3A3%7D
Sữa bột Nutifood Sweden GrowPLUS+ Colostrum Lactoferrin 1+ 800g,387.100₫,4.7,1k+ đã bán,https://shopee.vn/S%E1%BB%AFa-b%E1%BB%99t-Nutifood-Sweden-GrowPLUS-Colostrum-Lactoferrin-1-800g-i.915815268.29535389670?extraParams=%7B%22display_model_id%22%3A295059355084%2C%22model_selection_logic%22%3A3%7D
Combo 5 Sữa Bột Nutifood Sweden GrowPLUS+ Sữa Non Immunel trên 2 tuổi lon 800g (Bao bì tuỳ lô hàng),3.089.450₫,4.8,422 đã bán,https://shopee.vn/Combo-5-S%E1%BB%AFa-B%E1%BB%99t-Nutifood-Sweden-GrowPLUS-S%E1%BB%AFa-Non-Immunel-tr%C3%AAn-2-tu%E1%BB%95i-lon-800g-(Bao-b%C3%AC-tu%E1%BB%B3-l%C3%B4-h%C3%A0ng)-i.915815268.24857924674?extraParams=%7B%22display_model_id%22%3A176302951571%2C%22model_selection_logic%22%3A3%7D
[Gift] Chảo từ Sunhouse SHM24,343.000₫,4.5,145 đã bán,https://shopee.vn/-Gift-Cha%CC%89o-t%C6%B0%CC%80-Sunhouse-SHM24-i.915815268.40502431474?extraParams=%7B%22display_model_id%22%3A265200692521%2C%22model_selection_logic%22%3A3%7D
Combo 2 sữa bột pha sẵn GrowPLUS+ A2 beta-casein Hộp 110ml,754.720₫,4.5,8 đã bán,https://shopee.vn/Combo-2-s%E1%BB%AFa-b%E1%BB%99t-pha-s%E1%BA%B5n-GrowPLUS-A2-beta-casein-H%E1%BB%99p-110ml-i.915815268.46510376383?extraParams=%7B%22display_model_id%22%3A262610702935%2C%22model_selection_logic%22%3A3%7D
[SHIP HCM & HN] Thùng 12 lốc GrowPLUS+ Váng sữa công thức Cao lớn vượt trội Vani & Socola (55g x 48 hộp),899.020₫,4.8,169 đã bán,https://shopee.vn/-SHIP-HCM-HN-Th%C3%B9ng-12-l%E1%BB%91c-GrowPLUS-V%C3%A1ng-s%E1%BB%AFa-c%C3%B4ng-th%E1%BB%A9c-Cao-l%E1%BB%9Bn-v%C6%B0%E1%BB%A3t-tr%E1%BB%99i-Vani-Socola-(55g-x-48-h%E1%BB%99p)-i.915815268.27382528457?extraParams=%7B%22display_model_id%22%3A253136448237%2C%22model_selection_logic%22%3A3%7D
Combo 3 Sữa bột Nutifood Sweden GrowPLUS+ Colostrum Lactoferrin 1+ 800g,2.146.200₫,4.5,342 đã bán,https://shopee.vn/Combo-3-S%E1%BB%AFa-b%E1%BB%99t-Nutifood-Sweden-GrowPLUS-Colostrum-Lactoferrin-1-800g-i.915815268.29186365836?extraParams=%7B%22display_model_id%22%3A305001046707%2C%22model_selection_logic%22%3A3%7D
"Combo 3 Sữa bột Nutifood GrowPLUS+ Suy Dinh Dưỡng (Đỏ) 2+ Tăng Cân, Tăng Chiều Cao (3 Lon 1,65 Kg)",1.929.840₫,4.7,849 đã bán,https://shopee.vn/Combo-3-S%E1%BB%AFa-b%E1%BB%99t-Nutifood-GrowPLUS-Suy-Dinh-D%C6%B0%E1%BB%A1ng-(%C4%90%E1%BB%8F)-2-T%C4%83ng-C%C3%A2n-T%C4%83ng-Chi%E1%BB%81u-Cao-(3-Lon-1-65-Kg)-i.915815268.22018921709?extraParams=%7B%22display_model_id%22%3A230773634805%2C%22model_selection_logic%22%3A3%7D
[KOL Hannah]-[SHIP HCM & HN] Combo 4 lốc GrowPLUS+ Váng sữa công thức Cao lớn vượt trội Vani (55g x 16 hộp),458.200₫,5.0,31 đã bán,https://shopee.vn/-KOL-Hannah-SHIP-HCM-HN-Combo-4-l%E1%BB%91c-GrowPLUS-V%C3%A1ng-s%E1%BB%AFa-c%C3%B4ng-th%E1%BB%A9c-Cao-l%E1%BB%9Bn-v%C6%B0%E1%BB%A3t-tr%E1%BB%99i-Vani-(55g-x-16-h%E1%BB%99p)-i.915815268.40858456665?extraParams=%7B%22display_model_id%22%3A280712670432%2C%22model_selection_logic%22%3A3%7D
[Livestream Lucie] Thùng 24 hộp SBPS Nuvi Grow Height 1+ hỗ trợ phát triển chiều cao hộp 180ml,753.620₫,4.9,3k+ đã bán,https://shopee.vn/-Livestream-Lucie-Th%C3%B9ng-24-h%E1%BB%99p-SBPS-Nuvi-Grow-Height-1-h%E1%BB%97-tr%E1%BB%A3-ph%C3%A1t-tri%E1%BB%83n-chi%E1%BB%81u-cao-h%E1%BB%99p-180ml-i.915815268.25760291688?extraParams=%7B%22display_model_id%22%3A240268500062%2C%22model_selection_logic%22%3A3%7D
[Quà tặng không bán] Quạt mini bằng nhựa,196.000₫,4.8 Đánh giá shop,,https://shopee.vn/-Qu%C3%A0-t%E1%BA%B7ng-kh%C3%B4ng-b%C3%A1n-Qu%E1%BA%A1t-mini-b%E1%BA%B1ng-nh%E1%BB%B1a-i.915815268.49161258741?extraParams=%7B%22display_model_id%22%3A325979007029%2C%22model_selection_logic%22%3A3%7D
"Combo 3 Sữa bột Nutifood Sweden GrowPLUS+ Tiêu Hóa (Xanh Nhạt) 2+ - Tiêu hóa khỏe, tăng cân (Lon 800g)",1.448.010₫,4.7,310 đã bán,https://shopee.vn/Combo-3-S%E1%BB%AFa-b%E1%BB%99t-Nutifood-Sweden-GrowPLUS-Ti%C3%AAu-H%C3%B3a-(Xanh-Nh%E1%BA%A1t)-2-Ti%C3%AAu-h%C3%B3a-kh%E1%BB%8Fe-t%C4%83ng-c%C3%A2n-(Lon-800g)-i.915815268.28713495466?extraParams=%7B%22display_model_id%22%3A241738140917%2C%22model_selection_logic%22%3A3%7D
Combo 2 Sữa bột Nutifood GrowPLUS+ Đỏ (Suy Dinh Dưỡng) trên 2 tuổi (2 lon x 850g) - Grow Plus+,898.560₫,4.9,335 đã bán,https://shopee.vn/Combo-2-S%E1%BB%AFa-b%E1%BB%99t-Nutifood-GrowPLUS-%C4%90%E1%BB%8F-(Suy-Dinh-D%C6%B0%E1%BB%A1ng)-tr%C3%AAn-2-tu%E1%BB%95i-(2-lon-x-850g)-Grow-Plus--i.915815268.27705026498?extraParams=%7B%22display_model_id%22%3A79790936154%2C%22model_selection_logic%22%3A3%7D
Combo 2 Sữa Bột Nutifood Sweden GrowPLUS+ Sữa Non Immunel trên 2 tuổi lon 800 g (Bao bì tuỳ lô hàng),1.235.780₫,4.7,1k+ đã bán,https://shopee.vn/Combo-2-S%E1%BB%AFa-B%E1%BB%99t-Nutifood-Sweden-GrowPLUS-S%E1%BB%AFa-Non-Immunel-tr%C3%AAn-2-tu%E1%BB%95i-lon-800-g-(Bao-b%C3%AC-tu%E1%BB%B3-l%C3%B4-h%C3%A0ng)-i.915815268.25803280978?extraParams=%7B%22display_model_id%22%3A204813498235%2C%22model_selection_logic%22%3A3%7D
[Gift] Nồi chiên không dầu AF-35MO1A hiệu Gaabor,637.000₫,4.7,507 đã bán,https://shopee.vn/-Gift-N%E1%BB%93i-chi%C3%AAn-kh%C3%B4ng-d%E1%BA%A7u-AF-35MO1A-hi%E1%BB%87u-Gaabor-i.915815268.42054001219?extraParams=%7B%22display_model_id%22%3A305339265750%2C%22model_selection_logic%22%3A3%7D
[Gift] Combo 3 Lốc 4 hộp GrowPLUS+ Váng sữa công thức Cao lớn vượt trội Socola,426.300₫,4.9,1k+ đã bán,https://shopee.vn/-Gift-Combo-3-L%E1%BB%91c-4-h%E1%BB%99p-GrowPLUS-V%C3%A1ng-s%E1%BB%AFa-c%C3%B4ng-th%E1%BB%A9c-Cao-l%E1%BB%9Bn-v%C6%B0%E1%BB%A3t-tr%E1%BB%99i-Socola-i.915815268.47507621492?extraParams=%7B%22display_model_id%22%3A216373900512%2C%22model_selection_logic%22%3A3%7D
Combo 3 Thùng 24 hộp Sữa bột pha sẵn Nutifood Sweden GrowPLUS+ Colostrum Lactoferrin 110ml,1.167.180₫,4.8,1k+ đã bán,https://shopee.vn/Combo-3-Th%C3%B9ng-24-h%E1%BB%99p-S%E1%BB%AFa-b%E1%BB%99t-pha-s%E1%BA%B5n-Nutifood-Sweden-GrowPLUS-Colostrum-Lactoferrin-110ml-i.915815268.43500027780?extraParams=%7B%22display_model_id%22%3A265001659081%2C%22model_selection_logic%22%3A3%7D
[Gift] Combo 3 Lốc 4 hộp GrowPLUS+ Váng sữa công thức Cao lớn vượt trội Immunel,426.300₫,4.4,165 đã bán,https://shopee.vn/-Gift-Combo-3-L%E1%BB%91c-4-h%E1%BB%99p-GrowPLUS-V%C3%A1ng-s%E1%BB%AFa-c%C3%B4ng-th%E1%BB%A9c-Cao-l%E1%BB%9Bn-v%C6%B0%E1%BB%A3t-tr%E1%BB%99i-Immunel-i.915815268.57857601523?extraParams=%7B%22display_model_id%22%3A390677043128%2C%22model_selection_logic%22%3A3%7D
Sữa Bột Nutifood GrowPLUS+ Biếng Ăn (Xanh) 1+ - Tăng Cân Khỏe Mạnh (Lon 900g),442.560₫,4.9,3k+ đã bán,https://shopee.vn/S%E1%BB%AFa-B%E1%BB%99t-Nutifood-GrowPLUS-Bi%E1%BA%BFng-%C4%82n-(Xanh)-1-T%C4%83ng-C%C3%A2n-Kh%E1%BB%8Fe-M%E1%BA%A1nh-(Lon-900g)-i.915815268.17692696036?extraParams=%7B%22display_model_id%22%3A230947990261%2C%22model_selection_logic%22%3A3%7D
Combo 5 Sữa Bột Nutifood Sweden GrowPLUS+ Sữa Non Immunel lon 800g (Bao bì tuỳ lô hàng),3.089.450₫,4.7,759 đã bán,https://shopee.vn/Combo-5-S%E1%BB%AFa-B%E1%BB%99t-Nutifood-Sweden-GrowPLUS-S%E1%BB%AFa-Non-Immunel-lon-800g-(Bao-b%C3%AC-tu%E1%BB%B3-l%C3%B4-h%C3%A0ng)-i.915815268.25807924305?extraParams=%7B%22display_model_id%22%3A235978578585%2C%22model_selection_logic%22%3A3%7D
Combo 3 thùng 24 hộp Sữa Bột Pha Sẵn Nutifood Sweden GrowPLUS+ Cao lớn vượt trội 110 ml,943.920₫,4.7,1k+ đã bán,https://shopee.vn/Combo-3-th%C3%B9ng-24-h%E1%BB%99p-S%E1%BB%AFa-B%E1%BB%99t-Pha-S%E1%BA%B5n-Nutifood-Sweden-GrowPLUS-Cao-l%E1%BB%9Bn-v%C6%B0%E1%BB%A3t-tr%E1%BB%99i-110-ml-i.915815268.40172199113?extraParams=%7B%22display_model_id%22%3A430491615866%2C%22model_selection_logic%22%3A3%7D
"[Livestream Hannah Olala] Sữa bột Nutifood GrowPLUS+ Suy Dinh Dưỡng (Đỏ) 2+ - Tăng Cân, Tăng Chiều Cao (Lon 1,65 Kg)",901.280₫,5.0,183 đã bán,https://shopee.vn/-Livestream-Hannah-Olala-S%E1%BB%AFa-b%E1%BB%99t-Nutifood-GrowPLUS-Suy-Dinh-D%C6%B0%E1%BB%A1ng-(%C4%90%E1%BB%8F)-2-T%C4%83ng-C%C3%A2n-T%C4%83ng-Chi%E1%BB%81u-Cao-(Lon-1-65-Kg)-i.915815268.28238662747?extraParams=%7B%22display_model_id%22%3A248625309975%2C%22model_selection_logic%22%3A3%7D
Bộ 3 Sữa Bột Nutifood GrowPLUS+ Vàng (Sữa Non Tăng Đề Kháng) - (3 Lonx800g/Lon) - Bao bì thay đổi theo đợt nhập hàng,1.777.440₫,4.6,1k+ đã bán,https://shopee.vn/B%E1%BB%99-3-S%E1%BB%AFa-B%E1%BB%99t-Nutifood-GrowPLUS-V%C3%A0ng-(S%E1%BB%AFa-Non-T%C4%83ng-%C4%90%E1%BB%81-Kh%C3%A1ng)-(3-Lonx800g-Lon)-Bao-b%C3%AC-thay-%C4%91%E1%BB%95i-theo-%C4%91%E1%BB%A3t-nh%E1%BA%ADp-h%C3%A0ng-i.915815268.22535116668?extraParams=%7B%22display_model_id%22%3A204120728308%2C%22model_selection_logic%22%3A3%7D
[Livestream KOL] Combo 3 x Thùng 24 hộp sữa bột pha sẵn GrowPLUS+ A2 beta-casein Hộp 110ml,1.132.080₫,5.0,56 đã bán,https://shopee.vn/-Livestream-KOL-Combo-3-x-Th%C3%B9ng-24-h%E1%BB%99p-s%E1%BB%AFa-b%E1%BB%99t-pha-s%E1%BA%B5n-GrowPLUS-A2-beta-casein-H%E1%BB%99p-110ml-i.915815268.48251637288?extraParams=%7B%22display_model_id%22%3A315148669688%2C%22model_selection_logic%22%3A3%7D
Combo 3 thùng 24 hộp Sữa Bột Pha Sẵn Nutifood Sweden GrowPLUS+ Sữa Non Immunel 180 ml (Bao bì tuỳ lô hàng),1.490.400₫,5.0,161 đã bán,https://shopee.vn/Combo-3-th%C3%B9ng-24-h%E1%BB%99p-S%E1%BB%AFa-B%E1%BB%99t-Pha-S%E1%BA%B5n-Nutifood-Sweden-GrowPLUS-S%E1%BB%AFa-Non-Immunel-180-ml-(Bao-b%C3%AC-tu%E1%BB%B3-l%C3%B4-h%C3%A0ng)-i.915815268.41172207800?extraParams=%7B%22display_model_id%22%3A281805691571%2C%22model_selection_logic%22%3A3%7D
[KOL] - [SHIP HCM & HN] Combo 3 lốc GrowPLUS+ Váng sữa công thức Cao lớn vượt trội Vani (55g x 12 hộp),343.650₫,5.0,130 đã bán,https://shopee.vn/-KOL-SHIP-HCM-HN-Combo-3-l%E1%BB%91c-GrowPLUS-V%C3%A1ng-s%E1%BB%AFa-c%C3%B4ng-th%E1%BB%A9c-Cao-l%E1%BB%9Bn-v%C6%B0%E1%BB%A3t-tr%E1%BB%99i-Vani-(55g-x-12-h%E1%BB%99p)-i.915815268.29532548465?extraParams=%7B%22display_model_id%22%3A248114310124%2C%22model_selection_logic%22%3A3%7D
Combo 3 sữa bột pha sẵn GrowPLUS+ A2 beta-casein Hộp 110ml,1.132.080₫,4.8 Đánh giá shop,,https://shopee.vn/Combo-3-s%E1%BB%AFa-b%E1%BB%99t-pha-s%E1%BA%B5n-GrowPLUS-A2-beta-casein-H%E1%BB%99p-110ml-i.915815268.41530799512?extraParams=%7B%22display_model_id%22%3A272610521704%2C%22model_selection_logic%22%3A3%7D
Combo 4 Thùng 24 hộp Sữa bột pha sẵn Nutifood GrowPLUS+ Vị Chuối Sữa hộp 180ml - Trên 1 tuổi,1.777.920₫,4.8,169 đã bán,https://shopee.vn/Combo-4-Th%C3%B9ng-24-h%E1%BB%99p-S%E1%BB%AFa-b%E1%BB%99t-pha-s%E1%BA%B5n-Nutifood-GrowPLUS-V%E1%BB%8B-Chu%E1%BB%91i-S%E1%BB%AFa-h%E1%BB%99p-180ml-Tr%C3%AAn-1-tu%E1%BB%95i-i.915815268.29379682707?extraParams=%7B%22display_model_id%22%3A257895692290%2C%22model_selection_logic%22%3A3%7D
"Sữa Bột Nutifood GrowPLUS+ Đỏ (Suy Dinh Dưỡng) 400g - Tăng Cân, Tăng Chiều Cao (Lon 400g)",331.000₫,4.9,5k+ đã bán,https://shopee.vn/S%E1%BB%AFa-B%E1%BB%99t-Nutifood-GrowPLUS-%C4%90%E1%BB%8F-(Suy-Dinh-D%C6%B0%E1%BB%A1ng)-400g-T%C4%83ng-C%C3%A2n-T%C4%83ng-Chi%E1%BB%81u-Cao-(Lon-400g)-i.915815268.23016142965?extraParams=%7B%22display_model_id%22%3A203672332206%2C%22model_selection_logic%22%3A3%7D
[Gift A2]  Bình đun siêu tốc Inox Sunhouse,392.000₫,5.0,109 đã bán,https://shopee.vn/-Gift-A2-B%C3%ACnh-%C4%91un-si%C3%AAu-t%E1%BB%91c-Inox-Sunhouse-i.915815268.22864201407?extraParams=%7B%22display_model_id%22%3A232633104775%2C%22model_selection_logic%22%3A3%7D
Thùng 24 hộp Sữa Bột Pha Sẵn Nutifood GrowPLUS+ Vàng (Sữa Non Tăng Đề Kháng) 110ml - Trên 1 tuổi,387.100₫,4.9,3k+ đã bán,https://shopee.vn/Th%C3%B9ng-24-h%E1%BB%99p-S%E1%BB%AFa-B%E1%BB%99t-Pha-S%E1%BA%B5n-Nutifood-GrowPLUS-V%C3%A0ng-(S%E1%BB%AFa-Non-T%C4%83ng-%C4%90%E1%BB%81-Kh%C3%A1ng)-110ml-Tr%C3%AAn-1-tu%E1%BB%95i-i.915815268.26307757942?extraParams=%7B%22display_model_id%22%3A157416210303%2C%22model_selection_logic%22%3A3%7D
"Combo 2 Thùng 24 hộp Sữa bột pha sẵn Nutifood Sweden GrowPLUS+ Tiêu Hóa (Xanh Nhạt) 2+ - Tiêu hóa khỏe, tăng cân 180ml",655.650₫,4.8,419 đã bán,https://shopee.vn/Combo-2-Th%C3%B9ng-24-h%E1%BB%99p-S%E1%BB%AFa-b%E1%BB%99t-pha-s%E1%BA%B5n-Nutifood-Sweden-GrowPLUS-Ti%C3%AAu-H%C3%B3a-(Xanh-Nh%E1%BA%A1t)-2-Ti%C3%AAu-h%C3%B3a-kh%E1%BB%8Fe-t%C4%83ng-c%C3%A2n-180ml-i.915815268.44451377144?extraParams=%7B%22display_model_id%22%3A224244356217%2C%22model_selection_logic%22%3A3%7D
[Quà tặng không bán]Đồ chơi trẻ em bằng nhựa: bộ bác sĩ,294.000₫,4.8,27 đã bán,https://shopee.vn/-Qu%C3%A0-t%E1%BA%B7ng-kh%C3%B4ng-b%C3%A1n-%C4%90%E1%BB%93-ch%C6%A1i-tr%E1%BA%BB-em-b%E1%BA%B1ng-nh%E1%BB%B1a-b%E1%BB%99-b%C3%A1c-s%C4%A9-i.915815268.56806970942?extraParams=%7B%22display_model_id%22%3A228254861247%2C%22model_selection_logic%22%3A3%7D
[Livestream Lucie] Combo 2 Thùng 24 hộp SBPS Nutifood Sweden GrowPLUS+ Sữa Non Immunel hộp 110 ml (Bao bì tuỳ lô hàng),922.560₫,4.9,723 đã bán,https://shopee.vn/-Livestream-Lucie-Combo-2-Th%C3%B9ng-24-h%E1%BB%99p-SBPS-Nutifood-Sweden-GrowPLUS-S%E1%BB%AFa-Non-Immunel-h%E1%BB%99p-110-ml-(Bao-b%C3%AC-tu%E1%BB%B3-l%C3%B4-h%C3%A0ng)-i.915815268.40969174467?extraParams=%7B%22display_model_id%22%3A198704271464%2C%22model_selection_logic%22%3A3%7D
"[SVIP] Combo 2 Sữa bột Nutifood GrowPLUS+ Suy Dinh Dưỡng (Đỏ) 1+ - Tăng Cân, Tăng Chiều Cao (2 Lon 1,65 Kg)",2.437.260₫,4.4,63 đã bán,https://shopee.vn/-SVIP-Combo-2-S%E1%BB%AFa-b%E1%BB%99t-Nutifood-GrowPLUS-Suy-Dinh-D%C6%B0%E1%BB%A1ng-(%C4%90%E1%BB%8F)-1-T%C4%83ng-C%C3%A2n-T%C4%83ng-Chi%E1%BB%81u-Cao-(2-Lon-1-65-Kg)-i.915815268.24633339645?extraParams=%7B%22display_model_id%22%3A166567633078%2C%22model_selection_logic%22%3A3%7D
[Gift] Chảo từ Sunhouse SHM26,490.000₫,4.7,317 đã bán,https://shopee.vn/-Gift-Ch%E1%BA%A3o-t%E1%BB%AB-Sunhouse-SHM26-i.915815268.40256372035?extraParams=%7B%22display_model_id%22%3A208575895653%2C%22model_selection_logic%22%3A3%7D
Combo 4 Thùng 24 hộp SBPS Nuvi Grow Height vị chuối 1+ hỗ trợ phát triển chiều cao hộp 110ml,1.113.280₫,5.0,76 đã bán,https://shopee.vn/Combo-4-Th%C3%B9ng-24-h%E1%BB%99p-SBPS-Nuvi-Grow-Height-v%E1%BB%8B-chu%E1%BB%91i-1-h%E1%BB%97-tr%E1%BB%A3-ph%C3%A1t-tri%E1%BB%83n-chi%E1%BB%81u-cao-h%E1%BB%99p-110ml-i.915815268.41818514212?extraParams=%7B%22display_model_id%22%3A315737382935%2C%22model_selection_logic%22%3A3%7D
Combo SB NTF Sweden GrowPLUS+ Cao lớn vượt trội (Bạc) & Sữa Non Immunel trên 1 tuổi (2 lon x 800 g) (Bao bì tuỳ lô hàng),1.183.000₫,4.7,581 đã bán,https://shopee.vn/Combo-SB-NTF-Sweden-GrowPLUS-Cao-l%E1%BB%9Bn-v%C6%B0%E1%BB%A3t-tr%E1%BB%99i-(B%E1%BA%A1c)-S%E1%BB%AFa-Non-Immunel-tr%C3%AAn-1-tu%E1%BB%95i-(2-lon-x-800-g)-(Bao-b%C3%AC-tu%E1%BB%B3-l%C3%B4-h%C3%A0ng)-i.915815268.26483830335?extraParams=%7B%22display_model_id%22%3A243259175941%2C%22model_selection_logic%22%3A3%7D
[Gift] Đồ chơi - Balo súng nước hoạt hình,176.400₫,4.9,2k+ đã bán,https://shopee.vn/-Gift-%C4%90%E1%BB%93-ch%C6%A1i-Balo-s%C3%BAng-n%C6%B0%E1%BB%9Bc-ho%E1%BA%A1t-h%C3%ACnh-i.915815268.27081033404?extraParams=%7B%22display_model_id%22%3A227581533208%2C%22model_selection_logic%22%3A3%7D
[SHIP HCM & HN] Combo 6 lốc GrowPLUS+ Váng sữa công thức mix 2 Vani & 2 Socola & 2 Sữa non Immunel (6 lốc x 4 hộp),852.600₫,5.0,5 đã bán,https://shopee.vn/-SHIP-HCM-HN-Combo-6-l%E1%BB%91c-GrowPLUS-V%C3%A1ng-s%E1%BB%AFa-c%C3%B4ng-th%E1%BB%A9c-mix-2-Vani-2-Socola-2-S%E1%BB%AFa-non-Immunel-(6-l%E1%BB%91c-x-4-h%E1%BB%99p)-i.915815268.26432553095?extraParams=%7B%22display_model_id%22%3A248114310121%2C%22model_selection_logic%22%3A3%7D
Combo 3 thùng 24 hộp Sữa Bột Pha Sẵn Nutifood Sweden GrowPLUS+ Sữa Non Immunel 110 ml (Bao bì tuỳ lô hàng),987.660₫,4.7,760 đã bán,https://shopee.vn/Combo-3-th%C3%B9ng-24-h%E1%BB%99p-S%E1%BB%AFa-B%E1%BB%99t-Pha-S%E1%BA%B5n-Nutifood-Sweden-GrowPLUS-S%E1%BB%AFa-Non-Immunel-110-ml-(Bao-b%C3%AC-tu%E1%BB%B3-l%C3%B4-h%C3%A0ng)-i.915815268.40122198657?extraParams=%7B%22display_model_id%22%3A266805913039%2C%22model_selection_logic%22%3A3%7D
"[Livestream KOL] Sữa bột Nutifood Sweden GrowPLUS+ Tiêu Hóa (Xanh Nhạt) 2+ - Tiêu hóa khỏe, tăng cân (Lon 800g)",676.110₫,4.8,141 đã bán,https://shopee.vn/-Livestream-KOL-S%E1%BB%AFa-b%E1%BB%99t-Nutifood-Sweden-GrowPLUS-Ti%C3%AAu-H%C3%B3a-(Xanh-Nh%E1%BA%A1t)-2-Ti%C3%AAu-h%C3%B3a-kh%E1%BB%8Fe-t%C4%83ng-c%C3%A2n-(Lon-800g)-i.915815268.26935786528?extraParams=%7B%22display_model_id%22%3A258360555417%2C%22model_selection_logic%22%3A3%7D
Combo 3 Thùng 24 hộp Sữa bột pha sẵn Nutifood Sweden GrowPLUS+ Colostrum Lactoferrin 180ml,1.755.180₫,4.6,252 đã bán,https://shopee.vn/Combo-3-Th%C3%B9ng-24-h%E1%BB%99p-S%E1%BB%AFa-b%E1%BB%99t-pha-s%E1%BA%B5n-Nutifood-Sweden-GrowPLUS-Colostrum-Lactoferrin-180ml-i.915815268.26786345836?extraParams=%7B%22display_model_id%22%3A295001031983%2C%22model_selection_logic%22%3A3%7D
"[LIVESTREAM KOL] Sữa Bột Nutifood GrowPLUS+ Biếng Ăn (Xanh) 2+ - Tăng Cân Khỏe Mạnh (Lon 1,65 Kg)",716.400₫,4.9,770 đã bán,https://shopee.vn/-LIVESTREAM-KOL-S%E1%BB%AFa-B%E1%BB%99t-Nutifood-GrowPLUS-Bi%E1%BA%BFng-%C4%82n-(Xanh)-2-T%C4%83ng-C%C3%A2n-Kh%E1%BB%8Fe-M%E1%BA%A1nh-(Lon-1-65-Kg)-i.915815268.26982514800?extraParams=%7B%22display_model_id%22%3A167095320453%2C%22model_selection_logic%22%3A3%7D
"Combo 3 Sữa bột Nutifood Sweden GrowPLUS+ Tiêu Hóa (Xanh Nhạt) 1+ - Tiêu hóa khỏe, tăng cân (Lon 800g)",1.537.290₫,4.7,432 đã bán,https://shopee.vn/Combo-3-S%E1%BB%AFa-b%E1%BB%99t-Nutifood-Sweden-GrowPLUS-Ti%C3%AAu-H%C3%B3a-(Xanh-Nh%E1%BA%A1t)-1-Ti%C3%AAu-h%C3%B3a-kh%E1%BB%8Fe-t%C4%83ng-c%C3%A2n-(Lon-800g)-i.915815268.27313495454?extraParams=%7B%22display_model_id%22%3A236855334693%2C%22model_selection_logic%22%3A3%7D
"Combo 2 Sữa bột Nutifood Sweden GrowPLUS+ Tiêu Hóa (Xanh Nhạt) 1+ - Tiêu hóa khỏe, tăng cân (Lon 800g)",1.024.860₫,4.8,834 đã bán,https://shopee.vn/Combo-2-S%E1%BB%AFa-b%E1%BB%99t-Nutifood-Sweden-GrowPLUS-Ti%C3%AAu-H%C3%B3a-(Xanh-Nh%E1%BA%A1t)-1-Ti%C3%AAu-h%C3%B3a-kh%E1%BB%8Fe-t%C4%83ng-c%C3%A2n-(Lon-800g)-i.915815268.29213490313?extraParams=%7B%22display_model_id%22%3A185445702779%2C%22model_selection_logic%22%3A3%7D
Combo 3 Thùng 24 hộp Sữa bột pha sẵn Nutifood GrowPLUS+ Vị Dâu Sữa hộp 110ml - Trên 1 tuổi,869.250₫,4.9,798 đã bán,https://shopee.vn/Combo-3-Th%C3%B9ng-24-h%E1%BB%99p-S%E1%BB%AFa-b%E1%BB%99t-pha-s%E1%BA%B5n-Nutifood-GrowPLUS-V%E1%BB%8B-D%C3%A2u-S%E1%BB%AFa-h%E1%BB%99p-110ml-Tr%C3%AAn-1-tu%E1%BB%95i-i.915815268.28527523143?extraParams=%7B%22display_model_id%22%3A218249840496%2C%22model_selection_logic%22%3A3%7D
Combo 2 Sữa bột Nutifood Sweden GrowPLUS+ Colostrum Lactoferrin 2+ 800g,1.430.800₫,4.8,799 đã bán,https://shopee.vn/Combo-2-S%E1%BB%AFa-b%E1%BB%99t-Nutifood-Sweden-GrowPLUS-Colostrum-Lactoferrin-2-800g-i.915815268.42100027704?extraParams=%7B%22display_model_id%22%3A295001032201%2C%22model_selection_logic%22%3A3%7D
Combo 4 thùng 24 hộp Sữa Bột Pha Sẵn Nutifood Sweden GrowPLUS+ Cao lớn vượt trội 180 ml,1.881.880₫,4.7,545 đã bán,https://shopee.vn/Combo-4-th%C3%B9ng-24-h%E1%BB%99p-S%E1%BB%AFa-B%E1%BB%99t-Pha-S%E1%BA%B5n-Nutifood-Sweden-GrowPLUS-Cao-l%E1%BB%9Bn-v%C6%B0%E1%BB%A3t-tr%E1%BB%99i-180-ml-i.915815268.29592393786?extraParams=%7B%22display_model_id%22%3A277367883259%2C%22model_selection_logic%22%3A3%7D
[Livestream Lucie] Combo 2 Thùng 24 hộp SBPS Nutifood Sweden GrowPLUS+ Sữa Non Immunel hộp 180 ml (Bao bì tuỳ lô hàng),1.391.040₫,4.9,194 đã bán,https://shopee.vn/-Livestream-Lucie-Combo-2-Th%C3%B9ng-24-h%E1%BB%99p-SBPS-Nutifood-Sweden-GrowPLUS-S%E1%BB%AFa-Non-Immunel-h%E1%BB%99p-180-ml-(Bao-b%C3%AC-tu%E1%BB%B3-l%C3%B4-h%C3%A0ng)-i.915815268.42619173422?extraParams=%7B%22display_model_id%22%3A266571558515%2C%22model_selection_logic%22%3A3%7D
[Livestream Lucie] Thùng 24 hộp Sữa bột pha sẵn Nutifood GrowPLUS+ Vị Dâu Sữa hộp 180ml - Trên 1 tuổi (24 hộp x 180ml),739.200₫,5.0,112 đã bán,https://shopee.vn/-Livestream-Lucie-Th%C3%B9ng-24-h%E1%BB%99p-S%E1%BB%AFa-b%E1%BB%99t-pha-s%E1%BA%B5n-Nutifood-GrowPLUS-V%E1%BB%8B-D%C3%A2u-S%E1%BB%AFa-h%E1%BB%99p-180ml-Tr%C3%AAn-1-tu%E1%BB%95i-(24-h%E1%BB%99p-x-180ml)-i.915815268.43419164937?extraParams=%7B%22display_model_id%22%3A261571554996%2C%22model_selection_logic%22%3A3%7D
Box trải nghiệm 2 Lốc Sữa bột pha sẵn GippsNature Organic A2 hộp 110ml,199.000₫,4.8 Đánh giá shop,,https://shopee.vn/Box-tr%E1%BA%A3i-nghi%E1%BB%87m-2-L%E1%BB%91c-S%E1%BB%AFa-b%E1%BB%99t-pha-s%E1%BA%B5n-GippsNature-Organic-A2-h%E1%BB%99p-110ml-i.915815268.55610357628?extraParams=%7B%22display_model_id%22%3A208833317615%2C%22model_selection_logic%22%3A3%7D
[Livestream Lucie] Thùng 24 hộp Sữa bột pha sẵn Nutifood Sweden GrowPLUS+ Vị Chuối Sữa Trên 1 tuổi(24 x 180ml),739.200₫,4.9,95 đã bán,https://shopee.vn/-Livestream-Lucie-Th%C3%B9ng-24-h%E1%BB%99p-S%E1%BB%AFa-b%E1%BB%99t-pha-s%E1%BA%B5n-Nutifood-Sweden-GrowPLUS-V%E1%BB%8B-Chu%E1%BB%91i-S%E1%BB%AFa-Tr%C3%AAn-1-tu%E1%BB%95i(24-x-180ml)-i.915815268.40869174484?extraParams=%7B%22display_model_id%22%3A89233756368%2C%22model_selection_logic%22%3A3%7D
Combo 3 Sữa bột Nutifood GrowPLUS+ Đỏ (Suy Dinh Dưỡng) trên 2 tuổi (3 lon x 850g) - Grow Plus+,1.347.840₫,4.9,249 đã bán,https://shopee.vn/Combo-3-S%E1%BB%AFa-b%E1%BB%99t-Nutifood-GrowPLUS-%C4%90%E1%BB%8F-(Suy-Dinh-D%C6%B0%E1%BB%A1ng)-tr%C3%AAn-2-tu%E1%BB%95i-(3-lon-x-850g)-Grow-Plus--i.915815268.29505026476?extraParams=%7B%22display_model_id%22%3A197643816367%2C%22model_selection_logic%22%3A3%7D
Combo 3 Thùng 24 hộp Sữa bột pha sẵn Nutifood Sweden GrowPLUS+ Vị Chuối Sữa hộp 110ml Trên 1 tuổi,896.700₫,4.8,373 đã bán,https://shopee.vn/Combo-3-Th%C3%B9ng-24-h%E1%BB%99p-S%E1%BB%AFa-b%E1%BB%99t-pha-s%E1%BA%B5n-Nutifood-Sweden-GrowPLUS-V%E1%BB%8B-Chu%E1%BB%91i-S%E1%BB%AFa-h%E1%BB%99p-110ml-Tr%C3%AAn-1-tu%E1%BB%95i-i.915815268.25692508203?extraParams=%7B%22display_model_id%22%3A242852168471%2C%22model_selection_logic%22%3A3%7D
[Gift A2] Đàn guitar vịt vàng cho bé,980.000₫,4.8 Đánh giá shop,,https://shopee.vn/-Gift-A2-%C4%90%C3%A0n-guitar-v%E1%BB%8Bt-v%C3%A0ng-cho-b%C3%A9-i.915815268.57861588588?extraParams=%7B%22display_model_id%22%3A391007087407%2C%22model_selection_logic%22%3A3%7D
Gift-Đàn guitar đủ màu cho bé,980.000₫,4.8 Đánh giá shop,,https://shopee.vn/Gift-%C4%90%C3%A0n-guitar-%C4%91%E1%BB%A7-m%C3%A0u-cho-b%C3%A9-i.915815268.55211591635?extraParams=%7B%22display_model_id%22%3A277666932117%2C%22model_selection_logic%22%3A3%7D
Quà tặng không bán - Ly kem,980.000₫,4.8 Đánh giá shop,,https://shopee.vn/Qu%C3%A0-t%E1%BA%B7ng-kh%C3%B4ng-b%C3%A1n-Ly-kem-i.915815268.55110949947?extraParams=%7B%22display_model_id%22%3A315956681098%2C%22model_selection_logic%22%3A3%7D
[Gift A2] Bộ bảng xếp hình vịt vàng cho bé,980.000₫,4.8 Đánh giá shop,,https://shopee.vn/-Gift-A2-B%E1%BB%99-b%E1%BA%A3ng-x%E1%BA%BFp-h%C3%ACnh-v%E1%BB%8Bt-v%C3%A0ng-cho-b%C3%A9-i.915815268.54761592518?extraParams=%7B%22display_model_id%22%3A416007091220%2C%22model_selection_logic%22%3A3%7D
[Gift A2] Bộ bảng nhựa tự xóa cho bé,980.000₫,4.8 Đánh giá shop,,https://shopee.vn/-Gift-A2-B%E1%BB%99-b%E1%BA%A3ng-nh%E1%BB%B1a-t%E1%BB%B1-x%C3%B3a-cho-b%C3%A9-i.915815268.54761592496?extraParams=%7B%22display_model_id%22%3A238295572355%2C%22model_selection_logic%22%3A3%7D
[Gift A2] Nồi hấp đa năng 2 tầng Bear,980.000₫,4.8 Đánh giá shop,,https://shopee.vn/-Gift-A2-N%E1%BB%93i-h%E1%BA%A5p-%C4%91a-n%C4%83ng-2-t%E1%BA%A7ng-Bear-i.915815268.54761592490?extraParams=%7B%22display_model_id%22%3A234698390638%2C%22model_selection_logic%22%3A3%7D
[Gift A2] Bình đựng nước,980.000₫,4.8 Đánh giá shop,,https://shopee.vn/-Gift-A2-B%C3%ACnh-%C4%91%E1%BB%B1ng-n%C6%B0%E1%BB%9Bc-i.915815268.54459243454?extraParams=%7B%22display_model_id%22%3A410818334699%2C%22model_selection_logic%22%3A3%7D
[Quà tặng không bán] Đồ chơi trẻ em bằng nhựa: bộ xúc cát - M15,196.000₫,4.8 Đánh giá shop,,https://shopee.vn/-Qu%C3%A0-t%E1%BA%B7ng-kh%C3%B4ng-b%C3%A1n-%C4%90%E1%BB%93-ch%C6%A1i-tr%E1%BA%BB-em-b%E1%BA%B1ng-nh%E1%BB%B1a-b%E1%BB%99-x%C3%BAc-c%C3%A1t-M15-i.915815268.54061240033?extraParams=%7B%22display_model_id%22%3A350979003191%2C%22model_selection_logic%22%3A3%7D
"[Quà tặng không bán] Nồi bằng hợp kim thép, cán bằng gỗ",343.000₫,4.8 Đánh giá shop,,https://shopee.vn/-Qu%C3%A0-t%E1%BA%B7ng-kh%C3%B4ng-b%C3%A1n-N%E1%BB%93i-b%E1%BA%B1ng-h%E1%BB%A3p-kim-th%C3%A9p-c%C3%A1n-b%E1%BA%B1ng-g%E1%BB%97-i.915815268.54061224955?extraParams=%7B%22display_model_id%22%3A345979015113%2C%22model_selection_logic%22%3A3%7D
[Gift A2] Ly thủy tinh hoạt hình,980.000₫,4.8 Đánh giá shop,,https://shopee.vn/-Gift-A2-Ly-th%E1%BB%A7y-tinh-ho%E1%BA%A1t-h%C3%ACnh-i.915815268.53611105744?extraParams=%7B%22display_model_id%22%3A405967308147%2C%22model_selection_logic%22%3A3%7D
[Gift A2] Bảng vẽ hình gấu trúc cho bé,980.000₫,4.8 Đánh giá shop,,https://shopee.vn/-Gift-A2-B%E1%BA%A3ng-v%E1%BA%BD-h%C3%ACnh-g%E1%BA%A5u-tr%C3%BAc-cho-b%C3%A9-i.915815268.52211583955?extraParams=%7B%22display_model_id%22%3A406007087494%2C%22model_selection_logic%22%3A3%7D
[Quà tặng không bán] Đồ chơi trẻ em bằng nhựa: bộ bàn bóng đá bi lắc,294.000₫,4.8 Đánh giá shop,,https://shopee.vn/-Qu%C3%A0-t%E1%BA%B7ng-kh%C3%B4ng-b%C3%A1n-%C4%90%E1%BB%93-ch%C6%A1i-tr%E1%BA%BB-em-b%E1%BA%B1ng-nh%E1%BB%B1a-b%E1%BB%99-b%C3%A0n-b%C3%B3ng-%C4%91%C3%A1-bi-l%E1%BA%AFc-i.915815268.51761229819?extraParams=%7B%22display_model_id%22%3A350979006950%2C%22model_selection_logic%22%3A3%7D
[Quà tặng không bán] Đồ chơi trẻ em bằng nhựa: bộ xúc cát - M18,196.000₫,4.8 Đánh giá shop,,https://shopee.vn/-Qu%C3%A0-t%E1%BA%B7ng-kh%C3%B4ng-b%C3%A1n-%C4%90%E1%BB%93-ch%C6%A1i-tr%E1%BA%BB-em-b%E1%BA%B1ng-nh%E1%BB%B1a-b%E1%BB%99-x%C3%BAc-c%C3%A1t-M18-i.915815268.51661229881?extraParams=%7B%22display_model_id%22%3A370979002348%2C%22model_selection_logic%22%3A3%7D
[Quà tặng không bán] Đồ chơi trẻ em bằng giấy: Bộ ghép hình hình quyển sổ chữ số,196.000₫,4.8 Đánh giá shop,,https://shopee.vn/-Qu%C3%A0-t%E1%BA%B7ng-kh%C3%B4ng-b%C3%A1n-%C4%90%E1%BB%93-ch%C6%A1i-tr%E1%BA%BB-em-b%E1%BA%B1ng-gi%E1%BA%A5y-B%E1%BB%99-gh%C3%A9p-h%C3%ACnh-h%C3%ACnh-quy%E1%BB%83n-s%E1%BB%95-ch%E1%BB%AF-s%E1%BB%91-i.915815268.51361241268?extraParams=%7B%22display_model_id%22%3A390978999403%2C%22model_selection_logic%22%3A3%7D
[Quà tặng không bán] Vali kéo cho trẻ em,588.000₫,4.8 Đánh giá shop,,https://shopee.vn/-Qu%C3%A0-t%E1%BA%B7ng-kh%C3%B4ng-b%C3%A1n-Vali-k%C3%A9o-cho-tr%E1%BA%BB-em-i.915815268.51261241357?extraParams=%7B%22display_model_id%22%3A370979002450%2C%22model_selection_logic%22%3A3%7D
[Gift A2] Bộ bảng xếp hình gấu cho bé,980.000₫,4.8 Đánh giá shop,,https://shopee.vn/-Gift-A2-B%E1%BB%99-b%E1%BA%A3ng-x%E1%BA%BFp-h%C3%ACnh-g%E1%BA%A5u-cho-b%C3%A9-i.915815268.50711588607?extraParams=%7B%22display_model_id%22%3A376007091431%2C%22model_selection_logic%22%3A3%7D
[Gift A2] Nồi inox 5 đáy Sunhouse,9.800.000₫,4.8 Đánh giá shop,,https://shopee.vn/-Gift-A2-N%E1%BB%93i-inox-5-%C4%91%C3%A1y-Sunhouse-i.915815268.50711588606?extraParams=%7B%22display_model_id%22%3A376007091430%2C%22model_selection_logic%22%3A3%7D
[Gift A2] Bộ vợt cầu lông bằng nhựa cho bé,980.000₫,4.8 Đánh giá shop,,https://shopee.vn/-Gift-A2-B%E1%BB%99-v%E1%BB%A3t-c%E1%BA%A7u-l%C3%B4ng-b%E1%BA%B1ng-nh%E1%BB%B1a-cho-b%C3%A9-i.915815268.50461238660?extraParams=%7B%22display_model_id%22%3A435979011261%2C%22model_selection_logic%22%3A3%7D
[Quà tặng không bán] Đồ chơi trẻ em bằng nhựa: bộ xúc cát - M23,294.000₫,4.8 Đánh giá shop,,https://shopee.vn/-Qu%C3%A0-t%E1%BA%B7ng-kh%C3%B4ng-b%C3%A1n-%C4%90%E1%BB%93-ch%C6%A1i-tr%E1%BA%BB-em-b%E1%BA%B1ng-nh%E1%BB%B1a-b%E1%BB%99-x%C3%BAc-c%C3%A1t-M23-i.915815268.50361238759?extraParams=%7B%22display_model_id%22%3A425979011450%2C%22model_selection_logic%22%3A3%7D
[Gift A2] Xe chòi chân cho bé,980.000₫,4.8 Đánh giá shop,,https://shopee.vn/-Gift-A2-Xe-ch%C3%B2i-ch%C3%A2n-cho-b%C3%A9-i.915815268.50210902071?extraParams=%7B%22display_model_id%22%3A405952007284%2C%22model_selection_logic%22%3A3%7D
[Quà tặng không bán] Đồ chơi trẻ em:bộ ghép hình hình dáng cuốn sổ nhựa+giấy bìa,196.000₫,4.8 Đánh giá shop,,https://shopee.vn/-Qu%C3%A0-t%E1%BA%B7ng-kh%C3%B4ng-b%C3%A1n-%C4%90%E1%BB%93-ch%C6%A1i-tr%E1%BA%BB-em-b%E1%BB%99-gh%C3%A9p-h%C3%ACnh-h%C3%ACnh-d%C3%A1ng-cu%E1%BB%91n-s%E1%BB%95-nh%E1%BB%B1a-gi%E1%BA%A5y-b%C3%ACa-i.915815268.49161258780?extraParams=%7B%22display_model_id%22%3A350979006946%2C%22model_selection_logic%22%3A3%7D
[Quà tặng không bán] Đồ chơi trẻ em bằng nhựa: bộ xúc cát - M21,294.000₫,4.8 Đánh giá shop,,https://shopee.vn/-Qu%C3%A0-t%E1%BA%B7ng-kh%C3%B4ng-b%C3%A1n-%C4%90%E1%BB%93-ch%C6%A1i-tr%E1%BA%BB-em-b%E1%BA%B1ng-nh%E1%BB%B1a-b%E1%BB%99-x%C3%BAc-c%C3%A1t-M21-i.915815268.49161258758?extraParams=%7B%22display_model_id%22%3A410979010731%2C%22model_selection_logic%22%3A3%7D
[Gift A2] Quạt để bàn mini,980.000₫,4.8 Đánh giá shop,,https://shopee.vn/-Gift-A2-Qu%E1%BA%A1t-%C4%91%E1%BB%83-b%C3%A0n-mini-i.915815268.48561620193?extraParams=%7B%22display_model_id%22%3A167405316822%2C%22model_selection_logic%22%3A3%7D
[Gift A2]  Hộp đựng cơm inox,980.000₫,4.8 Đánh giá shop,,https://shopee.vn/-Gift-A2-H%E1%BB%99p-%C4%91%E1%BB%B1ng-c%C6%A1m-inox-i.915815268.47660922317?extraParams=%7B%22display_model_id%22%3A410951737463%2C%22model_selection_logic%22%3A3%7D
[Gift A2] Bộ đồ chơi bác sĩ cho bé,980.000₫,4.8 Đánh giá shop,,https://shopee.vn/-Gift-A2-B%E1%BB%99-%C4%91%E1%BB%93-ch%C6%A1i-b%C3%A1c-s%C4%A9-cho-b%C3%A9-i.915815268.47611612534?extraParams=%7B%22display_model_id%22%3A69605022302%2C%22model_selection_logic%22%3A3%7D
[Gift A2] Quạt điện cầm tay mini,980.000₫,4.8 Đánh giá shop,,https://shopee.vn/-Gift-A2-Qu%E1%BA%A1t-%C4%91i%E1%BB%87n-c%E1%BA%A7m-tay-mini-i.915815268.47611612476?extraParams=%7B%22display_model_id%22%3A371007091307%2C%22model_selection_logic%22%3A3%7D
[Gift A2] Gậy xịt nước hình thú cho bé,980.000₫,4.8 Đánh giá shop,,https://shopee.vn/-Gift-A2-G%E1%BA%ADy-x%E1%BB%8Bt-n%C6%B0%E1%BB%9Bc-h%C3%ACnh-th%C3%BA-cho-b%C3%A9-i.915815268.47611612474?extraParams=%7B%22display_model_id%22%3A371007091301%2C%22model_selection_logic%22%3A3%7D
[Quà tặng không bán] Chảo siêu bền đá sâu đáy từ Sunhouse Trendy SBD24MA,392.000₫,4.8 Đánh giá shop,,https://shopee.vn/-Qu%C3%A0-t%E1%BA%B7ng-kh%C3%B4ng-b%C3%A1n-Cha%CC%89o-si%C3%AAu-b%C3%AA%CC%80n-%C4%91a%CC%81-s%C3%A2u-%C4%91a%CC%81y-t%C6%B0%CC%80-Sunhouse-Trendy-SBD24MA-i.915815268.47161297794?extraParams=%7B%22display_model_id%22%3A277652381794%2C%22model_selection_logic%22%3A3%7D
[Gift A2] Bộ đồng hồ hoạt hình cho bé,980.000₫,4.8 Đánh giá shop,,https://shopee.vn/-Gift-A2-B%E1%BB%99-%C4%91%E1%BB%93ng-h%E1%BB%93-ho%E1%BA%A1t-h%C3%ACnh-cho-b%C3%A9-i.915815268.47111244982?extraParams=%7B%22display_model_id%22%3A440979011403%2C%22model_selection_logic%22%3A3%7D
[Gift A2]  Bình nước thủy tinh đủ màu,980.000₫,4.8 Đánh giá shop,,https://shopee.vn/-Gift-A2-B%C3%ACnh-n%C6%B0%E1%BB%9Bc-th%E1%BB%A7y-tinh-%C4%91%E1%BB%A7-m%C3%A0u-i.915815268.46661390813?extraParams=%7B%22display_model_id%22%3A69955100449%2C%22model_selection_logic%22%3A3%7D
[Gift A2] Điện thoại đồ chơi phát nhạc cho bé,980.000₫,4.8 Đánh giá shop,,https://shopee.vn/-Gift-A2-%C4%90i%E1%BB%87n-tho%E1%BA%A1i-%C4%91%E1%BB%93-ch%C6%A1i-ph%C3%A1t-nh%E1%BA%A1c-cho-b%C3%A9-i.915815268.46311121072?extraParams=%7B%22display_model_id%22%3A410967298949%2C%22model_selection_logic%22%3A3%7D
[Gift A2]  Vali kéo cho trẻ em,980.000₫,4.8 Đánh giá shop,,https://shopee.vn/-Gift-A2-Vali-k%C3%A9o-cho-tr%E1%BA%BB-em-i.915815268.44660985475?extraParams=%7B%22display_model_id%22%3A297637494858%2C%22model_selection_logic%22%3A3%7D
[Quà tặng không bán] Đồ chơi trẻ em bằng nhựa:bộ xe ô tô chạy đà,343.000₫,4.8 Đánh giá shop,,https://shopee.vn/-Qu%C3%A0-t%E1%BA%B7ng-kh%C3%B4ng-b%C3%A1n-%C4%90%E1%BB%93-ch%C6%A1i-tr%E1%BA%BB-em-b%E1%BA%B1ng-nh%E1%BB%B1a-b%E1%BB%99-xe-%C3%B4-t%C3%B4-ch%E1%BA%A1y-%C4%91%C3%A0-i.915815268.42131236240?extraParams=%7B%22display_model_id%22%3A370979002490%2C%22model_selection_logic%22%3A3%7D
[Gift A2] Bộ đồ chơi xúc cát cho bé,980.000₫,4.8 Đánh giá shop,,https://shopee.vn/-Gift-A2-B%E1%BB%99-%C4%91%E1%BB%93-ch%C6%A1i-x%C3%BAc-c%C3%A1t-cho-b%C3%A9-i.915815268.41631407607?extraParams=%7B%22display_model_id%22%3A277667103695%2C%22model_selection_logic%22%3A3%7D
[Gift A2]Đàn music piano cho bé,980.000₫,4.8 Đánh giá shop,,https://shopee.vn/-Gift-A2-%C4%90%C3%A0n-music-piano-cho-b%C3%A9-i.915815268.41531407630?extraParams=%7B%22display_model_id%22%3A416007095449%2C%22model_selection_logic%22%3A3%7D
[Gift A2] Xe đạp khủng long ba bánh cho bé,980.000₫,4.8 Đánh giá shop,,https://shopee.vn/-Gift-A2-Xe-%C4%91%E1%BA%A1p-kh%E1%BB%A7ng-long-ba-b%C3%A1nh-cho-b%C3%A9-i.915815268.28294876355?extraParams=%7B%22display_model_id%22%3A330952022993%2C%22model_selection_logic%22%3A3%7D
[Livestream BeyondK] Thùng Sữa Bột Pha Sẵn GrowPLUS+ Sữa Non Tăng Đề Kháng 110ml trên 1 tuổi - (48 Hộp x 110ml),774.200₫,4.8,373 đã bán,https://shopee.vn/-Livestream-BeyondK-Th%C3%B9ng-S%E1%BB%AFa-B%E1%BB%99t-Pha-S%E1%BA%B5n-GrowPLUS-S%E1%BB%AFa-Non-T%C4%83ng-%C4%90%E1%BB%81-Kh%C3%A1ng-110ml-tr%C3%AAn-1-tu%E1%BB%95i-(48-H%E1%BB%99p-x-110ml)-i.915815268.27790459655?extraParams=%7B%22display_model_id%22%3A253796563149%2C%22model_selection_logic%22%3A3%7D
Thùng 24 hộp Sữa bột pha sẵn GrowPLUS+ A2 beta-casein Hộp 180ml,598.080₫,5.0,6 đã bán,https://shopee.vn/Th%C3%B9ng-24-h%E1%BB%99p-S%E1%BB%AFa-b%E1%BB%99t-pha-s%E1%BA%B5n-GrowPLUS-A2-beta-casein-H%E1%BB%99p-180ml-i.915815268.44760378792?extraParams=%7B%22display_model_id%22%3A262610648174%2C%22model_selection_logic%22%3A3%7D
[Livestream BeyondK] Thùng 24 hộp Sữa bột pha sẵn Nutifood Sweden GrowPLUS+ Colostrum Lactoferrin 180ml,821.240₫,4.8 Đánh giá shop,,https://shopee.vn/-Livestream-BeyondK-Th%C3%B9ng-24-h%E1%BB%99p-S%E1%BB%AFa-b%E1%BB%99t-pha-s%E1%BA%B5n-Nutifood-Sweden-GrowPLUS-Colostrum-Lactoferrin-180ml-i.915815268.27990459651?extraParams=%7B%22display_model_id%22%3A224447104098%2C%22model_selection_logic%22%3A3%7D
[LIVESTREAM KOL] Thùng 24 hộp Sữa bột pha sẵn Nutifood Sweden GrowPLUS+ Vị Chuối Sữa hộp 180ml - Trên 1 tuổi(24 x 180ml),739.200₫,4.9,666 đã bán,https://shopee.vn/-LIVESTREAM-KOL-Th%C3%B9ng-24-h%E1%BB%99p-S%E1%BB%AFa-b%E1%BB%99t-pha-s%E1%BA%B5n-Nutifood-Sweden-GrowPLUS-V%E1%BB%8B-Chu%E1%BB%91i-S%E1%BB%AFa-h%E1%BB%99p-180ml-Tr%C3%AAn-1-tu%E1%BB%95i(24-x-180ml)-i.915815268.24893722145?extraParams=%7B%22display_model_id%22%3A258111735705%2C%22model_selection_logic%22%3A3%7D
Combo 3 Sữa bột Nutifood Sweden GrowPLUS+ Colostrum Lactoferrin 2+ 800g,2.146.200₫,4.8,279 đã bán,https://shopee.vn/Combo-3-S%E1%BB%AFa-b%E1%BB%99t-Nutifood-Sweden-GrowPLUS-Colostrum-Lactoferrin-2-800g-i.915815268.41250012878?extraParams=%7B%22display_model_id%22%3A305001044277%2C%22model_selection_logic%22%3A3%7D
"[Livestream KOL] Combo 2 Sữa bột Nutifood GrowPLUS+ Suy Dinh Dưỡng (Đỏ) 2+ Tăng Cân, Tăng Chiều Cao (2 Lon 1,65 Kg)",1.801.700₫,4.8,6k+ đã bán,https://shopee.vn/-Livestream-KOL-Combo-2-S%E1%BB%AFa-b%E1%BB%99t-Nutifood-GrowPLUS-Suy-Dinh-D%C6%B0%E1%BB%A1ng-(%C4%90%E1%BB%8F)-2-T%C4%83ng-C%C3%A2n-T%C4%83ng-Chi%E1%BB%81u-Cao-(2-Lon-1-65-Kg)-i.915815268.22016169168?extraParams=%7B%22display_model_id%22%3A193672801579%2C%22model_selection_logic%22%3A3%7D
Combo 2 Thùng 24 hộp Sữa bột pha sẵn GippsNature Organic A2 hộp 110ml,1.239.000₫,4.8 Đánh giá shop,,https://shopee.vn/Combo-2-Th%C3%B9ng-24-h%E1%BB%99p-S%E1%BB%AFa-b%E1%BB%99t-pha-s%E1%BA%B5n-GippsNature-Organic-A2-h%E1%BB%99p-110ml-i.915815268.52210361668?extraParams=%7B%22display_model_id%22%3A224688507513%2C%22model_selection_logic%22%3A3%7D
[Livestream KOL] Combo 3 x Thùng 24 hộp sữa bột pha sẵn GrowPLUS+ A2 beta-casein Hộp 180ml,1.794.240₫,4.7,18 đã bán,https://shopee.vn/-Livestream-KOL-Combo-3-x-Th%C3%B9ng-24-h%E1%BB%99p-s%E1%BB%AFa-b%E1%BB%99t-pha-s%E1%BA%B5n-GrowPLUS-A2-beta-casein-H%E1%BB%99p-180ml-i.915815268.27043607567?extraParams=%7B%22display_model_id%22%3A310148688404%2C%22model_selection_logic%22%3A3%7D
"Combo 2 Sữa bột pha sẵn Nutifood Sweden GrowPLUS+ Tiêu Hóa (Xanh Nhạt) 1+ - Tiêu hóa khỏe, tăng cân (48 hộp x 110ml)",907.680₫,4.9,897 đã bán,https://shopee.vn/Combo-2-S%E1%BB%AFa-b%E1%BB%99t-pha-s%E1%BA%B5n-Nutifood-Sweden-GrowPLUS-Ti%C3%AAu-H%C3%B3a-(Xanh-Nh%E1%BA%A1t)-1-Ti%C3%AAu-h%C3%B3a-kh%E1%BB%8Fe-t%C4%83ng-c%C3%A2n-(48-h%E1%BB%99p-x-110ml)-i.915815268.24686875101?extraParams=%7B%22display_model_id%22%3A241738038358%2C%22model_selection_logic%22%3A3%7D
[Gift] Chảo siêu bền đá sâu đáy từ Sunhouse Trendy SBD26MA,392.000₫,4.8,135 đã bán,https://shopee.vn/-Gift-Ch%E1%BA%A3o-si%C3%AAu-b%E1%BB%81n-%C4%91%C3%A1-s%C3%A2u-%C4%91%C3%A1y-t%E1%BB%AB-Sunhouse-Trendy-SBD26MA-i.915815268.54055757924?extraParams=%7B%22display_model_id%22%3A320521260191%2C%22model_selection_logic%22%3A3%7D
Combo 4 Thùng 24 hộp Sữa bột pha sẵn Nutifood GrowPLUS+ Vị Dâu Sữa hộp 180ml - Trên 1 tuổi,1.777.920₫,4.7,172 đã bán,https://shopee.vn/Combo-4-Th%C3%B9ng-24-h%E1%BB%99p-S%E1%BB%AFa-b%E1%BB%99t-pha-s%E1%BA%B5n-Nutifood-GrowPLUS-V%E1%BB%8B-D%C3%A2u-S%E1%BB%AFa-h%E1%BB%99p-180ml-Tr%C3%AAn-1-tu%E1%BB%95i-i.915815268.26078243528?extraParams=%7B%22display_model_id%22%3A185839627478%2C%22model_selection_logic%22%3A3%7D
Combo 3 thùng 24 hộp Sữa Bột Pha Sẵn Nutifood Sweden GrowPLUS+ Cao lớn vượt trội 180 ml,1.411.410₫,4.5,607 đã bán,https://shopee.vn/Combo-3-th%C3%B9ng-24-h%E1%BB%99p-S%E1%BB%AFa-B%E1%BB%99t-Pha-S%E1%BA%B5n-Nutifood-Sweden-GrowPLUS-Cao-l%E1%BB%9Bn-v%C6%B0%E1%BB%A3t-tr%E1%BB%99i-180-ml-i.915815268.29292389127?extraParams=%7B%22display_model_id%22%3A345491655048%2C%22model_selection_logic%22%3A3%7D
[LIVESTREAM KOL] Thùng 24 hộp Sữa bột pha sẵn Nutifood GrowPLUS+ Vị Trái Cây Sữa hộp 180ml - Trên 1 tuổi (24 hộp x 180m,739.200₫,4.9,926 đã bán,https://shopee.vn/-LIVESTREAM-KOL-Th%C3%B9ng-24-h%E1%BB%99p-S%E1%BB%AFa-b%E1%BB%99t-pha-s%E1%BA%B5n-Nutifood-GrowPLUS-V%E1%BB%8B-Tra%CC%81i-C%C3%A2y-S%E1%BB%AFa-h%E1%BB%99p-180ml-Tr%C3%AAn-1-tu%E1%BB%95i-(24-h%E1%BB%99p-x-180m-i.915815268.29382530053?extraParams=%7B%22display_model_id%22%3A108648661050%2C%22model_selection_logic%22%3A3%7D
[Gift] Combo 6 Lốc 4 hộp GrowPLUS+ Váng sữa công thức Cao lớn vượt trội Socola,852.600₫,4.8 Đánh giá shop,,https://shopee.vn/-Gift-Combo-6-L%E1%BB%91c-4-h%E1%BB%99p-GrowPLUS-V%C3%A1ng-s%E1%BB%AFa-c%C3%B4ng-th%E1%BB%A9c-Cao-l%E1%BB%9Bn-v%C6%B0%E1%BB%A3t-tr%E1%BB%99i-Socola-i.915815268.47457635200?extraParams=%7B%22display_model_id%22%3A395677029751%2C%22model_selection_logic%22%3A3%7D
[Livestream KOL] Combo 2 Thùng 24 hộp Sữa bột pha sẵn Nutifood Sweden GrowPLUS+ Colostrum Lactoferrin 110ml,1.089.760₫,4.7,607 đã bán,https://shopee.vn/-Livestream-KOL-Combo-2-Th%C3%B9ng-24-h%E1%BB%99p-S%E1%BB%AFa-b%E1%BB%99t-pha-s%E1%BA%B5n-Nutifood-Sweden-GrowPLUS-Colostrum-Lactoferrin-110ml-i.915815268.42601542905?extraParams=%7B%22display_model_id%22%3A290125687693%2C%22model_selection_logic%22%3A3%7D
Combo 2 Thùng 24 hộp Sữa bột pha sẵn Nutifood Sweden GrowPLUS+ Vị Chuối Sữa hộp 180ml - Trên 1 tuổi,888.960₫,5.0,69 đã bán,https://shopee.vn/Combo-2-Th%C3%B9ng-24-h%E1%BB%99p-S%E1%BB%AFa-b%E1%BB%99t-pha-s%E1%BA%B5n-Nutifood-Sweden-GrowPLUS-V%E1%BB%8B-Chu%E1%BB%91i-S%E1%BB%AFa-h%E1%BB%99p-180ml-Tr%C3%AAn-1-tu%E1%BB%95i-i.915815268.25191700131?extraParams=%7B%22display_model_id%22%3A252690207226%2C%22model_selection_logic%22%3A3%7D
"Combo 4 Thùng 24 hộp Sữa bột pha sẵn Nutifood Sweden GrowPLUS+ Tiêu Hóa (Xanh Nhạt) 1+ - Tiêu hóa khỏe, tăng cân 180ml",1.311.300₫,4.5,215 đã bán,https://shopee.vn/Combo-4-Th%C3%B9ng-24-h%E1%BB%99p-S%E1%BB%AFa-b%E1%BB%99t-pha-s%E1%BA%B5n-Nutifood-Sweden-GrowPLUS-Ti%C3%AAu-H%C3%B3a-(Xanh-Nh%E1%BA%A1t)-1-Ti%C3%AAu-h%C3%B3a-kh%E1%BB%8Fe-t%C4%83ng-c%C3%A2n-180ml-i.915815268.41701386815?extraParams=%7B%22display_model_id%22%3A270111698091%2C%22model_selection_logic%22%3A3%7D
[LIVESTREAM KOL] Thùng Sữa Bột Pha Sẵn GrowPLUS+ Sữa Non Tăng Đề Kháng 110ml - (48 Hộp x 110ml),774.200₫,4.8,5k+ đã bán,https://shopee.vn/-LIVESTREAM-KOL-Th%C3%B9ng-S%E1%BB%AFa-B%E1%BB%99t-Pha-S%E1%BA%B5n-GrowPLUS-S%E1%BB%AFa-Non-T%C4%83ng-%C4%90%E1%BB%81-Kh%C3%A1ng-110ml-(48-H%E1%BB%99p-x-110ml)-i.915815268.28632514642?extraParams=%7B%22display_model_id%22%3A89154086004%2C%22model_selection_logic%22%3A3%7D
Combo 4 Thùng 24 hộp SBPS Nuvi Grow Height vị chuối 1+ hỗ trợ phát triển chiều cao hộp 180ml,1.615.040₫,5.0,29 đã bán,https://shopee.vn/Combo-4-Th%C3%B9ng-24-h%E1%BB%99p-SBPS-Nuvi-Grow-Height-v%E1%BB%8B-chu%E1%BB%91i-1-h%E1%BB%97-tr%E1%BB%A3-ph%C3%A1t-tri%E1%BB%83n-chi%E1%BB%81u-cao-h%E1%BB%99p-180ml-i.915815268.40018546364?extraParams=%7B%22display_model_id%22%3A360736798414%2C%22model_selection_logic%22%3A3%7D
[Gift] Lốc 4 hộp GrowPLUS+ Váng sữa công thức Cao lớn vượt trội Socola,142.100₫,4.9,1k+ đã bán,https://shopee.vn/-Gift-L%E1%BB%91c-4-h%E1%BB%99p-GrowPLUS-V%C3%A1ng-s%E1%BB%AFa-c%C3%B4ng-th%E1%BB%A9c-Cao-l%E1%BB%9Bn-v%C6%B0%E1%BB%A3t-tr%E1%BB%99i-Socola-i.915815268.47352539219?extraParams=%7B%22display_model_id%22%3A325244015484%2C%22model_selection_logic%22%3A3%7D
"[SVIP] Sữa bột Nutifood GrowPLUS+ Suy Dinh Dưỡng (Đỏ) 2+ - Tăng Cân, Tăng Chiều Cao (Lon 1,65 Kg)",812.420₫,4.6,101 đã bán,https://shopee.vn/-SVIP-S%E1%BB%AFa-b%E1%BB%99t-Nutifood-GrowPLUS-Suy-Dinh-D%C6%B0%E1%BB%A1ng-(%C4%90%E1%BB%8F)-2-T%C4%83ng-C%C3%A2n-T%C4%83ng-Chi%E1%BB%81u-Cao-(Lon-1-65-Kg)-i.915815268.26703873813?extraParams=%7B%22display_model_id%22%3A246094939714%2C%22model_selection_logic%22%3A3%7D
[Livestream BeyondK] Combo 2 Thùng 24 Hộp Sữa Bột Pha Sẵn Nutifood Sweden GrowPLUS+ Cao lớn vượt trội hộp 180 ml,1.317.680₫,4.9,303 đã bán,https://shopee.vn/-Livestream-BeyondK-Combo-2-Th%C3%B9ng-24-H%E1%BB%99p-S%E1%BB%AFa-B%E1%BB%99t-Pha-S%E1%BA%B5n-Nutifood-Sweden-GrowPLUS-Cao-l%E1%BB%9Bn-v%C6%B0%E1%BB%A3t-tr%E1%BB%99i-h%E1%BB%99p-180-ml-i.915815268.42915094755?extraParams=%7B%22display_model_id%22%3A147923702302%2C%22model_selection_logic%22%3A3%7D
Sữa bột Nutifood Sweden GrowPLUS+ Colostrum Lactoferrin 0+ 400g,445.000₫,4.9,489 đã bán,https://shopee.vn/S%E1%BB%AFa-b%E1%BB%99t-Nutifood-Sweden-GrowPLUS-Colostrum-Lactoferrin-0-400g-i.915815268.25844751325?extraParams=%7B%22display_model_id%22%3A425994536119%2C%22model_selection_logic%22%3A3%7D
[Bao bì mới] Thùng Sữa Bột Pha Sẵn Nutifood GrowPLUS+ Vàng (Sữa Non Tăng Đề Kháng) 110ml - Trên 1 tuổi (48 Hộp x 110ml),774.200₫,4.8,1k+ đã bán,https://shopee.vn/-Bao-b%C3%AC-m%E1%BB%9Bi-Th%C3%B9ng-S%E1%BB%AFa-B%E1%BB%99t-Pha-S%E1%BA%B5n-Nutifood-GrowPLUS-V%C3%A0ng-(S%E1%BB%AFa-Non-T%C4%83ng-%C4%90%E1%BB%81-Kh%C3%A1ng)-110ml-Tr%C3%AAn-1-tu%E1%BB%95i-(48-H%E1%BB%99p-x-110ml)-i.915815268.26807749824?extraParams=%7B%22display_model_id%22%3A226644416845%2C%22model_selection_logic%22%3A3%7D
[Gift] chảo inox elmich,274.400₫,4.7,172 đã bán,https://shopee.vn/-Gift-ch%E1%BA%A3o-inox-elmich-i.915815268.29967598106?extraParams=%7B%22display_model_id%22%3A109319857689%2C%22model_selection_logic%22%3A3%7D
[Livestream KOL] Thùng sữa Bột Pha Sẵn Nutifood Sweden GrowPLUS+ Cao lớn vượt trội Ít ngọt (48 hộp x 110 ml),881.360₫,5.0,7 đã bán,https://shopee.vn/-Livestream-KOL-Th%C3%B9ng-s%E1%BB%AFa-B%E1%BB%99t-Pha-S%E1%BA%B5n-Nutifood-Sweden-GrowPLUS-Cao-l%E1%BB%9Bn-v%C6%B0%E1%BB%A3t-tr%E1%BB%99i-%C3%8Dt-ng%E1%BB%8Dt-(48-h%E1%BB%99p-x-110-ml)-i.915815268.28038662728?extraParams=%7B%22display_model_id%22%3A260713279902%2C%22model_selection_logic%22%3A3%7D
[Livestream Lucie] Thùng Sữa Bột Pha Sẵn GrowPLUS+ Sữa Non Tăng Đề Kháng 110ml trên 1 tuổi - (48 Hộp x 110ml),774.200₫,4.5,210 đã bán,https://shopee.vn/-Livestream-Lucie-Th%C3%B9ng-S%E1%BB%AFa-B%E1%BB%99t-Pha-S%E1%BA%B5n-GrowPLUS-S%E1%BB%AFa-Non-T%C4%83ng-%C4%90%E1%BB%81-Kh%C3%A1ng-110ml-tr%C3%AAn-1-tu%E1%BB%95i-(48-H%E1%BB%99p-x-110ml)-i.915815268.42069161104?extraParams=%7B%22display_model_id%22%3A266571562113%2C%22model_selection_logic%22%3A3%7D
[Gift] Combo 2 Lốc 4 hộp GrowPLUS+ Váng sữa công thức Cao lớn vượt trội Vani,284.200₫,5.0,154 đã bán,https://shopee.vn/-Gift-Combo-2-L%E1%BB%91c-4-h%E1%BB%99p-GrowPLUS-V%C3%A1ng-s%E1%BB%AFa-c%C3%B4ng-th%E1%BB%A9c-Cao-l%E1%BB%9Bn-v%C6%B0%E1%BB%A3t-tr%E1%BB%99i-Vani-i.915815268.49452526120?extraParams=%7B%22display_model_id%22%3A330242415305%2C%22model_selection_logic%22%3A3%7D
Combo 5 Sữa bột Nutifood Sweden GrowPLUS+ Colostrum Lactoferrin 2+ 800g,3.577.000₫,4.7,254 đã bán,https://shopee.vn/Combo-5-S%E1%BB%AFa-b%E1%BB%99t-Nutifood-Sweden-GrowPLUS-Colostrum-Lactoferrin-2-800g-i.915815268.41250050492?extraParams=%7B%22display_model_id%22%3A290003530692%2C%22model_selection_logic%22%3A3%7D
Sữa bột Nutifood GrowPLUS+ Suy Dinh Dưỡng (Đỏ) - Tăng Cân và Tăng Chiều Cao (Lon 850g) 2+,449.280₫,4.7,101 đã bán,https://shopee.vn/S%E1%BB%AFa-b%E1%BB%99t-Nutifood-GrowPLUS-Suy-Dinh-D%C6%B0%E1%BB%A1ng-(%C4%90%E1%BB%8F)-T%C4%83ng-C%C3%A2n-v%C3%A0-T%C4%83ng-Chi%E1%BB%81u-Cao-(Lon-850g)-2--i.915815268.24985049486?extraParams=%7B%22display_model_id%22%3A256425679671%2C%22model_selection_logic%22%3A3%7D
Combo 2 Thùng 24 hộp Sữa bột pha sẵn Nutifood Sweden GrowPLUS+ - Vị Chuối Sữa hộp 180ml - Trên 1 tuổi,888.960₫,4.9,323 đã bán,https://shopee.vn/Combo-2-Th%C3%B9ng-24-h%E1%BB%99p-S%E1%BB%AFa-b%E1%BB%99t-pha-s%E1%BA%B5n-Nutifood-Sweden-GrowPLUS-V%E1%BB%8B-Chu%E1%BB%91i-S%E1%BB%AFa-h%E1%BB%99p-180ml-Tr%C3%AAn-1-tu%E1%BB%95i-i.915815268.24392528064?extraParams=%7B%22display_model_id%22%3A177024555400%2C%22model_selection_logic%22%3A3%7D
[Quà tặng không bán]Đồ chơi trẻ em bằng nhựa: Bộ đồ chơi trạm xe,245.000₫,4.9,92 đã bán,https://shopee.vn/-Qu%C3%A0-t%E1%BA%B7ng-kh%C3%B4ng-b%C3%A1n-%C4%90%E1%BB%93-ch%C6%A1i-tr%E1%BA%BB-em-b%E1%BA%B1ng-nh%E1%BB%B1a-B%E1%BB%99-%C4%91%E1%BB%93-ch%C6%A1i-tr%E1%BA%A1m-xe-i.915815268.51107446029?extraParams=%7B%22display_model_id%22%3A385662308833%2C%22model_selection_logic%22%3A3%7D
Sữa Bột Nutifood Sweden GrowPLUS+ Sữa Non Immunel - trên 2 tuổi lon 800g (Bao bì tuỳ lô hàng),617.890₫,4.9,366 đã bán,https://shopee.vn/S%E1%BB%AFa-B%E1%BB%99t-Nutifood-Sweden-GrowPLUS-S%E1%BB%AFa-Non-Immunel-tr%C3%AAn-2-tu%E1%BB%95i-lon-800g-(Bao-b%C3%AC-tu%E1%BB%B3-l%C3%B4-h%C3%A0ng)-i.915815268.28658549364?extraParams=%7B%22display_model_id%22%3A128019605329%2C%22model_selection_logic%22%3A3%7D
Combo 2 Thùng 24 hộp SBPS GrowPLUS+ Cao lớn vượt trội 180ml + 2 Thùng 24 hộp SBPS  GrowPLUS+ Sữa Non Immunel 180ml,1.944.880₫,5.0,34 đã bán,https://shopee.vn/Combo-2-Th%C3%B9ng-24-h%E1%BB%99p-SBPS-GrowPLUS-Cao-l%E1%BB%9Bn-v%C6%B0%E1%BB%A3t-tr%E1%BB%99i-180ml-2-Th%C3%B9ng-24-h%E1%BB%99p-SBPS-GrowPLUS-S%E1%BB%AFa-Non-Immunel-180ml-i.915815268.58052924431?extraParams=%7B%22display_model_id%22%3A325283335920%2C%22model_selection_logic%22%3A3%7D
[Quà tặng không bán] Nồi Inox 3 đáy Sunhouse SHG301-20,392.000₫,4.9,280 đã bán,https://shopee.vn/-Qu%C3%A0-t%E1%BA%B7ng-kh%C3%B4ng-b%C3%A1n-N%C3%B4%CC%80i-Inox-3-%C4%91a%CC%81y-Sunhouse-SHG301-20-i.915815268.56855386244?extraParams=%7B%22display_model_id%22%3A282367373165%2C%22model_selection_logic%22%3A3%7D
"[Livestream BeyondK] Sữa bột Nutifood GrowPLUS+ Suy Dinh Dưỡng (Đỏ) 2+ - Tăng Cân, Tăng Chiều Cao (Lon 1,65 Kg)",901.280₫,4.9,347 đã bán,https://shopee.vn/-Livestream-BeyondK-S%E1%BB%AFa-b%E1%BB%99t-Nutifood-GrowPLUS-Suy-Dinh-D%C6%B0%E1%BB%A1ng-(%C4%90%E1%BB%8F)-2-T%C4%83ng-C%C3%A2n-T%C4%83ng-Chi%E1%BB%81u-Cao-(Lon-1-65-Kg)-i.915815268.42565101777?extraParams=%7B%22display_model_id%22%3A261249417573%2C%22model_selection_logic%22%3A3%7D
[Livestream BeyondK] Combo 2 Thùng 24 hộp Sữa bột pha sẵn Nutifood Sweden GrowPLUS+ Colostrum Lactoferrin 110ml,1.083.880₫,5.0,65 đã bán,https://shopee.vn/-Livestream-BeyondK-Combo-2-Th%C3%B9ng-24-h%E1%BB%99p-S%E1%BB%AFa-b%E1%BB%99t-pha-s%E1%BA%B5n-Nutifood-Sweden-GrowPLUS-Colostrum-Lactoferrin-110ml-i.915815268.27890459624?extraParams=%7B%22display_model_id%22%3A243796564824%2C%22model_selection_logic%22%3A3%7D
Combo 4 Thùng 24 hộp Sữa bột pha sẵn Nutifood Sweden GrowPLUS+ Colostrum Lactoferrin 180ml,2.340.240₫,4.9,202 đã bán,https://shopee.vn/Combo-4-Th%C3%B9ng-24-h%E1%BB%99p-S%E1%BB%AFa-b%E1%BB%99t-pha-s%E1%BA%B5n-Nutifood-Sweden-GrowPLUS-Colostrum-Lactoferrin-180ml-i.915815268.42100027688?extraParams=%7B%22display_model_id%22%3A265001655995%2C%22model_selection_logic%22%3A3%7D
[Quà tặng không bán] Chảo sâu đáy từ miệng rót Sunhouse SHS20MRD,490.000₫,4.8,287 đã bán,https://shopee.vn/-Qu%C3%A0-t%E1%BA%B7ng-kh%C3%B4ng-b%C3%A1n-Ch%E1%BA%A3o-s%C3%A2u-%C4%91%C3%A1y-t%E1%BB%AB-mi%E1%BB%87ng-r%C3%B3t-Sunhouse-SHS20MRD-i.915815268.52405373673?extraParams=%7B%22display_model_id%22%3A415490833097%2C%22model_selection_logic%22%3A3%7D
Combo 2 thùng 24 hộp Sữa bột pha sẵn GrowPLUS+ 180ml: Cao Lớn Vượt Trội + Colostrum Lactoferrin,1.091.720₫,5.0,73 đã bán,https://shopee.vn/Combo-2-th%C3%B9ng-24-h%E1%BB%99p-S%E1%BB%AFa-b%E1%BB%99t-pha-s%E1%BA%B5n-GrowPLUS-180ml-Cao-L%E1%BB%9Bn-V%C6%B0%E1%BB%A3t-Tr%E1%BB%99i-Colostrum-Lactoferrin-i.915815268.53452933835?extraParams=%7B%22display_model_id%22%3A435283290735%2C%22model_selection_logic%22%3A3%7D
[Gift] Lốc 4 hộp GrowPLUS+ Váng sữa công thức Cao lớn vượt trội Vani,142.100₫,4.8,779 đã bán,https://shopee.vn/-Gift-L%E1%BB%91c-4-h%E1%BB%99p-GrowPLUS-V%C3%A1ng-s%E1%BB%AFa-c%C3%B4ng-th%E1%BB%A9c-Cao-l%E1%BB%9Bn-v%C6%B0%E1%BB%A3t-tr%E1%BB%99i-Vani-i.915815268.57302518821?extraParams=%7B%22display_model_id%22%3A282224096168%2C%22model_selection_logic%22%3A3%7D
Combo 3 Sữa Bột Nuvi Grow Height phát triển chiều cao Trên 2 tuổi Lon 800g,1.687.560₫,4.8,367 đã bán,https://shopee.vn/Combo-3-S%C6%B0%CC%83a-B%C3%B4%CC%A3t-Nuvi-Grow-Height-pha%CC%81t-tri%C3%AA%CC%89n-chi%C3%AA%CC%80u-cao-Tr%C3%AAn-2-tu%C3%B4%CC%89i-Lon-800g-i.915815268.40068534938?extraParams=%7B%22display_model_id%22%3A262510426488%2C%22model_selection_logic%22%3A3%7D
[Quà tặng không bán] Đồ chơi trẻ em: Bộ đồ chơi nấu ăn bằng nhựa,245.000₫,4.9,87 đã bán,https://shopee.vn/-Qu%C3%A0-t%E1%BA%B7ng-kh%C3%B4ng-b%C3%A1n-%C4%90%E1%BB%93-ch%C6%A1i-tr%E1%BA%BB-em-B%E1%BB%99-%C4%91%E1%BB%93-ch%C6%A1i-n%E1%BA%A5u-%C4%83n-b%E1%BA%B1ng-nh%E1%BB%B1a-i.915815268.56157617743?extraParams=%7B%22display_model_id%22%3A272476108400%2C%22model_selection_logic%22%3A3%7D
Combo 2 Thùng 48 hộp Sữa Bột Pha Sẵn Nutifood GrowPLUS+ Vàng (Sữa Non Tăng Đề Kháng) 110ml - Trên 1 tuổi,1.548.400₫,4.7,341 đã bán,https://shopee.vn/Combo-2-Th%C3%B9ng-48-h%E1%BB%99p-S%E1%BB%AFa-B%E1%BB%99t-Pha-S%E1%BA%B5n-Nutifood-GrowPLUS-V%C3%A0ng-(S%E1%BB%AFa-Non-T%C4%83ng-%C4%90%E1%BB%81-Kh%C3%A1ng)-110ml-Tr%C3%AAn-1-tu%E1%BB%95i-i.915815268.43300610284?extraParams=%7B%22display_model_id%22%3A280048298236%2C%22model_selection_logic%22%3A3%7D
[Livestream Hannah Olala] Combo 4 Thùng 24 hộp Sữa Bột Pha Sẵn Nutifood Sweden GrowPLUS+ Cao lớn vượt trội hộp 180 ml,2.842.980₫,4.8 Đánh giá shop,,https://shopee.vn/-Livestream-Hannah-Olala-Combo-4-Th%C3%B9ng-24-h%E1%BB%99p-S%E1%BB%AFa-B%E1%BB%99t-Pha-S%E1%BA%B5n-Nutifood-Sweden-GrowPLUS-Cao-l%E1%BB%9Bn-v%C6%B0%E1%BB%A3t-tr%E1%BB%99i-h%E1%BB%99p-180-ml-i.915815268.40858842423?extraParams=%7B%22display_model_id%22%3A295743052430%2C%22model_selection_logic%22%3A3%7D
[Quà tặng không bán] Đồ chơi trẻ em bằng nhựa: bộ xúc cát - M19,176.400₫,4.8 Đánh giá shop,,https://shopee.vn/-Qu%C3%A0-t%E1%BA%B7ng-kh%C3%B4ng-b%C3%A1n-%C4%90%E1%BB%93-ch%C6%A1i-tr%E1%BA%BB-em-b%E1%BA%B1ng-nh%E1%BB%B1a-b%E1%BB%99-x%C3%BAc-c%C3%A1t-M19-i.915815268.44331224372?extraParams=%7B%22display_model_id%22%3A385979002462%2C%22model_selection_logic%22%3A3%7D
Sữa bột Nutifood GrowPLUS+ Sữa Non Trên 1 tuổi -  24h hỗ trợ tăng đề kháng (Lon 800g),631.120₫,4.9,10k+ đã bán,https://shopee.vn/S%E1%BB%AFa-b%E1%BB%99t-Nutifood-GrowPLUS-S%E1%BB%AFa-Non-Tr%C3%AAn-1-tu%E1%BB%95i-24h-h%E1%BB%97-tr%E1%BB%A3-t%C4%83ng-%C4%91%E1%BB%81-kh%C3%A1ng-(Lon-800g)-i.915815268.23324229308?extraParams=%7B%22display_model_id%22%3A230948387312%2C%22model_selection_logic%22%3A3%7D
[Livestream KOL] Combo 4 Thùng 24 hộp Sữa Bột Pha Sẵn Nutifood Sweden GrowPLUS+ Cao lớn vượt trội hộp 110 ml,1.757.200₫,3.7,17 đã bán,https://shopee.vn/-Livestream-KOL-Combo-4-Th%C3%B9ng-24-h%E1%BB%99p-S%E1%BB%AFa-B%E1%BB%99t-Pha-S%E1%BA%B5n-Nutifood-Sweden-GrowPLUS-Cao-l%E1%BB%9Bn-v%C6%B0%E1%BB%A3t-tr%E1%BB%99i-h%E1%BB%99p-110-ml-i.915815268.43408569956?extraParams=%7B%22display_model_id%22%3A186161618649%2C%22model_selection_logic%22%3A3%7D
[Gift] Combo 3 Lốc 4 hộp GrowPLUS+ Váng sữa công thức Cao lớn vượt trội Vani,426.300₫,4.8,1k+ đã bán,https://shopee.vn/-Gift-Combo-3-L%E1%BB%91c-4-h%E1%BB%99p-GrowPLUS-V%C3%A1ng-s%E1%BB%AFa-c%C3%B4ng-th%E1%BB%A9c-Cao-l%E1%BB%9Bn-v%C6%B0%E1%BB%A3t-tr%E1%BB%99i-Vani-i.915815268.52807606238?extraParams=%7B%22display_model_id%22%3A315677608034%2C%22model_selection_logic%22%3A3%7D
[Quà tặng không bán] Đồ chơi trẻ em bằng nhựa: trò chơi đập chuột kèm búa,176.400₫,4.4,663 đã bán,https://shopee.vn/-Qu%C3%A0-t%E1%BA%B7ng-kh%C3%B4ng-b%C3%A1n-%C4%90%E1%BB%93-ch%C6%A1i-tr%E1%BA%BB-em-b%E1%BA%B1ng-nh%E1%BB%B1a-tr%C3%B2-ch%C6%A1i-%C4%91%E1%BA%ADp-chu%E1%BB%99t-k%C3%A8m-b%C3%BAa-i.915815268.50708978945?extraParams=%7B%22display_model_id%22%3A315797223604%2C%22model_selection_logic%22%3A3%7D
[Quà tặng không bán] Đồ chơi trẻ em bằng nhựa: Bộ đồ chơi cắt hoa quả,196.000₫,4.7,515 đã bán,https://shopee.vn/-Qu%C3%A0-t%E1%BA%B7ng-kh%C3%B4ng-b%C3%A1n-%C4%90%E1%BB%93-ch%C6%A1i-tr%E1%BA%BB-em-b%E1%BA%B1ng-nh%E1%BB%B1a-B%E1%BB%99-%C4%91%E1%BB%93-ch%C6%A1i-c%E1%BA%AFt-hoa-qu%E1%BA%A3-i.915815268.55009203663?extraParams=%7B%22display_model_id%22%3A395815554146%2C%22model_selection_logic%22%3A3%7D
[Quà tặng không bán] Đồ chơi trẻ em bằng nhựa: bộ tính tiền siêu thị,294.000₫,5.0,49 đã bán,https://shopee.vn/-Qu%C3%A0-t%E1%BA%B7ng-kh%C3%B4ng-b%C3%A1n-%C4%90%E1%BB%93-ch%C6%A1i-tr%E1%BA%BB-em-b%E1%BA%B1ng-nh%E1%BB%B1a-b%E1%BB%99-t%C3%ADnh-ti%E1%BB%81n-si%C3%AAu-th%E1%BB%8B-i.915815268.52358863871?extraParams=%7B%22display_model_id%22%3A330786714416%2C%22model_selection_logic%22%3A3%7D
Combo 3 Sữa Bột Nuvi Grow Height phát triển chiều cao Trên 1 tuổi Lon 800g,1.687.560₫,4.6,163 đã bán,https://shopee.vn/Combo-3-S%C6%B0%CC%83a-B%C3%B4%CC%A3t-Nuvi-Grow-Height-pha%CC%81t-tri%C3%AA%CC%89n-chi%C3%AA%CC%80u-cao-Tr%C3%AAn-1-tu%C3%B4%CC%89i-Lon-800g-i.915815268.40068550003?extraParams=%7B%22display_model_id%22%3A390736811011%2C%22model_selection_logic%22%3A3%7D
Gift_Vỉ đồ chơi khám răng,245.000₫,4.9,219 đã bán,https://shopee.vn/Gift_V%E1%BB%89-%C4%91%E1%BB%93-ch%C6%A1i-kh%C3%A1m-r%C4%83ng-i.915815268.44172379304?extraParams=%7B%22display_model_id%22%3A271821320993%2C%22model_selection_logic%22%3A3%7D
"[LIVESTREAM KOL] Sữa Bột Nutifood GrowPLUS+ Sữa Non Tăng Đề Kháng 800g - Trên 1 Tuổi - Tăng Cường Hệ Miễn Dịch, Tiêu Hóa",883.960₫,4.8,714 đã bán,https://shopee.vn/-LIVESTREAM-KOL-S%E1%BB%AFa-B%E1%BB%99t-Nutifood-GrowPLUS-S%E1%BB%AFa-Non-T%C4%83ng-%C4%90%E1%BB%81-Kh%C3%A1ng-800g-Tr%C3%AAn-1-Tu%E1%BB%95i-T%C4%83ng-C%C6%B0%E1%BB%9Dng-H%E1%BB%87-Mi%E1%BB%85n-D%E1%BB%8Bch-Ti%C3%AAu-H%C3%B3a-i.915815268.26782520370?extraParams=%7B%22display_model_id%22%3A234065070556%2C%22model_selection_logic%22%3A3%7D
[Gift] Lồng đèn (mẫu ngẫu nhiên),176.400₫,4.9,282 đã bán,https://shopee.vn/-Gift-L%E1%BB%93ng-%C4%91%C3%A8n-(m%E1%BA%ABu-ng%E1%BA%ABu-nhi%C3%AAn)-i.915815268.26155734858?extraParams=%7B%22display_model_id%22%3A215251680723%2C%22model_selection_logic%22%3A3%7D
Sữa bột Nutifood GrowPLUS+ Sữa Non 2+ 24h hỗ trợ tăng đề kháng (vàng) - Lon 800g,592.480₫,4.8,184 đã bán,https://shopee.vn/S%E1%BB%AFa-b%E1%BB%99t-Nutifood-GrowPLUS-S%E1%BB%AFa-Non-2-24h-h%E1%BB%97-tr%E1%BB%A3-t%C4%83ng-%C4%91%E1%BB%81-kh%C3%A1ng-(v%C3%A0ng)-Lon-800g-i.915815268.26058713932?extraParams=%7B%22display_model_id%22%3A410492208373%2C%22model_selection_logic%22%3A3%7D
[LIVESTREAM KOL] Combo 2 Thùng 24 hộp Sữa bột pha sẵn GippsNature Organic A2 hộp 180ml,1.854.000₫,4.8 Đánh giá shop,,https://shopee.vn/-LIVESTREAM-KOL-Combo-2-Th%C3%B9ng-24-h%E1%BB%99p-S%E1%BB%AFa-b%E1%BB%99t-pha-s%E1%BA%B5n-GippsNature-Organic-A2-h%E1%BB%99p-180ml-i.915815268.49060386786?extraParams=%7B%22display_model_id%22%3A224688523197%2C%22model_selection_logic%22%3A3%7D
[Livestream KOL] Thùng 24 hộp SBPS Nuvi Grow Height 1+ hỗ trợ phát triển chiều cao hộp 110ml,499.800₫,4.4,59 đã bán,https://shopee.vn/-Livestream-KOL-Th%C3%B9ng-24-h%E1%BB%99p-SBPS-Nuvi-Grow-Height-1-h%E1%BB%97-tr%E1%BB%A3-ph%C3%A1t-tri%E1%BB%83n-chi%E1%BB%81u-cao-h%E1%BB%99p-110ml-i.915815268.24394884311?extraParams=%7B%22display_model_id%22%3A178914260030%2C%22model_selection_logic%22%3A3%7D
[Lucie] - [SHIP HCM & HN] Combo 4 lốc GrowPLUS+ Váng sữa công thức Cao lớn vượt trội Vani (55g x 16 hộp),458.200₫,5.0,83 đã bán,https://shopee.vn/-Lucie-SHIP-HCM-HN-Combo-4-l%E1%BB%91c-GrowPLUS-V%C3%A1ng-s%E1%BB%AFa-c%C3%B4ng-th%E1%BB%A9c-Cao-l%E1%BB%9Bn-v%C6%B0%E1%BB%A3t-tr%E1%BB%99i-Vani-(55g-x-16-h%E1%BB%99p)-i.915815268.42519173419?extraParams=%7B%22display_model_id%22%3A271571227258%2C%22model_selection_logic%22%3A3%7D
[Livestream KOL] Combo 2 Thùng 24 Hộp Sữa Bột Pha Sẵn Nutifood Sweden GrowPLUS+ Cao lớn vượt trội hộp 180 ml,1.317.680₫,4.9,2k+ đã bán,https://shopee.vn/-Livestream-KOL-Combo-2-Th%C3%B9ng-24-H%E1%BB%99p-S%E1%BB%AFa-B%E1%BB%99t-Pha-S%E1%BA%B5n-Nutifood-Sweden-GrowPLUS-Cao-l%E1%BB%9Bn-v%C6%B0%E1%BB%A3t-tr%E1%BB%99i-h%E1%BB%99p-180-ml-i.915815268.40108452638?extraParams=%7B%22display_model_id%22%3A167235198074%2C%22model_selection_logic%22%3A3%7D
Combo SB NTF Sweden GrowPLUS+ Cao lớn vượt trội (Bạc) & Sữa Non Immunel trên 2 tuổi (2 lon x 800 g) (Bao bì tuỳ lô hàng),1.183.000₫,4.6,199 đã bán,https://shopee.vn/Combo-SB-NTF-Sweden-GrowPLUS-Cao-l%E1%BB%9Bn-v%C6%B0%E1%BB%A3t-tr%E1%BB%99i-(B%E1%BA%A1c)-S%E1%BB%AFa-Non-Immunel-tr%C3%AAn-2-tu%E1%BB%95i-(2-lon-x-800-g)-(Bao-b%C3%AC-tu%E1%BB%B3-l%C3%B4-h%C3%A0ng)-i.915815268.28183830181?extraParams=%7B%22display_model_id%22%3A234147311989%2C%22model_selection_logic%22%3A3%7D
Combo 3 Thùng 24 hộp Sữa bột pha sẵn Nutifood GrowPLUS+ Vị Dâu Sữa hộp 180ml - Trên 1 tuổi,1.333.440₫,4.9,185 đã bán,https://shopee.vn/Combo-3-Th%C3%B9ng-24-h%E1%BB%99p-S%E1%BB%AFa-b%E1%BB%99t-pha-s%E1%BA%B5n-Nutifood-GrowPLUS-V%E1%BB%8B-D%C3%A2u-S%E1%BB%AFa-h%E1%BB%99p-180ml-Tr%C3%AAn-1-tu%E1%BB%95i-i.915815268.26177513726?extraParams=%7B%22display_model_id%22%3A233853226350%2C%22model_selection_logic%22%3A3%7D
[lLivestream Hannah Olala] Thùng Sữa Bột Pha Sẵn GrowPLUS+ Sữa Non Tăng Đề Kháng 110ml - (48 Hộp x 110ml),774.200₫,4.8,39 đã bán,https://shopee.vn/-lLivestream-Hannah-Olala-Th%C3%B9ng-S%E1%BB%AFa-B%E1%BB%99t-Pha-S%E1%BA%B5n-GrowPLUS-S%E1%BB%AFa-Non-T%C4%83ng-%C4%90%E1%BB%81-Kh%C3%A1ng-110ml-(48-H%E1%BB%99p-x-110ml)-i.915815268.40458449488?extraParams=%7B%22display_model_id%22%3A275712670572%2C%22model_selection_logic%22%3A3%7D
[Gift] Combo 2 Lốc 4 hộp GrowPLUS+ Váng sữa công thức Cao lớn vượt trội Socola,284.200₫,4.6,66 đã bán,https://shopee.vn/-Gift-Combo-2-L%E1%BB%91c-4-h%E1%BB%99p-GrowPLUS-V%C3%A1ng-s%E1%BB%AFa-c%C3%B4ng-th%E1%BB%A9c-Cao-l%E1%BB%9Bn-v%C6%B0%E1%BB%A3t-tr%E1%BB%99i-Socola-i.915815268.45902526245?extraParams=%7B%22display_model_id%22%3A390242407675%2C%22model_selection_logic%22%3A3%7D
[SVIP] Combo 2 Thùng 24 hộp Sữa Bột Pha Sẵn Nutifood Sweden GrowPLUS+ Cao lớn vượt trội hộp 110 ml,1.021.200₫,4.8 Đánh giá shop,,https://shopee.vn/-SVIP-Combo-2-Th%C3%B9ng-24-h%E1%BB%99p-S%E1%BB%AFa-B%E1%BB%99t-Pha-S%E1%BA%B5n-Nutifood-Sweden-GrowPLUS-Cao-l%E1%BB%9Bn-v%C6%B0%E1%BB%A3t-tr%E1%BB%99i-h%E1%BB%99p-110-ml-i.915815268.42375278668?extraParams=%7B%22display_model_id%22%3A277049760075%2C%22model_selection_logic%22%3A3%7D
Sữa non GrowPLUS+ (vàng) trên 1 tuổi Singapore tăng cường hệ miễn dịch và hấp thu chất dinh dưỡng (Lon 800g) - Grow Plus,592.480₫,5.0,50 đã bán,https://shopee.vn/S%E1%BB%AFa-non-GrowPLUS-(v%C3%A0ng)-tr%C3%AAn-1-tu%E1%BB%95i-Singapore-t%C4%83ng-c%C6%B0%E1%BB%9Dng-h%E1%BB%87-mi%E1%BB%85n-d%E1%BB%8Bch-v%C3%A0-h%E1%BA%A5p-thu-ch%E1%BA%A5t-dinh-d%C6%B0%E1%BB%A1ng-(Lon-800g)-Grow-Plus-i.915815268.24718025843?extraParams=%7B%22display_model_id%22%3A127862092080%2C%22model_selection_logic%22%3A3%7D
[Livestream KOL] Sữa Bột Nutifood Sweden GrowPLUS+ Sữa Non Immunel trên 2 tuổi lon 800 g (Bao bì tuỳ lô hàng),865.410₫,4.9,153 đã bán,https://shopee.vn/-Livestream-KOL-S%E1%BB%AFa-B%E1%BB%99t-Nutifood-Sweden-GrowPLUS-S%E1%BB%AFa-Non-Immunel-tr%C3%AAn-2-tu%E1%BB%95i-lon-800-g-(Bao-b%C3%AC-tu%E1%BB%B3-l%C3%B4-h%C3%A0ng)-i.915815268.40358449558?extraParams=%7B%22display_model_id%22%3A260713290345%2C%22model_selection_logic%22%3A3%7D
[Quà tặng không bán] Đồ chơi trẻ em bằng nhựa: bộ xúc cát - M20,294.000₫,4.8 Đánh giá shop,,https://shopee.vn/-Qu%C3%A0-t%E1%BA%B7ng-kh%C3%B4ng-b%C3%A1n-%C4%90%E1%BB%93-ch%C6%A1i-tr%E1%BA%BB-em-b%E1%BA%B1ng-nh%E1%BB%B1a-b%E1%BB%99-x%C3%BAc-c%C3%A1t-M20-i.915815268.46111244978?extraParams=%7B%22display_model_id%22%3A340979006958%2C%22model_selection_logic%22%3A3%7D
[Gift] Lốc 4 hộp GrowPLUS+ Váng sữa công thức Sữa non Immunel Hỗ trợ tăng đề kháng,142.100₫,4.9,232 đã bán,https://shopee.vn/-Gift-L%E1%BB%91c-4-h%E1%BB%99p-GrowPLUS-V%C3%A1ng-s%E1%BB%AFa-c%C3%B4ng-th%E1%BB%A9c-S%E1%BB%AFa-non-Immunel-H%E1%BB%97-tr%E1%BB%A3-t%C4%83ng-%C4%91%E1%BB%81-kh%C3%A1ng-i.915815268.56502514568?extraParams=%7B%22display_model_id%22%3A380244009878%2C%22model_selection_logic%22%3A3%7D
Thùng 24 hộp sữa bột pha sẵn GippsNature Organic A2 hộp 110ml,622.000₫,4.8 Đánh giá shop,,https://shopee.vn/Th%C3%B9ng-24-h%E1%BB%99p-s%E1%BB%AFa-b%E1%BB%99t-pha-s%E1%BA%B5n-GippsNature-Organic-A2-h%E1%BB%99p-110ml-i.915815268.52210361608?extraParams=%7B%22display_model_id%22%3A440910031886%2C%22model_selection_logic%22%3A3%7D
[Quà tặng không bán] BÀN CHIẾU HÌNH VẼ MÃ 316,245.000₫,4.8 Đánh giá shop,,https://shopee.vn/-Qu%C3%A0-t%E1%BA%B7ng-kh%C3%B4ng-b%C3%A1n-B%C3%80N-CHI%E1%BA%BEU-H%C3%8CNH-V%E1%BA%BC-M%C3%83-316-i.915815268.52011100570?extraParams=%7B%22display_model_id%22%3A277643898791%2C%22model_selection_logic%22%3A3%7D
[Livestream KOL] Combo 2 Sữa Bột Nutifood GrowPLUS+ Biếng Ăn (Xanh) 1+ - Tăng Cân Khỏe Mạnh (2 Hộp 2 Kg),1.686.080₫,4.6,42 đã bán,https://shopee.vn/-Livestream-KOL-Combo-2-S%E1%BB%AFa-B%E1%BB%99t-Nutifood-GrowPLUS-Bi%E1%BA%BFng-%C4%82n-(Xanh)-1-T%C4%83ng-C%C3%A2n-Kh%E1%BB%8Fe-M%E1%BA%A1nh-(2-H%E1%BB%99p-2-Kg)-i.915815268.27935782490?extraParams=%7B%22display_model_id%22%3A99179325885%2C%22model_selection_logic%22%3A3%7D
Thùng 24 hộp Sữa bột pha sẵn Nutifood Sweden GrowPLUS+ Colostrum Lactoferrin 110ml,544.880₫,4.8 Đánh giá shop,,https://shopee.vn/Th%C3%B9ng-24-h%E1%BB%99p-S%E1%BB%AFa-b%E1%BB%99t-pha-s%E1%BA%B5n-Nutifood-Sweden-GrowPLUS-Colostrum-Lactoferrin-110ml-i.915815268.50157805086?extraParams=%7B%22display_model_id%22%3A307484569642%2C%22model_selection_logic%22%3A3%7D
[SVIP] Combo 2 Thùng 24 Hộp Sữa Bột Pha Sẵn Nutifood Sweden GrowPLUS+ Cao lớn vượt trội hộp 180 ml,1.303.400₫,4.8 Đánh giá shop,,https://shopee.vn/-SVIP-Combo-2-Th%C3%B9ng-24-H%E1%BB%99p-S%E1%BB%AFa-B%E1%BB%99t-Pha-S%E1%BA%B5n-Nutifood-Sweden-GrowPLUS-Cao-l%E1%BB%9Bn-v%C6%B0%E1%BB%A3t-tr%E1%BB%99i-h%E1%BB%99p-180-ml-i.915815268.57610938088?extraParams=%7B%22display_model_id%22%3A325955037771%2C%22model_selection_logic%22%3A3%7D
[Livestream BeyondK] Thùng 24 hộp Sữa bột pha sẵn Nutifood Sweden GrowPLUS+ Colostrum Lactoferrin 110ml,541.940₫,4.5,19 đã bán,https://shopee.vn/-Livestream-BeyondK-Th%C3%B9ng-24-h%E1%BB%99p-S%E1%BB%AFa-b%E1%BB%99t-pha-s%E1%BA%B5n-Nutifood-Sweden-GrowPLUS-Colostrum-Lactoferrin-110ml-i.915815268.27890459667?extraParams=%7B%22display_model_id%22%3A206225522482%2C%22model_selection_logic%22%3A3%7D
[Gift A2] Nồi điện đa năg GR-N15A Gaabor,980.000₫,4.6,318 đã bán,https://shopee.vn/-Gift-A2-N%E1%BB%93i-%C4%91i%E1%BB%87n-%C4%91a-n%C4%83g-GR-N15A-Gaabor-i.915815268.56410092920?extraParams=%7B%22display_model_id%22%3A335887749992%2C%22model_selection_logic%22%3A3%7D
[Livestream KOL] Combo 3 Sữa Bột Nutifood Sweden GrowPLUS+ Cao lớn vượt trội từ 1 - 2 tuổi (Bạc) 800g,2.374.190₫,4.8 Đánh giá shop,,https://shopee.vn/-Livestream-KOL-Combo-3-S%E1%BB%AFa-B%E1%BB%99t-Nutifood-Sweden-GrowPLUS-Cao-l%E1%BB%9Bn-v%C6%B0%E1%BB%A3t-tr%E1%BB%99i-t%E1%BB%AB-1-2-tu%E1%BB%95i-(B%E1%BA%A1c)-800g-i.915815268.41114305020?extraParams=%7B%22display_model_id%22%3A286178532415%2C%22model_selection_logic%22%3A3%7D
[Quà tặng không bán] Đồ chơi trẻ em bằng nhựa: bộ bàn bóng đá,176.400₫,4.8 Đánh giá shop,,https://shopee.vn/-Qu%C3%A0-t%E1%BA%B7ng-kh%C3%B4ng-b%C3%A1n-%C4%90%E1%BB%93-ch%C6%A1i-tr%E1%BA%BB-em-b%E1%BA%B1ng-nh%E1%BB%B1a-b%E1%BB%99-b%C3%A0n-b%C3%B3ng-%C4%91%C3%A1-i.915815268.45411249821?extraParams=%7B%22display_model_id%22%3A292650789803%2C%22model_selection_logic%22%3A3%7D
[Quà tặng không bán] Đồ chơi trẻ em bằng nhựa: Bộ lắp ghép,245.000₫,4.8 Đánh giá shop,,https://shopee.vn/-Qu%C3%A0-t%E1%BA%B7ng-kh%C3%B4ng-b%C3%A1n-%C4%90%E1%BB%93-ch%C6%A1i-tr%E1%BA%BB-em-b%E1%BA%B1ng-nh%E1%BB%B1a-B%E1%BB%99-l%E1%BA%AFp-gh%C3%A9p-i.915815268.46111260028?extraParams=%7B%22display_model_id%22%3A340979006867%2C%22model_selection_logic%22%3A3%7D
[Gift] Combo 4 Lốc 4 hộp GrowPLUS+ Váng sữa công thức Cao lớn vượt trội Socola,568.400₫,4.9,321 đã bán,https://shopee.vn/-Gift-Combo-4-L%E1%BB%91c-4-h%E1%BB%99p-GrowPLUS-V%C3%A1ng-s%E1%BB%AFa-c%C3%B4ng-th%E1%BB%A9c-Cao-l%E1%BB%9Bn-v%C6%B0%E1%BB%A3t-tr%E1%BB%99i-Socola-i.915815268.55152510774?extraParams=%7B%22display_model_id%22%3A390242454244%2C%22model_selection_logic%22%3A3%7D
GIFT_Bộ loa bluetooth kèm 2 mic,392.000₫,4.7,69 đã bán,https://shopee.vn/GIFT_B%E1%BB%99-loa-bluetooth-k%C3%A8m-2-mic-i.915815268.26556869217?extraParams=%7B%22display_model_id%22%3A109226533454%2C%22model_selection_logic%22%3A3%7D
Sữa bột Nutifood Sweden GrowPLUS+ Colostrum Lactoferrin 0+ 400g,436.100₫,5.0,24 đã bán,https://shopee.vn/S%E1%BB%AFa-b%E1%BB%99t-Nutifood-Sweden-GrowPLUS-Colostrum-Lactoferrin-0-400g-i.915815268.45707815924?extraParams=%7B%22display_model_id%22%3A302484558714%2C%22model_selection_logic%22%3A3%7D
[Quà tặng không bán] Nồi lẩu điện loại min,343.000₫,4.6,43 đã bán,https://shopee.vn/-Qu%C3%A0-t%E1%BA%B7ng-kh%C3%B4ng-b%C3%A1n-N%E1%BB%93i-l%E1%BA%A9u-%C4%91i%E1%BB%87n-lo%E1%BA%A1i-min-i.915815268.49859008025?extraParams=%7B%22display_model_id%22%3A315797219521%2C%22model_selection_logic%22%3A3%7D
[Livestream Lucie] Sữa Bột Nutifood Sweden GrowPLUS+ Cao lớn vượt trội trên 2 tuổi (Bạc) 800g,791.700₫,4.8,277 đã bán,https://shopee.vn/-Livestream-Lucie-S%E1%BB%AFa-B%E1%BB%99t-Nutifood-Sweden-GrowPLUS-Cao-l%E1%BB%9Bn-v%C6%B0%E1%BB%A3t-tr%E1%BB%99i-tr%C3%AAn-2-tu%E1%BB%95i-(B%E1%BA%A1c)-800g-i.915815268.43619164765?extraParams=%7B%22display_model_id%22%3A281571214969%2C%22model_selection_logic%22%3A3%7D
[Livestream KOL] Combo 4 Thùng 24 hộp Sữa Bột Pha Sẵn Nutifood Sweden GrowPLUS+ Cao lớn vượt trội hộp 180 ml,2.635.360₫,5.0,9 đã bán,https://shopee.vn/-Livestream-KOL-Combo-4-Th%C3%B9ng-24-h%E1%BB%99p-S%E1%BB%AFa-B%E1%BB%99t-Pha-S%E1%BA%B5n-Nutifood-Sweden-GrowPLUS-Cao-l%E1%BB%9Bn-v%C6%B0%E1%BB%A3t-tr%E1%BB%99i-h%E1%BB%99p-180-ml-i.915815268.41158577171?extraParams=%7B%22display_model_id%22%3A265722890245%2C%22model_selection_logic%22%3A3%7D
Combo 2 Sữa non GrowPLUS+ (vàng) trên 2 tuổi Singapore tăng cường hệ miễn dịch và hấp thu chất dinh dưỡng (2lon x Lon 80,1.184.960₫,4.6,239 đã bán,https://shopee.vn/Combo-2-S%E1%BB%AFa-non-GrowPLUS-(v%C3%A0ng)-tr%C3%AAn-2-tu%E1%BB%95i-Singapore-t%C4%83ng-c%C6%B0%E1%BB%9Dng-h%E1%BB%87-mi%E1%BB%85n-d%E1%BB%8Bch-v%C3%A0-h%E1%BA%A5p-thu-ch%E1%BA%A5t-dinh-d%C6%B0%E1%BB%A1ng-(2lon-x-Lon-80-i.915815268.28105447192?extraParams=%7B%22display_model_id%22%3A129004194919%2C%22model_selection_logic%22%3A3%7D
Combo 3 Thùng 24 hộp Sữa bột pha sẵn Nutifood Sweden GrowPLUS+ Vị Chuối Sữa hộp 180ml - Trên 1 tuổi,1.333.440₫,4.9,171 đã bán,https://shopee.vn/Combo-3-Th%C3%B9ng-24-h%E1%BB%99p-S%E1%BB%AFa-b%E1%BB%99t-pha-s%E1%BA%B5n-Nutifood-Sweden-GrowPLUS-V%E1%BB%8B-Chu%E1%BB%91i-S%E1%BB%AFa-h%E1%BB%99p-180ml-Tr%C3%AAn-1-tu%E1%BB%95i-i.915815268.27929181345?extraParams=%7B%22display_model_id%22%3A188297020921%2C%22model_selection_logic%22%3A3%7D
[Livestream Hannah Olala] Combo 4 Thùng 24 hộp Sữa Bột Pha Sẵn Nutifood Sweden GrowPLUS+ Cao lớn vượt trội hộp 110 ml,1.335.840₫,4.8 Đánh giá shop,,https://shopee.vn/-Livestream-Hannah-Olala-Combo-4-Th%C3%B9ng-24-h%E1%BB%99p-S%E1%BB%AFa-B%E1%BB%99t-Pha-S%E1%BA%B5n-Nutifood-Sweden-GrowPLUS-Cao-l%E1%BB%9Bn-v%C6%B0%E1%BB%A3t-tr%E1%BB%99i-h%E1%BB%99p-110-ml-i.915815268.40058864849?extraParams=%7B%22display_model_id%22%3A290743035248%2C%22model_selection_logic%22%3A3%7D
GIFT_Gối chườm thảo dược Hapaku,343.000₫,5.0,2 đã bán,https://shopee.vn/GIFT_G%C3%B4%CC%81i-ch%C6%B0%C6%A1%CC%80m-tha%CC%89o-d%C6%B0%C6%A1%CC%A3c-Hapaku-i.915815268.27627440738?extraParams=%7B%22display_model_id%22%3A128228883558%2C%22model_selection_logic%22%3A3%7D
[KOL]- [SHIP HCM & HN] Thùng 12 lốc GrowPLUS+ Váng sữa công thức Sữa non Immunel Hỗ trợ tăng đề kháng (55g x 48 hộp),1.366.700₫,4.0,32 đã bán,https://shopee.vn/-KOL-SHIP-HCM-HN-Th%C3%B9ng-12-l%E1%BB%91c-GrowPLUS-V%C3%A1ng-s%E1%BB%AFa-c%C3%B4ng-th%E1%BB%A9c-S%E1%BB%AFa-non-Immunel-H%E1%BB%97-tr%E1%BB%A3-t%C4%83ng-%C4%91%E1%BB%81-kh%C3%A1ng-(55g-x-48-h%E1%BB%99p)-i.915815268.28934763666?extraParams=%7B%22display_model_id%22%3A178893036682%2C%22model_selection_logic%22%3A3%7D
[Quà tặng không bán] XE KÉO MÃ 3L668-7B,176.400₫,4.8 Đánh giá shop,,https://shopee.vn/-Qu%C3%A0-t%E1%BA%B7ng-kh%C3%B4ng-b%C3%A1n-XE-K%C3%89O-M%C3%83-3L668-7B-i.915815268.28744927276?extraParams=%7B%22display_model_id%22%3A445982716055%2C%22model_selection_logic%22%3A3%7D
Sữa Bột Nutifood Sweden GrowPLUS+ Sữa Non Immunel từ 0 - 12 tháng lon 400 g (Bao bì tuỳ lô hàng),404.000₫,4.7,263 đã bán,https://shopee.vn/S%E1%BB%AFa-B%E1%BB%99t-Nutifood-Sweden-GrowPLUS-S%E1%BB%AFa-Non-Immunel-t%E1%BB%AB-0-12-th%C3%A1ng-lon-400-g-(Bao-b%C3%AC-tu%E1%BB%B3-l%C3%B4-h%C3%A0ng)-i.915815268.20286732127?extraParams=%7B%22display_model_id%22%3A194792528120%2C%22model_selection_logic%22%3A3%7D
[Livestream KOL] Thùng 24 hộp Sữa bột pha sẵn Nutifood Sweden GrowPLUS+ Colostrum Lactoferrin 180ml,819.280₫,4.9,307 đã bán,https://shopee.vn/-Livestream-KOL-Th%C3%B9ng-24-h%E1%BB%99p-S%E1%BB%AFa-b%E1%BB%99t-pha-s%E1%BA%B5n-Nutifood-Sweden-GrowPLUS-Colostrum-Lactoferrin-180ml-i.915815268.41751548047?extraParams=%7B%22display_model_id%22%3A280125681189%2C%22model_selection_logic%22%3A3%7D
[Quà tặng không bán] Đồ chơi trẻ em bằng nhựa: Bộ đồ chơi nấu ăn,245.000₫,5.0,31 đã bán,https://shopee.vn/-Qu%C3%A0-t%E1%BA%B7ng-kh%C3%B4ng-b%C3%A1n-%C4%90%E1%BB%93-ch%C6%A1i-tr%E1%BA%BB-em-b%E1%BA%B1ng-nh%E1%BB%B1a-B%E1%BB%99-%C4%91%E1%BB%93-ch%C6%A1i-n%E1%BA%A5u-%C4%83n-i.915815268.46808890126?extraParams=%7B%22display_model_id%22%3A420786770332%2C%22model_selection_logic%22%3A3%7D
[Gift] Combo 4 Lốc 4 hộp GrowPLUS+ Váng sữa công thức Cao lớn vượt trội Vani,568.400₫,5.0,409 đã bán,https://shopee.vn/-Gift-Combo-4-L%E1%BB%91c-4-h%E1%BB%99p-GrowPLUS-V%C3%A1ng-s%E1%BB%AFa-c%C3%B4ng-th%E1%BB%A9c-Cao-l%E1%BB%9Bn-v%C6%B0%E1%BB%A3t-tr%E1%BB%99i-Vani-i.915815268.46052521423?extraParams=%7B%22display_model_id%22%3A310243045248%2C%22model_selection_logic%22%3A3%7D
[Quà tặng không bán] Đồ chơi trẻ em bằng nhựa: Bộ xe bán kẹo,245.000₫,5.0,35 đã bán,https://shopee.vn/-Qu%C3%A0-t%E1%BA%B7ng-kh%C3%B4ng-b%C3%A1n-%C4%90%E1%BB%93-ch%C6%A1i-tr%E1%BA%BB-em-b%E1%BA%B1ng-nh%E1%BB%B1a-B%E1%BB%99-xe-b%C3%A1n-k%E1%BA%B9o-i.915815268.53258868159?extraParams=%7B%22display_model_id%22%3A307539186669%2C%22model_selection_logic%22%3A3%7D
"[Livestream Lucie] Sữa bột Nutifood GrowPLUS+ Suy Dinh Dưỡng (Đỏ) 2+ - Tăng Cân, Tăng Chiều Cao (Lon 1,65 Kg)",901.280₫,5.0,467 đã bán,https://shopee.vn/-Livestream-Lucie-S%E1%BB%AFa-b%E1%BB%99t-Nutifood-GrowPLUS-Suy-Dinh-D%C6%B0%E1%BB%A1ng-(%C4%90%E1%BB%8F)-2-T%C4%83ng-C%C3%A2n-T%C4%83ng-Chi%E1%BB%81u-Cao-(Lon-1-65-Kg)-i.915815268.43619164871?extraParams=%7B%22display_model_id%22%3A291571227162%2C%22model_selection_logic%22%3A3%7D
[Quà tặng không bán] Đồ chơi trẻ em bằng nhựa: bộ xúc cát - M17,245.000₫,4.8 Đánh giá shop,,https://shopee.vn/-Qu%C3%A0-t%E1%BA%B7ng-kh%C3%B4ng-b%C3%A1n-%C4%90%E1%BB%93-ch%C6%A1i-tr%E1%BA%BB-em-b%E1%BA%B1ng-nh%E1%BB%B1a-b%E1%BB%99-x%C3%BAc-c%C3%A1t-M17-i.915815268.51761229781?extraParams=%7B%22display_model_id%22%3A360979007014%2C%22model_selection_logic%22%3A3%7D
[Quà tặng không bán] Đồ chơi trẻ em bằng nhựa: bộ xúc cát - M16,196.000₫,4.8 Đánh giá shop,,https://shopee.vn/-Qu%C3%A0-t%E1%BA%B7ng-kh%C3%B4ng-b%C3%A1n-%C4%90%E1%BB%93-ch%C6%A1i-tr%E1%BA%BB-em-b%E1%BA%B1ng-nh%E1%BB%B1a-b%E1%BB%99-x%C3%BAc-c%C3%A1t-M16-i.915815268.54061240021?extraParams=%7B%22display_model_id%22%3A350979003172%2C%22model_selection_logic%22%3A3%7D
Thùng 24 hộp Sữa bột pha sẵn Nutifood Sweden GrowPLUS+ Colostrum Lactoferrin 180ml,819.280₫,5.0,1 đã bán,https://shopee.vn/Th%C3%B9ng-24-h%E1%BB%99p-S%E1%BB%AFa-b%E1%BB%99t-pha-s%E1%BA%B5n-Nutifood-Sweden-GrowPLUS-Colostrum-Lactoferrin-180ml-i.915815268.57857800637?extraParams=%7B%22display_model_id%22%3A350692673345%2C%22model_selection_logic%22%3A3%7D
[Quà tặng không bán] Chảo phủ sứ Nano đáy từ Sunhouse Healthy SHG24MT1,441.000₫,4.9,559 đã bán,https://shopee.vn/-Qu%C3%A0-t%E1%BA%B7ng-kh%C3%B4ng-b%C3%A1n-Cha%CC%89o-phu%CC%89-s%C6%B0%CC%81-Nano-%C4%91a%CC%81y-t%C6%B0%CC%80-Sunhouse-Healthy-SHG24MT1-i.915815268.45709633178?extraParams=%7B%22display_model_id%22%3A365850522460%2C%22model_selection_logic%22%3A3%7D
Combo 2 Thùng 24 hộp Sữa bột pha sẵn GippsNature Organic A2 hộp 180ml,1.854.000₫,4.8 Đánh giá shop,,https://shopee.vn/Combo-2-Th%C3%B9ng-24-h%E1%BB%99p-S%E1%BB%AFa-b%E1%BB%99t-pha-s%E1%BA%B5n-GippsNature-Organic-A2-h%E1%BB%99p-180ml-i.915815268.55960370236?extraParams=%7B%22display_model_id%22%3A440910032010%2C%22model_selection_logic%22%3A3%7D
[Livestream Lucie] Thùng 24 hộp Sữa bột pha sẵn Nutifood Sweden GrowPLUS+ Colostrum Lactoferrin 110ml,544.880₫,4.9,210 đã bán,https://shopee.vn/-Livestream-Lucie-Th%C3%B9ng-24-h%E1%BB%99p-S%E1%BB%AFa-b%E1%BB%99t-pha-s%E1%BA%B5n-Nutifood-Sweden-GrowPLUS-Colostrum-Lactoferrin-110ml-i.915815268.42069161124?extraParams=%7B%22display_model_id%22%3A296571214888%2C%22model_selection_logic%22%3A3%7D
[SVIP] Combo 2 Thùng 24 hộp Sữa bột pha sẵn Nutifood Sweden GrowPLUS+ Colostrum Lactoferrin 110ml,831.040₫,4.8 Đánh giá shop,,https://shopee.vn/-SVIP-Combo-2-Th%C3%B9ng-24-h%E1%BB%99p-S%E1%BB%AFa-b%E1%BB%99t-pha-s%E1%BA%B5n-Nutifood-Sweden-GrowPLUS-Colostrum-Lactoferrin-110ml-i.915815268.44760967244?extraParams=%7B%22display_model_id%22%3A218836553485%2C%22model_selection_logic%22%3A3%7D
[Quà tặng không bán] Đồ chơi trẻ em bằng nhựa: bộ xúc cát - M14,196.000₫,4.8 Đánh giá shop,,https://shopee.vn/-Qu%C3%A0-t%E1%BA%B7ng-kh%C3%B4ng-b%C3%A1n-%C4%90%E1%BB%93-ch%C6%A1i-tr%E1%BA%BB-em-b%E1%BA%B1ng-nh%E1%BB%B1a-b%E1%BB%99-x%C3%BAc-c%C3%A1t-M14-i.915815268.46111244960?extraParams=%7B%22display_model_id%22%3A370978999473%2C%22model_selection_logic%22%3A3%7D
[Livestream BeyondK] Sữa Bột Nutifood Sweden GrowPLUS+ Cao lớn vượt trội trên 2 tuổi (Bạc) 800g,791.700₫,4.2,73 đã bán,https://shopee.vn/-Livestream-BeyondK-S%E1%BB%AFa-B%E1%BB%99t-Nutifood-Sweden-GrowPLUS-Cao-l%E1%BB%9Bn-v%C6%B0%E1%BB%A3t-tr%E1%BB%99i-tr%C3%AAn-2-tu%E1%BB%95i-(B%E1%BA%A1c)-800g-i.915815268.27790459622?extraParams=%7B%22display_model_id%22%3A271248877897%2C%22model_selection_logic%22%3A3%7D
"Combo 4 Thùng 24 hộp Sữa bột pha sẵn Nutifood Sweden GrowPLUS+ Tiêu Hóa (Xanh Nhạt) 2+ - Tiêu hóa khỏe, tăng cân 180ml",1.311.300₫,4.4,365 đã bán,https://shopee.vn/Combo-4-Th%C3%B9ng-24-h%E1%BB%99p-S%E1%BB%AFa-b%E1%BB%99t-pha-s%E1%BA%B5n-Nutifood-Sweden-GrowPLUS-Ti%C3%AAu-H%C3%B3a-(Xanh-Nh%E1%BA%A1t)-2-Ti%C3%AAu-h%C3%B3a-kh%E1%BB%8Fe-t%C4%83ng-c%C3%A2n-180ml-i.915815268.40001412125?extraParams=%7B%22display_model_id%22%3A188523538457%2C%22model_selection_logic%22%3A3%7D
"Combo 2 Sữa bột Nutifood Sweden GrowPLUS+ Tiêu Hóa (Xanh Nhạt) 0+ - Tiêu hóa khỏe, tăng cân (Lon 800g)",1.301.440₫,4.4,191 đã bán,https://shopee.vn/Combo-2-S%E1%BB%AFa-b%E1%BB%99t-Nutifood-Sweden-GrowPLUS-Ti%C3%AAu-H%C3%B3a-(Xanh-Nh%E1%BA%A1t)-0-Ti%C3%AAu-h%C3%B3a-kh%E1%BB%8Fe-t%C4%83ng-c%C3%A2n-(Lon-800g)-i.915815268.27913485274?extraParams=%7B%22display_model_id%22%3A236855309945%2C%22model_selection_logic%22%3A3%7D
[LIVESTREAM KOL] Thùng 24 hộp Sữa bột pha sẵn Nutifood Sweden GrowPLUS+ Vị Chuối Sữa hộp 110ml - Trên 1 tuổi (24 x 110ml,479.750₫,4.9,1k+ đã bán,https://shopee.vn/-LIVESTREAM-KOL-Th%C3%B9ng-24-h%E1%BB%99p-S%E1%BB%AFa-b%E1%BB%99t-pha-s%E1%BA%B5n-Nutifood-Sweden-GrowPLUS-V%E1%BB%8B-Chu%E1%BB%91i-S%E1%BB%AFa-h%E1%BB%99p-110ml-Tr%C3%AAn-1-tu%E1%BB%95i-(24-x-110ml-i.915815268.26632514929?extraParams=%7B%22display_model_id%22%3A248111735516%2C%22model_selection_logic%22%3A3%7D
[Livestream KOL] Combo 2 Thùng 24 hộp SBPS Nutifood Sweden GrowPLUS+ Sữa Non Immunel hộp 110 ml (Bao bì tuỳ lô hàng),922.560₫,4.8,1k+ đã bán,https://shopee.vn/-Livestream-KOL-Combo-2-Th%C3%B9ng-24-h%E1%BB%99p-SBPS-Nutifood-Sweden-GrowPLUS-S%E1%BB%AFa-Non-Immunel-h%E1%BB%99p-110-ml-(Bao-b%C3%AC-tu%E1%BB%B3-l%C3%B4-h%C3%A0ng)-i.915815268.40008482791?extraParams=%7B%22display_model_id%22%3A275712659787%2C%22model_selection_logic%22%3A3%7D
[Quà tặng không bán] Đồ chơi trẻ em bằng nhựa: bộ xúc cát - M22,294.000₫,4.8 Đánh giá shop,,https://shopee.vn/-Qu%C3%A0-t%E1%BA%B7ng-kh%C3%B4ng-b%C3%A1n-%C4%90%E1%BB%93-ch%C6%A1i-tr%E1%BA%BB-em-b%E1%BA%B1ng-nh%E1%BB%B1a-b%E1%BB%99-x%C3%BAc-c%C3%A1t-M22-i.915815268.51361241264?extraParams=%7B%22display_model_id%22%3A340979007063%2C%22model_selection_logic%22%3A3%7D
[Quà tặng không bán] Nồi inox Fiveramic 30cm,392.000₫,4.8,67 đã bán,https://shopee.vn/-Qu%C3%A0-t%E1%BA%B7ng-kh%C3%B4ng-b%C3%A1n-N%E1%BB%93i-inox-Fiveramic-30cm-i.915815268.55708978850?extraParams=%7B%22display_model_id%22%3A262545160953%2C%22model_selection_logic%22%3A3%7D
"Sữa bột Nutifood GrowPLUS+ Suy Dinh Dưỡng (Đỏ) 2+ - Tăng Cân, Tăng Chiều Cao (Lon 850G)",449.280₫,5.0,3 đã bán,https://shopee.vn/S%E1%BB%AFa-b%E1%BB%99t-Nutifood-GrowPLUS-Suy-Dinh-D%C6%B0%E1%BB%A1ng-(%C4%90%E1%BB%8F)-2-T%C4%83ng-C%C3%A2n-T%C4%83ng-Chi%E1%BB%81u-Cao-(Lon-850G)-i.915815268.40319187494?extraParams=%7B%22display_model_id%22%3A266572605442%2C%22model_selection_logic%22%3A3%7D
[LIVESTREAM KOL] Thùng 24 hộp sữa bột pha sẵn GippsNature Organic A2 hộp 110ml,622.000₫,4.8 Đánh giá shop,,https://shopee.vn/-LIVESTREAM-KOL-Th%C3%B9ng-24-h%E1%BB%99p-s%E1%BB%AFa-b%E1%BB%99t-pha-s%E1%BA%B5n-GippsNature-Organic-A2-h%E1%BB%99p-110ml-i.915815268.55310366287?extraParams=%7B%22display_model_id%22%3A238285297591%2C%22model_selection_logic%22%3A3%7D
[Livestream Hannah Olala] Combo 2 Thùng 24 Hộp Sữa Bột Pha Sẵn Nutifood Sweden GrowPLUS+ Cao lớn vượt trội hộp 110 ml,881.360₫,5.0,79 đã bán,https://shopee.vn/-Livestream-Hannah-Olala-Combo-2-Th%C3%B9ng-24-H%E1%BB%99p-S%E1%BB%AFa-B%E1%BB%99t-Pha-S%E1%BA%B5n-Nutifood-Sweden-GrowPLUS-Cao-l%E1%BB%9Bn-v%C6%B0%E1%BB%A3t-tr%E1%BB%99i-h%E1%BB%99p-110-ml-i.915815268.43308842041?extraParams=%7B%22display_model_id%22%3A290743035427%2C%22model_selection_logic%22%3A3%7D
"[Quà tặng không bán] Đồ chơi: Xe chòi chân cho bé, có 4 bánh chất liệu: nhựa + sắt",588.000₫,4.8 Đánh giá shop,,https://shopee.vn/-Qu%C3%A0-t%E1%BA%B7ng-kh%C3%B4ng-b%C3%A1n-%C4%90%E1%BB%93-ch%C6%A1i-Xe-ch%C3%B2i-ch%C3%A2n-cho-b%C3%A9-c%C3%B3-4-b%C3%A1nh-ch%E1%BA%A5t-li%E1%BB%87u-nh%E1%BB%B1a-s%E1%BA%AFt-i.915815268.43781058822?extraParams=%7B%22display_model_id%22%3A292634289074%2C%22model_selection_logic%22%3A3%7D
"[Quà tặng không bán] Áo phao 50CM ABC bằng nhựa, cho trẻ em từ 3 tuổi trở lên",196.000₫,5.0,28 đã bán,https://shopee.vn/-Qu%C3%A0-t%E1%BA%B7ng-kh%C3%B4ng-b%C3%A1n-%C3%81o-phao-50CM-ABC-b%E1%BA%B1ng-nh%E1%BB%B1a-cho-tr%E1%BA%BB-em-t%E1%BB%AB-3-tu%E1%BB%95i-tr%E1%BB%9F-l%C3%AAn-i.915815268.43781058786?extraParams=%7B%22display_model_id%22%3A244240438994%2C%22model_selection_logic%22%3A3%7D
"[Quà tặng không bán] Đồ chơi trẻ em: Bộ lắp ghép xếp hình con vật, khu vui chơi bằng nhựa",294.000₫,4.9,856 đã bán,https://shopee.vn/-Qu%C3%A0-t%E1%BA%B7ng-kh%C3%B4ng-b%C3%A1n-%C4%90%E1%BB%93-ch%C6%A1i-tr%E1%BA%BB-em-B%E1%BB%99-l%E1%BA%AFp-gh%C3%A9p-x%E1%BA%BFp-h%C3%ACnh-con-v%E1%BA%ADt-khu-vui-ch%C6%A1i-b%E1%BA%B1ng-nh%E1%BB%B1a-i.915815268.52307604227?extraParams=%7B%22display_model_id%22%3A385678061581%2C%22model_selection_logic%22%3A3%7D
[Quà tặng không bán] Đồ chơi trẻ em xe đạp 3 bánh trẻ em A28,588.000₫,5.0,44 đã bán,https://shopee.vn/-Qu%C3%A0-t%E1%BA%B7ng-kh%C3%B4ng-b%C3%A1n-%C4%90%E1%BB%93-ch%C6%A1i-tr%E1%BA%BB-em-xe-%C4%91%E1%BA%A1p-3-b%C3%A1nh-tr%E1%BA%BB-em-A28-i.915815268.44229458149?extraParams=%7B%22display_model_id%22%3A425678070914%2C%22model_selection_logic%22%3A3%7D
[Gift] Máy hút bụi CW-18M01A hiệu Gaabor,588.000₫,4.8,517 đã bán,https://shopee.vn/-Gift-M%C3%A1y-h%C3%BAt-b%E1%BB%A5i-CW-18M01A-hi%E1%BB%87u-Gaabor-i.915815268.40152445789?extraParams=%7B%22display_model_id%22%3A305200042442%2C%22model_selection_logic%22%3A3%7D
[Quà tặng không bán] Đồ chơi trẻ em bằng nhựa: bộ xe đẩy trái cây,196.000₫,5.0,53 đã bán,https://shopee.vn/-Qu%C3%A0-t%E1%BA%B7ng-kh%C3%B4ng-b%C3%A1n-%C4%90%E1%BB%93-ch%C6%A1i-tr%E1%BA%BB-em-b%E1%BA%B1ng-nh%E1%BB%B1a-b%E1%BB%99-xe-%C4%91%E1%BA%A9y-tr%C3%A1i-c%C3%A2y-i.915815268.47510802249?extraParams=%7B%22display_model_id%22%3A330942860860%2C%22model_selection_logic%22%3A3%7D
[Livestream Hannah Olala] Thùng 24 hộp Sữa bột pha sẵn Nutifood Sweden GrowPLUS+ Vị Chuối Sữa hộp 180ml - Trên 1 tuổi,739.200₫,5.0,8 đã bán,https://shopee.vn/-Livestream-Hannah-Olala-Th%C3%B9ng-24-h%E1%BB%99p-S%E1%BB%AFa-b%E1%BB%99t-pha-s%E1%BA%B5n-Nutifood-Sweden-GrowPLUS-V%E1%BB%8B-Chu%E1%BB%91i-S%E1%BB%AFa-h%E1%BB%99p-180ml-Tr%C3%AAn-1-tu%E1%BB%95i-i.915815268.40008482779?extraParams=%7B%22display_model_id%22%3A265713290451%2C%22model_selection_logic%22%3A3%7D
[Quà tặng không bán] Đồ chơi trẻ em bằng nhựa:bộ nấu ăn,343.000₫,4.8 Đánh giá shop,,https://shopee.vn/-Qu%C3%A0-t%E1%BA%B7ng-kh%C3%B4ng-b%C3%A1n-%C4%90%E1%BB%93-ch%C6%A1i-tr%E1%BA%BB-em-b%E1%BA%B1ng-nh%E1%BB%B1a-b%E1%BB%99-n%E1%BA%A5u-%C4%83n-i.915815268.50361238766?extraParams=%7B%22display_model_id%22%3A430979011393%2C%22model_selection_logic%22%3A3%7D
[LIVESTREAM KOL] Combo 2 Thùng 24 hộp Sữa bột pha sẵn GippsNature Organic A2 hộp 110ml,1.239.000₫,4.8 Đánh giá shop,,https://shopee.vn/-LIVESTREAM-KOL-Combo-2-Th%C3%B9ng-24-h%E1%BB%99p-S%E1%BB%AFa-b%E1%BB%99t-pha-s%E1%BA%B5n-GippsNature-Organic-A2-h%E1%BB%99p-110ml-i.915815268.51260362720?extraParams=%7B%22display_model_id%22%3A395910057487%2C%22model_selection_logic%22%3A3%7D
[Livestream Lucie] Sữa Bột Nutifood Sweden GrowPLUS+ Sữa Non Immunel từ 1 - 2 tuổi lon 800 g (Bao bì tuỳ lô hàng),865.410₫,4.9,317 đã bán,https://shopee.vn/-Livestream-Lucie-S%E1%BB%AFa-B%E1%BB%99t-Nutifood-Sweden-GrowPLUS-S%E1%BB%AFa-Non-Immunel-t%E1%BB%AB-1-2-tu%E1%BB%95i-lon-800-g-(Bao-b%C3%AC-tu%E1%BB%B3-l%C3%B4-h%C3%A0ng)-i.915815268.42069161206?extraParams=%7B%22display_model_id%22%3A306571214948%2C%22model_selection_logic%22%3A3%7D
[Quà tặng không bán] Đồ chơi trẻ em : Bộ xếp hình bằng nhựa,294.000₫,5.0,93 đã bán,https://shopee.vn/-Qu%C3%A0-t%E1%BA%B7ng-kh%C3%B4ng-b%C3%A1n-%C4%90%E1%BB%93-ch%C6%A1i-tr%E1%BA%BB-em-B%E1%BB%99-x%E1%BA%BFp-h%C3%ACnh-b%E1%BA%B1ng-nh%E1%BB%B1a-i.915815268.51258864076?extraParams=%7B%22display_model_id%22%3A325786775947%2C%22model_selection_logic%22%3A3%7D
[Quà tặng không bán] Đồ chơi trẻ em bằng nhựa: bộ nhà bếp không dùng pin,343.000₫,4.8 Đánh giá shop,,https://shopee.vn/-Qu%C3%A0-t%E1%BA%B7ng-kh%C3%B4ng-b%C3%A1n-%C4%90%E1%BB%93-ch%C6%A1i-tr%E1%BA%BB-em-b%E1%BA%B1ng-nh%E1%BB%B1a-b%E1%BB%99-nh%C3%A0-b%E1%BA%BFp-kh%C3%B4ng-d%C3%B9ng-pin-i.915815268.54061224956?extraParams=%7B%22display_model_id%22%3A345979015114%2C%22model_selection_logic%22%3A3%7D
[Quà tặng không bán] Bể bơi bơm hơi chữ nhật (Không kèm bơm),392.000₫,4.8 Đánh giá shop,,https://shopee.vn/-Qu%C3%A0-t%E1%BA%B7ng-kh%C3%B4ng-b%C3%A1n-B%E1%BB%83-b%C6%A1i-b%C6%A1m-h%C6%A1i-ch%E1%BB%AF-nh%E1%BA%ADt-(Kh%C3%B4ng-k%C3%A8m-b%C6%A1m)-i.915815268.50361238745?extraParams=%7B%22display_model_id%22%3A415979011430%2C%22model_selection_logic%22%3A3%7D
[Quà tặng không bán] CHẢO CHỐNG DÍNH SUNHOUSE CT26 PLUS,490.000₫,5.0,139 đã bán,https://shopee.vn/-Qu%C3%A0-t%E1%BA%B7ng-kh%C3%B4ng-b%C3%A1n-CH%E1%BA%A2O-CH%E1%BB%90NG-D%C3%8DNH-SUNHOUSE-CT26-PLUS-i.915815268.54259663490?extraParams=%7B%22display_model_id%22%3A315854866181%2C%22model_selection_logic%22%3A3%7D
[Quà tặng không bán] BỘ DỤNG CỤ BÁC SĨ MÃ 669-67Y,196.000₫,4.8 Đánh giá shop,,https://shopee.vn/-Qu%C3%A0-t%E1%BA%B7ng-kh%C3%B4ng-b%C3%A1n-B%E1%BB%98-D%E1%BB%A4NG-C%E1%BB%A4-B%C3%81C-S%C4%A8-M%C3%83-669-67Y-i.915815268.54061100413?extraParams=%7B%22display_model_id%22%3A405967080347%2C%22model_selection_logic%22%3A3%7D
[GIFT] Máy xay sinh tố cầm tay FP03T-WH01A hiệu Gaabor,392.000₫,5.0,75 đã bán,https://shopee.vn/-GIFT-M%C3%A1y-xay-sinh-t%E1%BB%91-c%E1%BA%A7m-tay-FP03T-WH01A-hi%E1%BB%87u-Gaabor-i.915815268.50405329022?extraParams=%7B%22display_model_id%22%3A445487529722%2C%22model_selection_logic%22%3A3%7D
[Livestream BeyondK] Thùng 24 hộp Sữa bột pha sẵn Nutifood GrowPLUS+ Vị Dâu Sữa hộp 180ml - Trên 1 tuổi (24 hộp x 180ml),739.200₫,5.0,43 đã bán,https://shopee.vn/-Livestream-BeyondK-Th%C3%B9ng-24-h%E1%BB%99p-S%E1%BB%AFa-b%E1%BB%99t-pha-s%E1%BA%B5n-Nutifood-GrowPLUS-V%E1%BB%8B-D%C3%A2u-S%E1%BB%AFa-h%E1%BB%99p-180ml-Tr%C3%AAn-1-tu%E1%BB%95i-(24-h%E1%BB%99p-x-180ml)-i.915815268.44215105173?extraParams=%7B%22display_model_id%22%3A271248874475%2C%22model_selection_logic%22%3A3%7D
Sữa bột Nutifood Sweden GrowPLUS+ Colostrum Lactoferrin 0+ 800g,823.000₫,4.6,960 đã bán,https://shopee.vn/S%E1%BB%AFa-b%E1%BB%99t-Nutifood-Sweden-GrowPLUS-Colostrum-Lactoferrin-0-800g-i.915815268.27735384549?extraParams=%7B%22display_model_id%22%3A320994535867%2C%22model_selection_logic%22%3A3%7D
"[Gift]Đồ chơi trẻ em bằng gỗ: Bộ giao thông, đô thị",343.000₫,5.0,27 đã bán,https://shopee.vn/-Gift-%C4%90%E1%BB%93-ch%C6%A1i-tr%E1%BA%BB-em-b%E1%BA%B1ng-g%E1%BB%97-B%E1%BB%99-giao-th%C3%B4ng-%C4%91%C3%B4-th%E1%BB%8B-i.915815268.55952137085?extraParams=%7B%22display_model_id%22%3A435207675167%2C%22model_selection_logic%22%3A3%7D
[KOL] - [SHIP HCM & HN] Thùng 12 lốc GrowPLUS+ Váng sữa công thức Cao lớn vượt trội Vani (55g x 48 hộp),1.366.700₫,5.0,5 đã bán,https://shopee.vn/-KOL-SHIP-HCM-HN-Th%C3%B9ng-12-l%E1%BB%91c-GrowPLUS-V%C3%A1ng-s%E1%BB%AFa-c%C3%B4ng-th%E1%BB%A9c-Cao-l%E1%BB%9Bn-v%C6%B0%E1%BB%A3t-tr%E1%BB%99i-Vani-(55g-x-48-h%E1%BB%99p)-i.915815268.28334776092?extraParams=%7B%22display_model_id%22%3A237742530854%2C%22model_selection_logic%22%3A3%7D
[Quà tặng không bán] Đồ chơi trẻ em bằng gỗ: Bộ xếp khối hình học không gian,392.000₫,4.9,383 đã bán,https://shopee.vn/-Qu%C3%A0-t%E1%BA%B7ng-kh%C3%B4ng-b%C3%A1n-%C4%90%E1%BB%93-ch%C6%A1i-tr%E1%BA%BB-em-b%E1%BA%B1ng-g%E1%BB%97-B%E1%BB%99-x%E1%BA%BFp-kh%E1%BB%91i-h%C3%ACnh-h%E1%BB%8Dc-kh%C3%B4ng-gian-i.915815268.50457617742?extraParams=%7B%22display_model_id%22%3A330678063100%2C%22model_selection_logic%22%3A3%7D
Livestream KOL - Thực phẩm bổ sung sữa uống dinh dưỡng GippsNature Organic A2 hộp 180ml,928.000₫,4.8 Đánh giá shop,,https://shopee.vn/Livestream-KOL-Th%E1%BB%B1c-ph%E1%BA%A9m-b%E1%BB%95-sung-s%E1%BB%AFa-u%E1%BB%91ng-dinh-d%C6%B0%E1%BB%A1ng-GippsNature-Organic-A2-h%E1%BB%99p-180ml-i.915815268.52860357702?extraParams=%7B%22display_model_id%22%3A365910058631%2C%22model_selection_logic%22%3A3%7D
"Combo 3 Sữa bột Nutifood Sweden GrowPLUS+ Tiêu Hóa (Xanh Nhạt) 0+ - Tiêu hóa khỏe, tăng cân (Lon 800g)",1.952.160₫,4.3,43 đã bán,https://shopee.vn/Combo-3-S%E1%BB%AFa-b%E1%BB%99t-Nutifood-Sweden-GrowPLUS-Ti%C3%AAu-H%C3%B3a-(Xanh-Nh%E1%BA%A1t)-0-Ti%C3%AAu-h%C3%B3a-kh%E1%BB%8Fe-t%C4%83ng-c%C3%A2n-(Lon-800g)-i.915815268.29763495372?extraParams=%7B%22display_model_id%22%3A187862673767%2C%22model_selection_logic%22%3A3%7D
[Quà tặng không bán] xô cát 1101-76,176.400₫,4.8 Đánh giá shop,,https://shopee.vn/-Qu%C3%A0-t%E1%BA%B7ng-kh%C3%B4ng-b%C3%A1n-x%C3%B4-c%C3%A1t-1101-76-i.915815268.50461291101?extraParams=%7B%22display_model_id%22%3A335982383994%2C%22model_selection_logic%22%3A3%7D
[Quà tặng không bán] Đồ chơi trẻ em bằng nhựa: bộ bác sĩ,245.000₫,5.0,11 đã bán,https://shopee.vn/-Qu%C3%A0-t%E1%BA%B7ng-kh%C3%B4ng-b%C3%A1n-%C4%90%E1%BB%93-ch%C6%A1i-tr%E1%BA%BB-em-b%E1%BA%B1ng-nh%E1%BB%B1a-b%E1%BB%99-b%C3%A1c-s%C4%A9-i.915815268.52758858969?extraParams=%7B%22display_model_id%22%3A385786716473%2C%22model_selection_logic%22%3A3%7D
[LIVESTREAM KOL] Combo 3 Thùng 24 hộp Sữa bột pha sẵn GippsNature Organic A2 hộp 180ml,2.784.000₫,4.8 Đánh giá shop,,https://shopee.vn/-LIVESTREAM-KOL-Combo-3-Th%C3%B9ng-24-h%E1%BB%99p-S%E1%BB%AFa-b%E1%BB%99t-pha-s%E1%BA%B5n-GippsNature-Organic-A2-h%E1%BB%99p-180ml-i.915815268.46260391340?extraParams=%7B%22display_model_id%22%3A179156831580%2C%22model_selection_logic%22%3A3%7D
Combo 3 Thùng 24 hộp Sữa bột pha sẵn GippsNature Organic A2 hộp 110ml,1.861.000₫,4.8 Đánh giá shop,,https://shopee.vn/Combo-3-Th%C3%B9ng-24-h%E1%BB%99p-S%E1%BB%AFa-b%E1%BB%99t-pha-s%E1%BA%B5n-GippsNature-Organic-A2-h%E1%BB%99p-110ml-i.915815268.56060370104?extraParams=%7B%22display_model_id%22%3A335910028067%2C%22model_selection_logic%22%3A3%7D
[Livestream KOL] Sữa Bột Nutifood GrowPLUS+ Biếng Ăn (Xanh) 1+ - Tăng Cân Khỏe Mạnh (Hộp 2 Kg),843.040₫,4.7,124 đã bán,https://shopee.vn/-Livestream-KOL-S%E1%BB%AFa-B%E1%BB%99t-Nutifood-GrowPLUS-Bi%E1%BA%BFng-%C4%82n-(Xanh)-1-T%C4%83ng-C%C3%A2n-Kh%E1%BB%8Fe-M%E1%BA%A1nh-(H%E1%BB%99p-2-Kg)-i.915815268.29885786557?extraParams=%7B%22display_model_id%22%3A186059890507%2C%22model_selection_logic%22%3A3%7D
"Thùng Sữa Bột Pha Sẵn GrowPLUS+ Sữa Non Tăng Đề Kháng 110ml - Trên 1 Tuổi - Tăng Cường Hệ Miễn Dịch, Tiêu Hóa Tốt (48 Hộ",758.400₫,4.6,80 đã bán,https://shopee.vn/Th%C3%B9ng-S%E1%BB%AFa-B%E1%BB%99t-Pha-S%E1%BA%B5n-GrowPLUS-S%E1%BB%AFa-Non-T%C4%83ng-%C4%90%E1%BB%81-Kh%C3%A1ng-110ml-Tr%C3%AAn-1-Tu%E1%BB%95i-T%C4%83ng-C%C6%B0%E1%BB%9Dng-H%E1%BB%87-Mi%E1%BB%85n-D%E1%BB%8Bch-Ti%C3%AAu-H%C3%B3a-T%E1%BB%91t-(48-H%E1%BB%99-i.915815268.28152756479?extraParams=%7B%22display_model_id%22%3A148667514202%2C%22model_selection_logic%22%3A3%7D
[Livestream Hannah Olala] Combo 2 Thùng 24 Hộp Sữa Bột Pha Sẵn Nutifood Sweden GrowPLUS+ Cao lớn vượt trội hộp 180 ml,1.320.410₫,5.0,137 đã bán,https://shopee.vn/-Livestream-Hannah-Olala-Combo-2-Th%C3%B9ng-24-H%E1%BB%99p-S%E1%BB%AFa-B%E1%BB%99t-Pha-S%E1%BA%B5n-Nutifood-Sweden-GrowPLUS-Cao-l%E1%BB%9Bn-v%C6%B0%E1%BB%A3t-tr%E1%BB%99i-h%E1%BB%99p-180-ml-i.915815268.40158975994?extraParams=%7B%22display_model_id%22%3A260752190562%2C%22model_selection_logic%22%3A3%7D
Combo 2 sữa bột pha sẵn GrowPLUS+ A2 beta-casein Hộp 180ml,1.196.160₫,5.0,6 đã bán,https://shopee.vn/Combo-2-s%E1%BB%AFa-b%E1%BB%99t-pha-s%E1%BA%B5n-GrowPLUS-A2-beta-casein-H%E1%BB%99p-180ml-i.915815268.54210360398?extraParams=%7B%22display_model_id%22%3A410909591325%2C%22model_selection_logic%22%3A3%7D
[Gift] Máy sấy tóc GHD-N1000D hiệu Gaabor,343.000₫,4.7,75 đã bán,https://shopee.vn/-Gift-M%C3%A1y-s%E1%BA%A5y-t%C3%B3c-GHD-N1000D-hi%E1%BB%87u-Gaabor-i.915815268.27534729826?extraParams=%7B%22display_model_id%22%3A196030505527%2C%22model_selection_logic%22%3A3%7D
[Quà tặng không bán]Đồ chơi trẻ em bằng nhựa: bộ dụng cụ sửa chữa không dùng pin,294.000₫,4.6,110 đã bán,https://shopee.vn/-Qu%C3%A0-t%E1%BA%B7ng-kh%C3%B4ng-b%C3%A1n-%C4%90%E1%BB%93-ch%C6%A1i-tr%E1%BA%BB-em-b%E1%BA%B1ng-nh%E1%BB%B1a-b%E1%BB%99-d%E1%BB%A5ng-c%E1%BB%A5-s%E1%BB%ADa-ch%E1%BB%AFa-kh%C3%B4ng-d%C3%B9ng-pin-i.915815268.53557446096?extraParams=%7B%22display_model_id%22%3A292466942266%2C%22model_selection_logic%22%3A3%7D
[Quà tặng không bán] Ấm siêu tốc inox 2 lớp 1.8L SUNHOUSE SHD1353,490.000₫,4.8 Đánh giá shop,,https://shopee.vn/-Qu%C3%A0-t%E1%BA%B7ng-kh%C3%B4ng-b%C3%A1n-%C3%82%CC%81m-si%C3%AAu-t%E1%BB%91c-inox-2-l%E1%BB%9Bp-1.8L-SUNHOUSE-SHD1353-i.915815268.46055402712?extraParams=%7B%22display_model_id%22%3A400490820106%2C%22model_selection_logic%22%3A3%7D
[Gift] Balô ngộ nghĩnh cho bé,343.000₫,5.0,146 đã bán,https://shopee.vn/-Gift-Bal%C3%B4-ng%E1%BB%99-ngh%C4%A9nh-cho-b%C3%A9-i.915815268.27133515252?extraParams=%7B%22display_model_id%22%3A234107056190%2C%22model_selection_logic%22%3A3%7D
[Gift]Đồ chơi trẻ em bằng nhựa: vô lăng ô tô mô phỏng,245.000₫,4.0,28 đã bán,https://shopee.vn/-Gift-%C4%90%E1%BB%93-ch%C6%A1i-tr%E1%BA%BB-em-b%E1%BA%B1ng-nh%E1%BB%B1a-v%C3%B4-l%C4%83ng-%C3%B4-t%C3%B4-m%C3%B4-ph%E1%BB%8Fng-i.915815268.57304893011?extraParams=%7B%22display_model_id%22%3A415452341898%2C%22model_selection_logic%22%3A3%7D
[Quà tặng không bán] Đồ chơi trẻ em bằng nhựa: bình xịt nước đeo vai,196.000₫,5.0,30 đã bán,https://shopee.vn/-Qu%C3%A0-t%E1%BA%B7ng-kh%C3%B4ng-b%C3%A1n-%C4%90%E1%BB%93-ch%C6%A1i-tr%E1%BA%BB-em-b%E1%BA%B1ng-nh%E1%BB%B1a-b%C3%ACnh-x%E1%BB%8Bt-n%C6%B0%E1%BB%9Bc-%C4%91eo-vai-i.915815268.56060778305?extraParams=%7B%22display_model_id%22%3A315943439999%2C%22model_selection_logic%22%3A3%7D
[Quà tặng không bán] LẨU ĐIỆN SUNHOUSE SHD4523,588.000₫,4.3,33 đã bán,https://shopee.vn/-Qu%C3%A0-t%E1%BA%B7ng-kh%C3%B4ng-b%C3%A1n-L%E1%BA%A8U-%C4%90I%E1%BB%86N-SUNHOUSE-SHD4523-i.915815268.47309683491?extraParams=%7B%22display_model_id%22%3A415854269858%2C%22model_selection_logic%22%3A3%7D
[Quà tặng không bán] Chảo Inox đa lớp Sunhouse IN20M6,490.000₫,4.8,169 đã bán,https://shopee.vn/-Qu%C3%A0-t%E1%BA%B7ng-kh%C3%B4ng-b%C3%A1n-Cha%CC%89o-Inox-%C4%91a-l%C6%A1%CC%81p-Sunhouse-IN20M6-i.915815268.25148130256?extraParams=%7B%22display_model_id%22%3A440850524394%2C%22model_selection_logic%22%3A3%7D
[Quà tặng không bán] Phao bơi hình các con vật,196.000₫,4.7,92 đã bán,https://shopee.vn/-Qu%C3%A0-t%E1%BA%B7ng-kh%C3%B4ng-b%C3%A1n-Phao-b%C6%A1i-h%C3%ACnh-c%C3%A1c-con-v%E1%BA%ADt-i.915815268.55360084188?extraParams=%7B%22display_model_id%22%3A307597824809%2C%22model_selection_logic%22%3A3%7D
[Quà tặng không bán] Cân điện tử GWS-M03A hiệu Gaabor,294.000₫,5.0,2 đã bán,https://shopee.vn/-Qu%C3%A0-t%E1%BA%B7ng-kh%C3%B4ng-b%C3%A1n-C%C3%A2n-%C4%91i%E1%BB%87n-t%E1%BB%AD-GWS-M03A-hi%E1%BB%87u-Gaabor-i.915815268.57208380807?extraParams=%7B%22display_model_id%22%3A410743307212%2C%22model_selection_logic%22%3A3%7D
Combo 4 thùng 24 hộp Sữa Bột Pha Sẵn Nutifood Sweden GrowPLUS+ Sữa Non Immunel 180 ml (Bao bì tuỳ lô hàng),1.987.200₫,4.9,71 đã bán,https://shopee.vn/Combo-4-th%C3%B9ng-24-h%E1%BB%99p-S%E1%BB%AFa-B%E1%BB%99t-Pha-S%E1%BA%B5n-Nutifood-Sweden-GrowPLUS-S%E1%BB%AFa-Non-Immunel-180-ml-(Bao-b%C3%AC-tu%E1%BB%B3-l%C3%B4-h%C3%A0ng)-i.915815268.27942393668?extraParams=%7B%22display_model_id%22%3A276805712679%2C%22model_selection_logic%22%3A3%7D
[Livestream KOL] Sữa Bột Nutifood Sweden GrowPLUS+ Sữa Non Immunel từ 1 - 2 tuổi lon 800 g (Bao bì tuỳ lô hàng),865.410₫,4.6,538 đã bán,https://shopee.vn/-Livestream-KOL-S%E1%BB%AFa-B%E1%BB%99t-Nutifood-Sweden-GrowPLUS-S%E1%BB%AFa-Non-Immunel-t%E1%BB%AB-1-2-tu%E1%BB%95i-lon-800-g-(Bao-b%C3%AC-tu%E1%BB%B3-l%C3%B4-h%C3%A0ng)-i.915815268.40758456696?extraParams=%7B%22display_model_id%22%3A270712659694%2C%22model_selection_logic%22%3A3%7D
[Gift A2] Đồ chơi trẻ em bằng nhựa: đàn piano dùng pin,980.000₫,4.8 Đánh giá shop,,https://shopee.vn/-Gift-A2-%C4%90%E1%BB%93-ch%C6%A1i-tr%E1%BA%BB-em-b%E1%BA%B1ng-nh%E1%BB%B1a-%C4%91%C3%A0n-piano-d%C3%B9ng-pin-i.915815268.41780257806?extraParams=%7B%22display_model_id%22%3A249215788703%2C%22model_selection_logic%22%3A3%7D
[Livestream Lucie] Sữa Bột Nutifood Sweden GrowPLUS+ Cao lớn vượt trội từ 1 - 2 tuổi (Bạc) 800g,791.700₫,4.8,283 đã bán,https://shopee.vn/-Livestream-Lucie-S%E1%BB%AFa-B%E1%BB%99t-Nutifood-Sweden-GrowPLUS-Cao-l%E1%BB%9Bn-v%C6%B0%E1%BB%A3t-tr%E1%BB%99i-t%E1%BB%AB-1-2-tu%E1%BB%95i-(B%E1%BA%A1c)-800g-i.915815268.42619173391?extraParams=%7B%22display_model_id%22%3A258899622794%2C%22model_selection_logic%22%3A3%7D
[Quà tặng không bán] VỢT MÃ LY-030,176.400₫,4.8 Đánh giá shop,,https://shopee.vn/-Qu%C3%A0-t%E1%BA%B7ng-kh%C3%B4ng-b%C3%A1n-V%E1%BB%A2T-M%C3%83-LY-030-i.915815268.46911120377?extraParams=%7B%22display_model_id%22%3A355967080331%2C%22model_selection_logic%22%3A3%7D
[Gift]Đồ chơi trẻ em bằng nhựa: Bộ rau củ model: 2271,245.000₫,5.0,43 đã bán,https://shopee.vn/-Gift-%C4%90%E1%BB%93-ch%C6%A1i-tr%E1%BA%BB-em-b%E1%BA%B1ng-nh%E1%BB%B1a-B%E1%BB%99-rau-c%E1%BB%A7-model-2271-i.915815268.52552133111?extraParams=%7B%22display_model_id%22%3A335207742115%2C%22model_selection_logic%22%3A3%7D
[Quà tặng không bán] micro chú vịt Y88-9,294.000₫,4.8 Đánh giá shop,,https://shopee.vn/-Qu%C3%A0-t%E1%BA%B7ng-kh%C3%B4ng-b%C3%A1n-micro-ch%C3%BA-v%E1%BB%8Bt-Y88-9-i.915815268.27944927275?extraParams=%7B%22display_model_id%22%3A310983289580%2C%22model_selection_logic%22%3A3%7D
[Quà tặng không bán] hộp xe nhung chú chó cứu hộ 8026,343.000₫,5.0,9 đã bán,https://shopee.vn/-Qu%C3%A0-t%E1%BA%B7ng-kh%C3%B4ng-b%C3%A1n-h%E1%BB%99p-xe-nhung-ch%C3%BA-ch%C3%B3-c%E1%BB%A9u-h%E1%BB%99-8026-i.915815268.52361236322?extraParams=%7B%22display_model_id%22%3A355979015042%2C%22model_selection_logic%22%3A3%7D
[Livestream Hannah Olala] SB Nutifood Sweden GrowPLUS+ Sữa Non Immunel trên 2 tuổi tuổi lon 800 g (Bao bì tuỳ lô hàng),864.500₫,4.8 Đánh giá shop,,https://shopee.vn/-Livestream-Hannah-Olala-SB-Nutifood-Sweden-GrowPLUS-S%E1%BB%AFa-Non-Immunel-tr%C3%AAn-2-tu%E1%BB%95i-tu%E1%BB%95i-lon-800-g-(Bao-b%C3%AC-tu%E1%BB%B3-l%C3%B4-h%C3%A0ng)-i.915815268.41808971882?extraParams=%7B%22display_model_id%22%3A260752181990%2C%22model_selection_logic%22%3A3%7D
[Quà tặng không bán] Thú bông khủng long,343.000₫,4.9,99 đã bán,https://shopee.vn/-Qu%C3%A0-t%E1%BA%B7ng-kh%C3%B4ng-b%C3%A1n-Th%C3%BA-b%C3%B4ng-kh%E1%BB%A7ng-long-i.915815268.50057576034?extraParams=%7B%22display_model_id%22%3A262473875203%2C%22model_selection_logic%22%3A3%7D
[Quà tặng không bán] KHỐI LẮP RÁP MÃ AK -107,245.000₫,4.8 Đánh giá shop,,https://shopee.vn/-Qu%C3%A0-t%E1%BA%B7ng-kh%C3%B4ng-b%C3%A1n-KH%E1%BB%90I-L%E1%BA%AEP-R%C3%81P-M%C3%83-AK-107-i.915815268.53061093998?extraParams=%7B%22display_model_id%22%3A430967066432%2C%22model_selection_logic%22%3A3%7D
[Quà tặng không bán] Đồ chơi trẻ em bằng nhựa: bộ xúc cát - M13,176.400₫,4.8 Đánh giá shop,,https://shopee.vn/-Qu%C3%A0-t%E1%BA%B7ng-kh%C3%B4ng-b%C3%A1n-%C4%90%E1%BB%93-ch%C6%A1i-tr%E1%BA%BB-em-b%E1%BA%B1ng-nh%E1%BB%B1a-b%E1%BB%99-x%C3%BAc-c%C3%A1t-M13-i.915815268.45311256352?extraParams=%7B%22display_model_id%22%3A345979015141%2C%22model_selection_logic%22%3A3%7D
Thực phẩm bổ sung sữa uống dinh dưỡng GippsNature Organic A2 hộp 180ml,928.000₫,4.8 Đánh giá shop,,https://shopee.vn/Th%E1%BB%B1c-ph%E1%BA%A9m-b%E1%BB%95-sung-s%E1%BB%AFa-u%E1%BB%91ng-dinh-d%C6%B0%E1%BB%A1ng-GippsNature-Organic-A2-h%E1%BB%99p-180ml-i.915815268.55710357587?extraParams=%7B%22display_model_id%22%3A340910028004%2C%22model_selection_logic%22%3A3%7D
[Quà tặng không bán] CHẢO SÂU VÂN ĐÁ ECRORAMIC 18CM,343.000₫,4.9,1k+ đã bán,https://shopee.vn/-Qu%C3%A0-t%E1%BA%B7ng-kh%C3%B4ng-b%C3%A1n-CH%E1%BA%A2O-S%C3%82U-V%C3%82N-%C4%90%C3%81-ECRORAMIC-18CM-i.915815268.42880136416?extraParams=%7B%22display_model_id%22%3A380796650074%2C%22model_selection_logic%22%3A3%7D
[Gift]Hộp đựng đồ đa năng dùng đựng đồ mỹ phẩm để bàn,196.000₫,4.9,68 đã bán,https://shopee.vn/-Gift-H%E1%BB%99p-%C4%91%E1%BB%B1ng-%C4%91%E1%BB%93-%C4%91a-n%C4%83ng-d%C3%B9ng-%C4%91%E1%BB%B1ng-%C4%91%E1%BB%93-m%E1%BB%B9-ph%E1%BA%A9m-%C4%91%E1%BB%83-b%C3%A0n-i.915815268.41678540711?extraParams=%7B%22display_model_id%22%3A435517208745%2C%22model_selection_logic%22%3A3%7D
[Quà tặng không bán] Phao bơi trẻ em PD0126,196.000₫,4.9,254 đã bán,https://shopee.vn/-Qu%C3%A0-t%E1%BA%B7ng-kh%C3%B4ng-b%C3%A1n-Phao-b%C6%A1i-tr%E1%BA%BB-em-PD0126-i.915815268.55259203394?extraParams=%7B%22display_model_id%22%3A410815481885%2C%22model_selection_logic%22%3A3%7D
[Quà tặng không bán] Đồ chơi trẻ em bằng nhựa: bộ nhà bếp,196.000₫,4.6,64 đã bán,https://shopee.vn/-Qu%C3%A0-t%E1%BA%B7ng-kh%C3%B4ng-b%C3%A1n-%C4%90%E1%BB%93-ch%C6%A1i-tr%E1%BA%BB-em-b%E1%BA%B1ng-nh%E1%BB%B1a-b%E1%BB%99-nh%C3%A0-b%E1%BA%BFp-i.915815268.53708870074?extraParams=%7B%22display_model_id%22%3A355786737334%2C%22model_selection_logic%22%3A3%7D
[Quà tặng không bán] lắp ráp công trình vàng 6005,294.000₫,5.0,90 đã bán,https://shopee.vn/-Qu%C3%A0-t%E1%BA%B7ng-kh%C3%B4ng-b%C3%A1n-l%E1%BA%AFp-r%C3%A1p-c%C3%B4ng-tr%C3%ACnh-v%C3%A0ng-6005-i.915815268.44511229687?extraParams=%7B%22display_model_id%22%3A315977579161%2C%22model_selection_logic%22%3A3%7D
[Quà tặng không bán] Đồ chơi trẻ em bằng nhựa:bắn bong bóng,294.000₫,4.7,45 đã bán,https://shopee.vn/-Qu%C3%A0-t%E1%BA%B7ng-kh%C3%B4ng-b%C3%A1n-%C4%90%E1%BB%93-ch%C6%A1i-tr%E1%BA%BB-em-b%E1%BA%B1ng-nh%E1%BB%B1a-b%E1%BA%AFn-bong-b%C3%B3ng-i.915815268.57357604136?extraParams=%7B%22display_model_id%22%3A254189608997%2C%22model_selection_logic%22%3A3%7D
[Quà tặng không bán] Đồ chơi trẻ em bằng nhựa: bộ đồ chơi tháp lốc xoáy,176.400₫,4.5,420 đã bán,https://shopee.vn/-Qu%C3%A0-t%E1%BA%B7ng-kh%C3%B4ng-b%C3%A1n-%C4%90%E1%BB%93-ch%C6%A1i-tr%E1%BA%BB-em-b%E1%BA%B1ng-nh%E1%BB%B1a-b%E1%BB%99-%C4%91%E1%BB%93-ch%C6%A1i-th%C3%A1p-l%E1%BB%91c-xo%C3%A1y-i.915815268.50309198751?extraParams=%7B%22display_model_id%22%3A360815559094%2C%22model_selection_logic%22%3A3%7D
[Gift]Đồ chơi trẻ em bằng nhựa: bộ hướng nghiệp model: 8810A,176.400₫,4.9,84 đã bán,https://shopee.vn/-Gift-%C4%90%E1%BB%93-ch%C6%A1i-tr%E1%BA%BB-em-b%E1%BA%B1ng-nh%E1%BB%B1a-b%E1%BB%99-h%C6%B0%E1%BB%9Bng-nghi%E1%BB%87p-model-8810A-i.915815268.47503894339?extraParams=%7B%22display_model_id%22%3A262296647535%2C%22model_selection_logic%22%3A3%7D
[Quà tặng không bán] Đồ chơi trẻ em bằng nhựa: bộ nhà bếp,196.000₫,4.6,156 đã bán,https://shopee.vn/-Qu%C3%A0-t%E1%BA%B7ng-kh%C3%B4ng-b%C3%A1n-%C4%90%E1%BB%93-ch%C6%A1i-tr%E1%BA%BB-em-b%E1%BA%B1ng-nh%E1%BB%B1a-b%E1%BB%99-nh%C3%A0-b%E1%BA%BFp-i.915815268.55009203749?extraParams=%7B%22display_model_id%22%3A325815568689%2C%22model_selection_logic%22%3A3%7D
[Quà tặng không bán] Chảo xào nấu,343.000₫,4.8 Đánh giá shop,,https://shopee.vn/-Qu%C3%A0-t%E1%BA%B7ng-kh%C3%B4ng-b%C3%A1n-Ch%E1%BA%A3o-x%C3%A0o-n%E1%BA%A5u-i.915815268.50660098036?extraParams=%7B%22display_model_id%22%3A330887780712%2C%22model_selection_logic%22%3A3%7D
[Quà tặng không bán] Đồ chơi trẻ em bằng nhựa: bộ xe đẩy hàng siêu thị,176.400₫,4.0,29 đã bán,https://shopee.vn/-Qu%C3%A0-t%E1%BA%B7ng-kh%C3%B4ng-b%C3%A1n-%C4%90%E1%BB%93-ch%C6%A1i-tr%E1%BA%BB-em-b%E1%BA%B1ng-nh%E1%BB%B1a-b%E1%BB%99-xe-%C4%91%E1%BA%A9y-h%C3%A0ng-si%C3%AAu-th%E1%BB%8B-i.915815268.48557624208?extraParams=%7B%22display_model_id%22%3A360678024843%2C%22model_selection_logic%22%3A3%7D
Combo 3 sữa bột pha sẵn GrowPLUS+ A2 beta-casein Hộp 180ml,1.794.240₫,5.0,4 đã bán,https://shopee.vn/Combo-3-s%E1%BB%AFa-b%E1%BB%99t-pha-s%E1%BA%B5n-GrowPLUS-A2-beta-casein-H%E1%BB%99p-180ml-i.915815268.54560360516?extraParams=%7B%22display_model_id%22%3A330909640289%2C%22model_selection_logic%22%3A3%7D
[Quà tặng không bán] hộp poli 4 chiếc 868-15A,245.000₫,5.0,80 đã bán,https://shopee.vn/-Qu%C3%A0-t%E1%BA%B7ng-kh%C3%B4ng-b%C3%A1n-h%E1%BB%99p-poli-4-chi%E1%BA%BFc-868-15A-i.915815268.47011229386?extraParams=%7B%22display_model_id%22%3A224695329503%2C%22model_selection_logic%22%3A3%7D
[Livestream BeyondK] Sữa Bột Nutifood Sweden GrowPLUS+ Cao lớn vượt trội từ 1 - 2 tuổi (Bạc) 800g,791.700₫,4.8,495 đã bán,https://shopee.vn/-Livestream-BeyondK-S%E1%BB%AFa-B%E1%BB%99t-Nutifood-Sweden-GrowPLUS-Cao-l%E1%BB%9Bn-v%C6%B0%E1%BB%A3t-tr%E1%BB%99i-t%E1%BB%AB-1-2-tu%E1%BB%95i-(B%E1%BA%A1c)-800g-i.915815268.42915094694?extraParams=%7B%22display_model_id%22%3A159263042012%2C%22model_selection_logic%22%3A3%7D
[Quà tặng không bán] Đồ chơi trẻ em bằng nhựa: bình xịt nước đeo vai,176.400₫,4.9,2k+ đã bán,https://shopee.vn/-Qu%C3%A0-t%E1%BA%B7ng-kh%C3%B4ng-b%C3%A1n-%C4%90%E1%BB%93-ch%C6%A1i-tr%E1%BA%BB-em-b%E1%BA%B1ng-nh%E1%BB%B1a-b%C3%ACnh-x%E1%BB%8Bt-n%C6%B0%E1%BB%9Bc-%C4%91eo-vai-i.915815268.53108978817?extraParams=%7B%22display_model_id%22%3A340796643646%2C%22model_selection_logic%22%3A3%7D
[Gift A2] Bếp nướng điện Sunhouse,980.000₫,3.0,12 đã bán,https://shopee.vn/-Gift-A2-B%C3%AA%CC%81p-n%C6%B0%C6%A1%CC%81ng-%C4%91i%C3%AA%CC%A3n-Sunhouse-i.915815268.47409319861?extraParams=%7B%22display_model_id%22%3A430823588497%2C%22model_selection_logic%22%3A3%7D
[Quà tặng không bán]Đồ chơi trẻ em bằng nhựa:bộ trống xúc xắc,294.000₫,5.0,227 đã bán,https://shopee.vn/-Qu%C3%A0-t%E1%BA%B7ng-kh%C3%B4ng-b%C3%A1n-%C4%90%E1%BB%93-ch%C6%A1i-tr%E1%BA%BB-em-b%E1%BA%B1ng-nh%E1%BB%B1a-b%E1%BB%99-tr%E1%BB%91ng-x%C3%BAc-x%E1%BA%AFc-i.915815268.54205400725?extraParams=%7B%22display_model_id%22%3A320491917213%2C%22model_selection_logic%22%3A3%7D
[Quà tặng không bán] Nồi điện (ca điện mini),343.000₫,5.0,38 đã bán,https://shopee.vn/-Qu%C3%A0-t%E1%BA%B7ng-kh%C3%B4ng-b%C3%A1n-N%E1%BB%93i-%C4%91i%E1%BB%87n-(ca-%C4%91i%E1%BB%87n-mini)-i.915815268.55360084185?extraParams=%7B%22display_model_id%22%3A292597829937%2C%22model_selection_logic%22%3A3%7D
Combo 3 Thùng 24 hộp Sữa bột pha sẵn GippsNature Organic A2 hộp 180ml,2.784.000₫,4.8 Đánh giá shop,,https://shopee.vn/Combo-3-Th%C3%B9ng-24-h%E1%BB%99p-S%E1%BB%AFa-b%E1%BB%99t-pha-s%E1%BA%B5n-GippsNature-Organic-A2-h%E1%BB%99p-180ml-i.915815268.58010357639?extraParams=%7B%22display_model_id%22%3A325910033076%2C%22model_selection_logic%22%3A3%7D
[Livestream Lucie] Sữa bột Nutifood Sweden GrowPLUS+ Colostrum Lactoferrin 2+ 800g,1.001.560₫,4.8,94 đã bán,https://shopee.vn/-Livestream-Lucie-S%E1%BB%AFa-b%E1%BB%99t-Nutifood-Sweden-GrowPLUS-Colostrum-Lactoferrin-2-800g-i.915815268.43519164913?extraParams=%7B%22display_model_id%22%3A301571219952%2C%22model_selection_logic%22%3A3%7D
[Gift]Đồ chơi trẻ em bằng nhựa: bộ loa đài kèm mic hát,245.000₫,5.0,22 đã bán,https://shopee.vn/-Gift-%C4%90%E1%BB%93-ch%C6%A1i-tr%E1%BA%BB-em-b%E1%BA%B1ng-nh%E1%BB%B1a-b%E1%BB%99-loa-%C4%91%C3%A0i-k%C3%A8m-mic-h%C3%A1t-i.915815268.46354913390?extraParams=%7B%22display_model_id%22%3A410452410945%2C%22model_selection_logic%22%3A3%7D
[Livestream Lucie] Sữa Bột Nutifood Sweden GrowPLUS+ Sữa Non Immunel trên 2 tuổi lon 800 g (Bao bì tuỳ lô hàng),865.410₫,5.0,126 đã bán,https://shopee.vn/-Livestream-Lucie-S%E1%BB%AFa-B%E1%BB%99t-Nutifood-Sweden-GrowPLUS-S%E1%BB%AFa-Non-Immunel-tr%C3%AAn-2-tu%E1%BB%95i-lon-800-g-(Bao-b%C3%AC-tu%E1%BB%B3-l%C3%B4-h%C3%A0ng)-i.915815268.42169161084?extraParams=%7B%22display_model_id%22%3A266571570273%2C%22model_selection_logic%22%3A3%7D
[Livestream BeyondK] Combo 2 Thùng 24 hộp SBPS Nutifood Sweden GrowPLUS+ Sữa Non Immunel hộp 110 ml (Bao bì tuỳ lô hàng),919.770₫,5.0,63 đã bán,https://shopee.vn/-Livestream-BeyondK-Combo-2-Th%C3%B9ng-24-h%E1%BB%99p-SBPS-Nutifood-Sweden-GrowPLUS-S%E1%BB%AFa-Non-Immunel-h%E1%BB%99p-110-ml-(Bao-b%C3%AC-tu%E1%BB%B3-l%C3%B4-h%C3%A0ng)-i.915815268.42565101816?extraParams=%7B%22display_model_id%22%3A261249420652%2C%22model_selection_logic%22%3A3%7D
[SVIP] Combo 4 Thùng 24 hộp Sữa Bột Pha Sẵn Nutifood Sweden GrowPLUS+ Cao lớn vượt trội hộp 110 ml,1.525.360₫,4.6,98 đã bán,https://shopee.vn/-SVIP-Combo-4-Th%C3%B9ng-24-h%E1%BB%99p-S%E1%BB%AFa-B%E1%BB%99t-Pha-S%E1%BA%B5n-Nutifood-Sweden-GrowPLUS-Cao-l%E1%BB%9Bn-v%C6%B0%E1%BB%A3t-tr%E1%BB%99i-h%E1%BB%99p-110-ml-i.915815268.24233340829?extraParams=%7B%22display_model_id%22%3A148702232624%2C%22model_selection_logic%22%3A3%7D
[Gift] Combo 2 Lốc 4 hộp GrowPLUS+ Váng sữa công thức Sữa non Immunel Hỗ trợ tăng đề kháng,284.200₫,5.0,28 đã bán,https://shopee.vn/-Gift-Combo-2-L%E1%BB%91c-4-h%E1%BB%99p-GrowPLUS-V%C3%A1ng-s%E1%BB%AFa-c%C3%B4ng-th%E1%BB%A9c-S%E1%BB%AFa-non-Immunel-H%E1%BB%97-tr%E1%BB%A3-t%C4%83ng-%C4%91%E1%BB%81-kh%C3%A1ng-i.915815268.48652531010?extraParams=%7B%22display_model_id%22%3A292223196614%2C%22model_selection_logic%22%3A3%7D
Sữa bột Nutifood Sweden GrowPLUS+ Colostrum Lactoferrin 1+ 800g,1.001.560₫,4.8 Đánh giá shop,,https://shopee.vn/S%E1%BB%AFa-b%E1%BB%99t-Nutifood-Sweden-GrowPLUS-Colostrum-Lactoferrin-1-800g-i.915815268.52557801122?extraParams=%7B%22display_model_id%22%3A282484663385%2C%22model_selection_logic%22%3A3%7D
[Quà tặng không bán]Đồ chơi trẻ em bằng nhựa: Bộ đồ chơi ô tô đường ray,245.000₫,5.0,47 đã bán,https://shopee.vn/-Qu%C3%A0-t%E1%BA%B7ng-kh%C3%B4ng-b%C3%A1n-%C4%90%E1%BB%93-ch%C6%A1i-tr%E1%BA%BB-em-b%E1%BA%B1ng-nh%E1%BB%B1a-B%E1%BB%99-%C4%91%E1%BB%93-ch%C6%A1i-%C3%B4-t%C3%B4-%C4%91%C6%B0%E1%BB%9Dng-ray-i.915815268.44957461387?extraParams=%7B%22display_model_id%22%3A325662315462%2C%22model_selection_logic%22%3A3%7D
[Quà tặng không bán] Đồ chơi trẻ em bằng nhựa: bộ nấu ăn,245.000₫,3.5,5 đã bán,https://shopee.vn/-Qu%C3%A0-t%E1%BA%B7ng-kh%C3%B4ng-b%C3%A1n-%C4%90%E1%BB%93-ch%C6%A1i-tr%E1%BA%BB-em-b%E1%BA%B1ng-nh%E1%BB%B1a-b%E1%BB%99-n%E1%BA%A5u-%C4%83n-i.915815268.54908178380?extraParams=%7B%22display_model_id%22%3A315727737837%2C%22model_selection_logic%22%3A3%7D
[Quà tặng không bán] Đồ chơi trẻ em bằng nhựa: bộ câu cá,245.000₫,4.7,89 đã bán,https://shopee.vn/-Qu%C3%A0-t%E1%BA%B7ng-kh%C3%B4ng-b%C3%A1n-%C4%90%E1%BB%93-ch%C6%A1i-tr%E1%BA%BB-em-b%E1%BA%B1ng-nh%E1%BB%B1a-b%E1%BB%99-c%C3%A2u-c%C3%A1-i.915815268.55360084195?extraParams=%7B%22display_model_id%22%3A307597824832%2C%22model_selection_logic%22%3A3%7D
[Quà tặng không bán] Đồ chơi trống SH779809/3505,294.000₫,4.8 Đánh giá shop,,https://shopee.vn/-Qu%C3%A0-t%E1%BA%B7ng-kh%C3%B4ng-b%C3%A1n-%C4%90%E1%BB%93-ch%C6%A1i-tr%E1%BB%91ng-SH779809-3505-i.915815268.52761093991?extraParams=%7B%22display_model_id%22%3A345967075249%2C%22model_selection_logic%22%3A3%7D
[Quà tặng không bán] Đồ chơi trẻ em bằng nhựa: Bộ xe bán kem,176.400₫,4.9,1k+ đã bán,https://shopee.vn/-Qu%C3%A0-t%E1%BA%B7ng-kh%C3%B4ng-b%C3%A1n-%C4%90%E1%BB%93-ch%C6%A1i-tr%E1%BA%BB-em-b%E1%BA%B1ng-nh%E1%BB%B1a-B%E1%BB%99-xe-b%C3%A1n-kem-i.915815268.47057624107?extraParams=%7B%22display_model_id%22%3A297476072382%2C%22model_selection_logic%22%3A3%7D
[Quà tặng không bán]Đồ chơi trẻ em bằng nhựa: đàn piano,245.000₫,4.9,295 đã bán,https://shopee.vn/-Qu%C3%A0-t%E1%BA%B7ng-kh%C3%B4ng-b%C3%A1n-%C4%90%E1%BB%93-ch%C6%A1i-tr%E1%BA%BB-em-b%E1%BA%B1ng-nh%E1%BB%B1a-%C4%91%C3%A0n-piano-i.915815268.48905416049?extraParams=%7B%22display_model_id%22%3A445491919288%2C%22model_selection_logic%22%3A3%7D
[Gift] Combo 6 Lốc 4 hộp GrowPLUS+ Váng sữa công thức Cao lớn vượt trội Immunel,852.600₫,4.8 Đánh giá shop,,https://shopee.vn/-Gift-Combo-6-L%E1%BB%91c-4-h%E1%BB%99p-GrowPLUS-V%C3%A1ng-s%E1%BB%AFa-c%C3%B4ng-th%E1%BB%A9c-Cao-l%E1%BB%9Bn-v%C6%B0%E1%BB%A3t-tr%E1%BB%99i-Immunel-i.915815268.52607610982?extraParams=%7B%22display_model_id%22%3A302475505312%2C%22model_selection_logic%22%3A3%7D
[Quà Tặng Không Bán] Đồ chơi trẻ em bằng nhựa: trò chơi đập chuột,196.000₫,4.9,103 đã bán,https://shopee.vn/-Qu%C3%A0-T%E1%BA%B7ng-Kh%C3%B4ng-B%C3%A1n-%C4%90%E1%BB%93-ch%C6%A1i-tr%E1%BA%BB-em-b%E1%BA%B1ng-nh%E1%BB%B1a-tr%C3%B2-ch%C6%A1i-%C4%91%E1%BA%ADp-chu%E1%BB%99t-i.915815268.52258176981?extraParams=%7B%22display_model_id%22%3A420726635802%2C%22model_selection_logic%22%3A3%7D
[Quà tặng không bán] Đồ chơi trẻ em bằng nhựa: xe đẩy hoa quả,441.000₫,4.4,40 đã bán,https://shopee.vn/-Qu%C3%A0-t%E1%BA%B7ng-kh%C3%B4ng-b%C3%A1n-%C4%90%E1%BB%93-ch%C6%A1i-tr%E1%BA%BB-em-b%E1%BA%B1ng-nh%E1%BB%B1a-xe-%C4%91%E1%BA%A9y-hoa-qu%E1%BA%A3-i.915815268.55707617680?extraParams=%7B%22display_model_id%22%3A89911214426%2C%22model_selection_logic%22%3A3%7D
[Livestream BeyondK] Sữa bột Nutifood Sweden GrowPLUS+ Colostrum Lactoferrin 2+ 800g,1.000.580₫,5.0,22 đã bán,https://shopee.vn/-Livestream-BeyondK-S%E1%BB%AFa-b%E1%BB%99t-Nutifood-Sweden-GrowPLUS-Colostrum-Lactoferrin-2-800g-i.915815268.42565101780?extraParams=%7B%22display_model_id%22%3A261249417582%2C%22model_selection_logic%22%3A3%7D
[Quà tặng không bán] Đồ chơi trẻ em bằng nhựa: đàn piano dùng pin,245.000₫,4.8,67 đã bán,https://shopee.vn/-Qu%C3%A0-t%E1%BA%B7ng-kh%C3%B4ng-b%C3%A1n-%C4%90%E1%BB%93-ch%C6%A1i-tr%E1%BA%BB-em-b%E1%BA%B1ng-nh%E1%BB%B1a-%C4%91%C3%A0n-piano-d%C3%B9ng-pin-i.915815268.46808196895?extraParams=%7B%22display_model_id%22%3A430726633453%2C%22model_selection_logic%22%3A3%7D
[KOL] - [SHIP HCM & HN] Combo 6 lốc GrowPLUS+ Váng sữa công thức Cao lớn vượt trội Vani (55g x 24 hộp),687.300₫,4.8,78 đã bán,https://shopee.vn/-KOL-SHIP-HCM-HN-Combo-6-l%E1%BB%91c-GrowPLUS-V%C3%A1ng-s%E1%BB%AFa-c%C3%B4ng-th%E1%BB%A9c-Cao-l%E1%BB%9Bn-v%C6%B0%E1%BB%A3t-tr%E1%BB%99i-Vani-(55g-x-24-h%E1%BB%99p)-i.915815268.26132556669?extraParams=%7B%22display_model_id%22%3A218399183985%2C%22model_selection_logic%22%3A3%7D
[Livestream KOL] Combo 2 Thùng 24 hộp SBPS Nutifood Sweden GrowPLUS+ Sữa Non Immunel hộp 180 ml (Bao bì tuỳ lô hàng),1.391.040₫,4.9,136 đã bán,https://shopee.vn/-Livestream-KOL-Combo-2-Th%C3%B9ng-24-h%E1%BB%99p-SBPS-Nutifood-Sweden-GrowPLUS-S%E1%BB%AFa-Non-Immunel-h%E1%BB%99p-180-ml-(Bao-b%C3%AC-tu%E1%BB%B3-l%C3%B4-h%C3%A0ng)-i.915815268.28138662751?extraParams=%7B%22display_model_id%22%3A69922826720%2C%22model_selection_logic%22%3A3%7D
[Livestream Hannah Olala] Thùng 24 hộp Sữa bột pha sẵn Nutifood Sweden GrowPLUS+ Colostrum Lactoferrin 180ml,819.280₫,4.8 Đánh giá shop,,https://shopee.vn/-Livestream-Hannah-Olala-Th%C3%B9ng-24-h%E1%BB%99p-S%E1%BB%AFa-b%E1%BB%99t-pha-s%E1%BA%B5n-Nutifood-Sweden-GrowPLUS-Colostrum-Lactoferrin-180ml-i.915815268.28138662756?extraParams=%7B%22display_model_id%22%3A270712670477%2C%22model_selection_logic%22%3A3%7D
[Quà tặng không bán] Đồ chơi trẻ em bằng nhựa: đàn piano,245.000₫,4.8,967 đã bán,https://shopee.vn/-Qu%C3%A0-t%E1%BA%B7ng-kh%C3%B4ng-b%C3%A1n-%C4%90%E1%BB%93-ch%C6%A1i-tr%E1%BA%BB-em-b%E1%BA%B1ng-nh%E1%BB%B1a-%C4%91%C3%A0n-piano-i.915815268.49309214803?extraParams=%7B%22display_model_id%22%3A350815559090%2C%22model_selection_logic%22%3A3%7D
[Livestream Lucie] Thùng 24 hộp Sữa bột pha sẵn Nutifood Sweden GrowPLUS+ Colostrum Lactoferrin 180ml,821.240₫,4.9,38 đã bán,https://shopee.vn/-Livestream-Lucie-Th%C3%B9ng-24-h%E1%BB%99p-S%E1%BB%AFa-b%E1%BB%99t-pha-s%E1%BA%B5n-Nutifood-Sweden-GrowPLUS-Colostrum-Lactoferrin-180ml-i.915815268.42519173492?extraParams=%7B%22display_model_id%22%3A248899640470%2C%22model_selection_logic%22%3A3%7D
Combo 4 sữa bột pha sẵn GrowPLUS+ A2 beta-casein Hộp 180ml,2.396.000₫,4.8 Đánh giá shop,,https://shopee.vn/Combo-4-s%E1%BB%AFa-b%E1%BB%99t-pha-s%E1%BA%B5n-GrowPLUS-A2-beta-casein-H%E1%BB%99p-180ml-i.915815268.45860390431?extraParams=%7B%22display_model_id%22%3A390909690110%2C%22model_selection_logic%22%3A3%7D
[Quà tặng không bán] Đồ chơi trẻ em: Bộ đồ chơi cắt hoa quả,196.000₫,5.0,59 đã bán,https://shopee.vn/-Qu%C3%A0-t%E1%BA%B7ng-kh%C3%B4ng-b%C3%A1n-%C4%90%E1%BB%93-ch%C6%A1i-tr%E1%BA%BB-em-B%E1%BB%99-%C4%91%E1%BB%93-ch%C6%A1i-c%E1%BA%AFt-hoa-qu%E1%BA%A3-i.915815268.45657633681?extraParams=%7B%22display_model_id%22%3A400678085019%2C%22model_selection_logic%22%3A3%7D
[KOL] - [SHIP HCM & HN] Combo 4 lốc GrowPLUS+ Váng sữa công thức Cao lớn vượt trội Socola (4 lốc x 4 hộp),568.400₫,4.8 Đánh giá shop,,https://shopee.vn/-KOL-SHIP-HCM-HN-Combo-4-l%E1%BB%91c-GrowPLUS-V%C3%A1ng-s%E1%BB%AFa-c%C3%B4ng-th%E1%BB%A9c-Cao-l%E1%BB%9Bn-v%C6%B0%E1%BB%A3t-tr%E1%BB%99i-Socola-(4-l%E1%BB%91c-x-4-h%E1%BB%99p)-i.915815268.26132556655?extraParams=%7B%22display_model_id%22%3A177096056394%2C%22model_selection_logic%22%3A3%7D
[Livestream Lucie] Sữa Bột Nutifood GrowPLUS+ Sữa Non Tăng Đề Kháng 800g - Trên 1 Tuổi,883.960₫,4.9,381 đã bán,https://shopee.vn/-Livestream-Lucie-S%E1%BB%AFa-B%E1%BB%99t-Nutifood-GrowPLUS-S%E1%BB%AFa-Non-T%C4%83ng-%C4%90%E1%BB%81-Kh%C3%A1ng-800g-Tr%C3%AAn-1-Tu%E1%BB%95i-i.915815268.43519164788?extraParams=%7B%22display_model_id%22%3A395466140610%2C%22model_selection_logic%22%3A3%7D
[Quà tặng không bán] Combo phụ kiện chơi cát 3513,176.400₫,4.8 Đánh giá shop,,https://shopee.vn/-Qu%C3%A0-t%E1%BA%B7ng-kh%C3%B4ng-b%C3%A1n-Combo-ph%E1%BB%A5-ki%E1%BB%87n-ch%C6%A1i-c%C3%A1t-3513-i.915815268.53911215818?extraParams=%7B%22display_model_id%22%3A405976990701%2C%22model_selection_logic%22%3A3%7D
Combo 2 Sữa bột Nutifood GrowPLUS+ Vàng (Sữa Non Tăng Đề Kháng) 0-12 tháng (400g/Lon),772.000₫,4.8,492 đã bán,https://shopee.vn/Combo-2-S%E1%BB%AFa-b%E1%BB%99t-Nutifood-GrowPLUS-V%C3%A0ng-(S%E1%BB%AFa-Non-T%C4%83ng-%C4%90%E1%BB%81-Kh%C3%A1ng)-0-12-th%C3%A1ng-(400g-Lon)-i.915815268.22118925569?extraParams=%7B%22display_model_id%22%3A213733508048%2C%22model_selection_logic%22%3A3%7D
[Quà tặng không bán] Đồ chơi trẻ em: Bộ đồ chơi cắt trái cây và rau củ quả,196.000₫,5.0,128 đã bán,https://shopee.vn/-Qu%C3%A0-t%E1%BA%B7ng-kh%C3%B4ng-b%C3%A1n-%C4%90%E1%BB%93-ch%C6%A1i-tr%E1%BA%BB-em-B%E1%BB%99-%C4%91%E1%BB%93-ch%C6%A1i-c%E1%BA%AFt-tr%C3%A1i-c%C3%A2y-v%C3%A0-rau-c%E1%BB%A7-qu%E1%BA%A3-i.915815268.51057609051?extraParams=%7B%22display_model_id%22%3A325678064956%2C%22model_selection_logic%22%3A3%7D
[Quà tặng không bán] Đồ chơi trẻ em bằng nhựa: bộ xe bán kem,176.400₫,5.0,47 đã bán,https://shopee.vn/-Qu%C3%A0-t%E1%BA%B7ng-kh%C3%B4ng-b%C3%A1n-%C4%90%E1%BB%93-ch%C6%A1i-tr%E1%BA%BB-em-b%E1%BA%B1ng-nh%E1%BB%B1a-b%E1%BB%99-xe-b%C3%A1n-kem-i.915815268.51710095216?extraParams=%7B%22display_model_id%22%3A177399250801%2C%22model_selection_logic%22%3A3%7D
[Gift] Combo 6 Lốc 4 hộp GrowPLUS+ Váng sữa công thức Cao lớn vượt trội Vani,852.600₫,4.8 Đánh giá shop,,https://shopee.vn/-Gift-Combo-6-L%E1%BB%91c-4-h%E1%BB%99p-GrowPLUS-V%C3%A1ng-s%E1%BB%AFa-c%C3%B4ng-th%E1%BB%A9c-Cao-l%E1%BB%9Bn-v%C6%B0%E1%BB%A3t-tr%E1%BB%99i-Vani-i.915815268.53907606180?extraParams=%7B%22display_model_id%22%3A307475500301%2C%22model_selection_logic%22%3A3%7D
[Quà tặng không bán] ipad mini chú mèo C806T,176.400₫,4.8 Đánh giá shop,,https://shopee.vn/-Qu%C3%A0-t%E1%BA%B7ng-kh%C3%B4ng-b%C3%A1n-ipad-mini-ch%C3%BA-m%C3%A8o-C806T-i.915815268.51961204668?extraParams=%7B%22display_model_id%22%3A385976994383%2C%22model_selection_logic%22%3A3%7D
Combo 2 Sữa non GrowPLUS+ trên 1 tuổi Singapore tăng cường hệ miễn dịch và hấp thu chất dinh dưỡng (2lon x Lon 800g),1.262.240₫,4.8,3k+ đã bán,https://shopee.vn/Combo-2-S%E1%BB%AFa-non-GrowPLUS-tr%C3%AAn-1-tu%E1%BB%95i-Singapore-t%C4%83ng-c%C6%B0%E1%BB%9Dng-h%E1%BB%87-mi%E1%BB%85n-d%E1%BB%8Bch-v%C3%A0-h%E1%BA%A5p-thu-ch%E1%BA%A5t-dinh-d%C6%B0%E1%BB%A1ng-(2lon-x-Lon-800g)-i.915815268.20372121017?extraParams=%7B%22display_model_id%22%3A230825921059%2C%22model_selection_logic%22%3A3%7D
[Gift A2]  Ấm điện đun nước EK20M-WH02A hiệu Gaabor,392.000₫,4.8,146 đã bán,https://shopee.vn/-Gift-A2-%E1%BA%A4m-%C4%91i%E1%BB%87n-%C4%91un-n%C6%B0%E1%BB%9Bc-EK20M-WH02A-hi%E1%BB%87u-Gaabor-i.915815268.42822532478?extraParams=%7B%22display_model_id%22%3A248983425647%2C%22model_selection_logic%22%3A3%7D
[Quà tặng không bán] Lưới xô trái tim đi biển LT226468T,176.400₫,4.8 Đánh giá shop,,https://shopee.vn/-Qu%C3%A0-t%E1%BA%B7ng-kh%C3%B4ng-b%C3%A1n-L%C6%B0%E1%BB%9Bi-x%C3%B4-tr%C3%A1i-tim-%C4%91i-bi%E1%BB%83n-LT226468T-i.915815268.51511215806?extraParams=%7B%22display_model_id%22%3A430976982414%2C%22model_selection_logic%22%3A3%7D
[LIVESTREAM KOL] Combo 3 Thùng 24 hộp Sữa bột pha sẵn GippsNature Organic A2 hộp 110ml,1.861.000₫,4.8 Đánh giá shop,,https://shopee.vn/-LIVESTREAM-KOL-Combo-3-Th%C3%B9ng-24-h%E1%BB%99p-S%E1%BB%AFa-b%E1%BB%99t-pha-s%E1%BA%B5n-GippsNature-Organic-A2-h%E1%BB%99p-110ml-i.915815268.40230815062?extraParams=%7B%22display_model_id%22%3A292610773093%2C%22model_selection_logic%22%3A3%7D
Sữa bột Nutifood Sweden GrowPLUS+ Colostrum Lactoferrin 0+ 800g,806.540₫,4.8 Đánh giá shop,,https://shopee.vn/S%E1%BB%AFa-b%E1%BB%99t-Nutifood-Sweden-GrowPLUS-Colostrum-Lactoferrin-0-800g-i.915815268.55057795922?extraParams=%7B%22display_model_id%22%3A320692659051%2C%22model_selection_logic%22%3A3%7D
[Quà tặng không bán] Đồ chơi trẻ em bằng nhựa: bộ nhà bếp,294.000₫,5.0,15 đã bán,https://shopee.vn/-Qu%C3%A0-t%E1%BA%B7ng-kh%C3%B4ng-b%C3%A1n-%C4%90%E1%BB%93-ch%C6%A1i-tr%E1%BA%BB-em-b%E1%BA%B1ng-nh%E1%BB%B1a-b%E1%BB%99-nh%C3%A0-b%E1%BA%BFp-i.915815268.55008863832?extraParams=%7B%22display_model_id%22%3A307539185894%2C%22model_selection_logic%22%3A3%7D
[Quà tặng không bán] Đồ chơi trẻ em bằng nhựa: bộ dụng cụ sửa chữa không dùng pin,294.000₫,4.8 Đánh giá shop,,https://shopee.vn/-Qu%C3%A0-t%E1%BA%B7ng-kh%C3%B4ng-b%C3%A1n-%C4%90%E1%BB%93-ch%C6%A1i-tr%E1%BA%BB-em-b%E1%BA%B1ng-nh%E1%BB%B1a-b%E1%BB%99-d%E1%BB%A5ng-c%E1%BB%A5-s%E1%BB%ADa-ch%E1%BB%AFa-kh%C3%B4ng-d%C3%B9ng-pin-i.915815268.55057617819?extraParams=%7B%22display_model_id%22%3A340678074164%2C%22model_selection_logic%22%3A3%7D
[Quà tặng không bán] Lưới xô đi biển nàng tiên cá LA268B-19,176.400₫,4.8 Đánh giá shop,,https://shopee.vn/-Qu%C3%A0-t%E1%BA%B7ng-kh%C3%B4ng-b%C3%A1n-L%C6%B0%E1%BB%9Bi-x%C3%B4-%C4%91i-bi%E1%BB%83n-n%C3%A0ng-ti%C3%AAn-c%C3%A1-LA268B-19-i.915815268.41781230083?extraParams=%7B%22display_model_id%22%3A375976981632%2C%22model_selection_logic%22%3A3%7D
[Quà tặng không bán] Combo phụ kiện chơi cát 3502,176.400₫,4.8 Đánh giá shop,,https://shopee.vn/-Qu%C3%A0-t%E1%BA%B7ng-kh%C3%B4ng-b%C3%A1n-Combo-ph%E1%BB%A5-ki%E1%BB%87n-ch%C6%A1i-c%C3%A1t-3502-i.915815268.42131223424?extraParams=%7B%22display_model_id%22%3A435976982975%2C%22model_selection_logic%22%3A3%7D
[Quà tặng không bán]Đồ chơi trẻ em bằng khung nhựa+ vải: ô tô bus,343.000₫,4.5,37 đã bán,https://shopee.vn/-Qu%C3%A0-t%E1%BA%B7ng-kh%C3%B4ng-b%C3%A1n-%C4%90%E1%BB%93-ch%C6%A1i-tr%E1%BA%BB-em-b%E1%BA%B1ng-khung-nh%E1%BB%B1a-v%E1%BA%A3i-%C3%B4-t%C3%B4-bus-i.915815268.47456979560?extraParams=%7B%22display_model_id%22%3A410622957318%2C%22model_selection_logic%22%3A3%7D
"Combo 2 Sữa bột pha sẵn Nutifood Sweden GrowPLUS+ Tiêu Hóa (Xanh Nhạt) 1+ - Tiêu hóa khỏe, tăng cân (48 hộp x 180ml)",1.311.300₫,5.0,223 đã bán,https://shopee.vn/Combo-2-S%E1%BB%AFa-b%E1%BB%99t-pha-s%E1%BA%B5n-Nutifood-Sweden-GrowPLUS-Ti%C3%AAu-H%C3%B3a-(Xanh-Nh%E1%BA%A1t)-1-Ti%C3%AAu-h%C3%B3a-kh%E1%BB%8Fe-t%C4%83ng-c%C3%A2n-(48-h%E1%BB%99p-x-180ml)-i.915815268.26263485190?extraParams=%7B%22display_model_id%22%3A168458418407%2C%22model_selection_logic%22%3A3%7D
[Livestream Hannah Olala] Thùng 24 hộp Sữa bột pha sẵn Nutifood GrowPLUS+ Vị Trái Cây Sữa hộp 180ml - Trên 1 tuổi,739.200₫,5.0,10 đã bán,https://shopee.vn/-Livestream-Hannah-Olala-Th%C3%B9ng-24-h%E1%BB%99p-S%E1%BB%AFa-b%E1%BB%99t-pha-s%E1%BA%B5n-Nutifood-GrowPLUS-V%E1%BB%8B-Tr%C3%A1i-C%C3%A2y-S%E1%BB%AFa-h%E1%BB%99p-180ml-Tr%C3%AAn-1-tu%E1%BB%95i-i.915815268.40008482715?extraParams=%7B%22display_model_id%22%3A300712665736%2C%22model_selection_logic%22%3A3%7D
[Quà tặng không bán] Đồ chơi trẻ em bằng nhựa: bộ xúc cát (mẫu 3),245.000₫,4.8 Đánh giá shop,,https://shopee.vn/-Qu%C3%A0-t%E1%BA%B7ng-kh%C3%B4ng-b%C3%A1n-%C4%90%E1%BB%93-ch%C6%A1i-tr%E1%BA%BB-em-b%E1%BA%B1ng-nh%E1%BB%B1a-b%E1%BB%99-x%C3%BAc-c%C3%A1t-(m%E1%BA%ABu-3)-i.915815268.55310790862?extraParams=%7B%22display_model_id%22%3A345942860732%2C%22model_selection_logic%22%3A3%7D
Sữa non GrowPLUS+ (vàng) 0-12 tháng Singapore tăng cường hệ miễn dịch và hấp thu chất dinh dưỡng (Lon 800g) - Grow Plus+,735.000₫,4.8 Đánh giá shop,,https://shopee.vn/S%E1%BB%AFa-non-GrowPLUS-(v%C3%A0ng)-0-12-th%C3%A1ng-Singapore-t%C4%83ng-c%C6%B0%E1%BB%9Dng-h%E1%BB%87-mi%E1%BB%85n-d%E1%BB%8Bch-v%C3%A0-h%E1%BA%A5p-thu-ch%E1%BA%A5t-dinh-d%C6%B0%E1%BB%A1ng-(Lon-800g)-Grow-Plus--i.915815268.28379979178?extraParams=%7B%22display_model_id%22%3A138260066634%2C%22model_selection_logic%22%3A3%7D
[Quà tặng không bán] Đồ chơi trẻ em bằng nhựa: đàn piano,245.000₫,4.7,122 đã bán,https://shopee.vn/-Qu%C3%A0-t%E1%BA%B7ng-kh%C3%B4ng-b%C3%A1n-%C4%90%E1%BB%93-ch%C6%A1i-tr%E1%BA%BB-em-b%E1%BA%B1ng-nh%E1%BB%B1a-%C4%91%C3%A0n-piano-i.915815268.53158859125?extraParams=%7B%22display_model_id%22%3A380786761989%2C%22model_selection_logic%22%3A3%7D
"[Livestream Lucie] Sữa Bột Nutifood GrowPLUS+ Biếng Ăn (Xanh) 2+ - Tăng Cân Khỏe Mạnh (Lon 1,65 Kg)",716.400₫,4.7,213 đã bán,https://shopee.vn/-Livestream-Lucie-S%E1%BB%AFa-B%E1%BB%99t-Nutifood-GrowPLUS-Bi%E1%BA%BFng-%C4%82n-(Xanh)-2-T%C4%83ng-C%C3%A2n-Kh%E1%BB%8Fe-M%E1%BA%A1nh-(Lon-1-65-Kg)-i.915815268.43619164826?extraParams=%7B%22display_model_id%22%3A149338278978%2C%22model_selection_logic%22%3A3%7D
[Quà tặng không bán]Đồ chơi trẻ em hình ô tô,245.000₫,5.0,68 đã bán,https://shopee.vn/-Qu%C3%A0-t%E1%BA%B7ng-kh%C3%B4ng-b%C3%A1n-%C4%90%E1%BB%93-ch%C6%A1i-tr%E1%BA%BB-em-h%C3%ACnh-%C3%B4-t%C3%B4-i.915815268.51207021377?extraParams=%7B%22display_model_id%22%3A370626444508%2C%22model_selection_logic%22%3A3%7D
[Quà tặng không bán]Đồ chơi trẻ em bằng nhựa: bộ vợt cầu lông,245.000₫,5.0,145 đã bán,https://shopee.vn/-Qu%C3%A0-t%E1%BA%B7ng-kh%C3%B4ng-b%C3%A1n-%C4%90%E1%BB%93-ch%C6%A1i-tr%E1%BA%BB-em-b%E1%BA%B1ng-nh%E1%BB%B1a-b%E1%BB%99-v%E1%BB%A3t-c%E1%BA%A7u-l%C3%B4ng-i.915815268.52855391638?extraParams=%7B%22display_model_id%22%3A370491942194%2C%22model_selection_logic%22%3A3%7D
[Quà tặng không bán] Đồ chơi trẻ em bằng nhựa: bộ tàu hỏa kèm đường ray,392.000₫,4.7,285 đã bán,https://shopee.vn/-Qu%C3%A0-t%E1%BA%B7ng-kh%C3%B4ng-b%C3%A1n-%C4%90%E1%BB%93-ch%C6%A1i-tr%E1%BA%BB-em-b%E1%BA%B1ng-nh%E1%BB%B1a-b%E1%BB%99-t%C3%A0u-h%E1%BB%8Fa-k%C3%A8m-%C4%91%C6%B0%E1%BB%9Dng-ray-i.915815268.47707629096?extraParams=%7B%22display_model_id%22%3A370678090398%2C%22model_selection_logic%22%3A3%7D
[Quà tặng không bán] Đồ chơi trẻ em bằng nhựa: bộ xe bán kem,196.000₫,5.0,45 đã bán,https://shopee.vn/-Qu%C3%A0-t%E1%BA%B7ng-kh%C3%B4ng-b%C3%A1n-%C4%90%E1%BB%93-ch%C6%A1i-tr%E1%BA%BB-em-b%E1%BA%B1ng-nh%E1%BB%B1a-b%E1%BB%99-xe-b%C3%A1n-kem-i.915815268.58158863802?extraParams=%7B%22display_model_id%22%3A365786738602%2C%22model_selection_logic%22%3A3%7D
[Livestream Lucie] Combo 2 Thùng 24 hộp Sữa bột pha sẵn Nutifood Sweden GrowPLUS+ Colostrum Lactoferrin 180ml,1.638.560₫,5.0,70 đã bán,https://shopee.vn/-Livestream-Lucie-Combo-2-Th%C3%B9ng-24-h%E1%BB%99p-S%E1%BB%AFa-b%E1%BB%99t-pha-s%E1%BA%B5n-Nutifood-Sweden-GrowPLUS-Colostrum-Lactoferrin-180ml-i.915815268.43519164850?extraParams=%7B%22display_model_id%22%3A188704285611%2C%22model_selection_logic%22%3A3%7D
[Gift].Đồ chơi trẻ em bằng nhựa:bộ trống,196.000₫,4.1,70 đã bán,https://shopee.vn/-Gift-.%C4%90%E1%BB%93-ch%C6%A1i-tr%E1%BA%BB-em-b%E1%BA%B1ng-nh%E1%BB%B1a-b%E1%BB%99-tr%E1%BB%91ng-i.915815268.41578141759?extraParams=%7B%22display_model_id%22%3A405452354201%2C%22model_selection_logic%22%3A3%7D
[Livestream KOL] Combo 2 Thùng 24 hộp Sữa bột pha sẵn Nutifood Sweden GrowPLUS+ Colostrum Lactoferrin 180ml,1.638.560₫,5.0,195 đã bán,https://shopee.vn/-Livestream-KOL-Combo-2-Th%C3%B9ng-24-h%E1%BB%99p-S%E1%BB%AFa-b%E1%BB%99t-pha-s%E1%BA%B5n-Nutifood-Sweden-GrowPLUS-Colostrum-Lactoferrin-180ml-i.915815268.43751533763?extraParams=%7B%22display_model_id%22%3A275125708334%2C%22model_selection_logic%22%3A3%7D
[Quà tặng không bán] Đồ chơi trẻ em: bộ bảng nhựa tự xóa,245.000₫,4.9,44 đã bán,https://shopee.vn/-Qu%C3%A0-t%E1%BA%B7ng-kh%C3%B4ng-b%C3%A1n-%C4%90%E1%BB%93-ch%C6%A1i-tr%E1%BA%BB-em-b%E1%BB%99-b%E1%BA%A3ng-nh%E1%BB%B1a-t%E1%BB%B1-x%C3%B3a-i.915815268.49558879027?extraParams=%7B%22display_model_id%22%3A350786744382%2C%22model_selection_logic%22%3A3%7D
[Quà tặng không bán] Lưới xe Ben đi biển,176.400₫,5.0,79 đã bán,https://shopee.vn/-Qu%C3%A0-t%E1%BA%B7ng-kh%C3%B4ng-b%C3%A1n-L%C6%B0%E1%BB%9Bi-xe-Ben-%C4%91i-bi%E1%BB%83n-i.915815268.55360084197?extraParams=%7B%22display_model_id%22%3A307597824923%2C%22model_selection_logic%22%3A3%7D
"[Livestream Hannah Olala] Sữa Bột Nutifood GrowPLUS+ Biếng Ăn (Xanh) 2+ - Tăng Cân Khỏe Mạnh (Lon 1,65 Kg)",855.000₫,5.0,21 đã bán,https://shopee.vn/-Livestream-Hannah-Olala-S%E1%BB%AFa-B%E1%BB%99t-Nutifood-GrowPLUS-Bi%E1%BA%BFng-%C4%82n-(Xanh)-2-T%C4%83ng-C%C3%A2n-Kh%E1%BB%8Fe-M%E1%BA%A1nh-(Lon-1-65-Kg)-i.915815268.40008482783?extraParams=%7B%22display_model_id%22%3A270712659840%2C%22model_selection_logic%22%3A3%7D
[Livestream BeyondK] Sữa Bột Nutifood Sweden GrowPLUS+ Sữa Non Immunel trên 2 tuổi lon 800 g (Bao bì tùy lô hàng),865.410₫,4.9,75 đã bán,https://shopee.vn/-Livestream-BeyondK-S%E1%BB%AFa-B%E1%BB%99t-Nutifood-Sweden-GrowPLUS-S%E1%BB%AFa-Non-Immunel-tr%C3%AAn-2-tu%E1%BB%95i-lon-800-g-(Bao-bi%CC%80-tu%CC%80y-l%C3%B4-ha%CC%80ng)-i.915815268.44215105111?extraParams=%7B%22display_model_id%22%3A281248878047%2C%22model_selection_logic%22%3A3%7D
[Gift]Nồi nấu chậm đa năng Bear DDZ-A08T8,588.000₫,4.8,47 đã bán,https://shopee.vn/-Gift-N%E1%BB%93i-n%E1%BA%A5u-ch%E1%BA%ADm-%C4%91a-n%C4%83ng-Bear-DDZ-A08T8-i.915815268.48954913399?extraParams=%7B%22display_model_id%22%3A249147544603%2C%22model_selection_logic%22%3A3%7D
[Quà tặng không bán] Bộ đồ chơi trẻ em: ném bóng dính,245.000₫,4.9,31 đã bán,https://shopee.vn/-Qu%C3%A0-t%E1%BA%B7ng-kh%C3%B4ng-b%C3%A1n-B%E1%BB%99-%C4%91%E1%BB%93-ch%C6%A1i-tr%E1%BA%BB-em-n%C3%A9m-b%C3%B3ng-d%C3%ADnh-i.915815268.48907333970?extraParams=%7B%22display_model_id%22%3A267460713293%2C%22model_selection_logic%22%3A3%7D
[Quà tặng không bán] Đồ chơi trẻ em bằng nhựa: bộ xúc cát (mẫu 1),176.400₫,5.0,91 đã bán,https://shopee.vn/-Qu%C3%A0-t%E1%BA%B7ng-kh%C3%B4ng-b%C3%A1n-%C4%90%E1%BB%93-ch%C6%A1i-tr%E1%BA%BB-em-b%E1%BA%B1ng-nh%E1%BB%B1a-b%E1%BB%99-x%C3%BAc-c%C3%A1t-(m%E1%BA%ABu-1)-i.915815268.55510790914?extraParams=%7B%22display_model_id%22%3A380942860709%2C%22model_selection_logic%22%3A3%7D
[Gift] Combo 4 Lốc 4 hộp GrowPLUS+ Váng sữa công thức Sữa non Immunel Hỗ trợ tăng đề kháng,568.400₫,4.8,17 đã bán,https://shopee.vn/-Gift-Combo-4-L%E1%BB%91c-4-h%E1%BB%99p-GrowPLUS-V%C3%A1ng-s%E1%BB%AFa-c%C3%B4ng-th%E1%BB%A9c-S%E1%BB%AFa-non-Immunel-H%E1%BB%97-tr%E1%BB%A3-t%C4%83ng-%C4%91%E1%BB%81-kh%C3%A1ng-i.915815268.49802530843?extraParams=%7B%22display_model_id%22%3A267223430175%2C%22model_selection_logic%22%3A3%7D
[Livestream Hannah Olala] Combo 2 Thùng 24 hộp SBPS NTF Sweden GrowPLUS+ Sữa Non Immunel hộp 110 ml (Bao bì tuỳ lô hàng),922.560₫,5.0,23 đã bán,https://shopee.vn/-Livestream-Hannah-Olala-Combo-2-Th%C3%B9ng-24-h%E1%BB%99p-SBPS-NTF-Sweden-GrowPLUS-S%E1%BB%AFa-Non-Immunel-h%E1%BB%99p-110-ml-(Bao-b%C3%AC-tu%E1%BB%B3-l%C3%B4-h%C3%A0ng)-i.915815268.40808964118?extraParams=%7B%22display_model_id%22%3A285751575605%2C%22model_selection_logic%22%3A3%7D
[Quà tặng không bán] Đồ chơi trẻ em bằng nhựa: bộ xúc cát (mẫu ngẫu nhiên),176.400₫,4.8,126 đã bán,https://shopee.vn/-Qu%C3%A0-t%E1%BA%B7ng-kh%C3%B4ng-b%C3%A1n-%C4%90%E1%BB%93-ch%C6%A1i-tr%E1%BA%BB-em-b%E1%BA%B1ng-nh%E1%BB%B1a-b%E1%BB%99-x%C3%BAc-c%C3%A1t-(m%E1%BA%ABu-ng%E1%BA%ABu-nhi%C3%AAn)-i.915815268.46260325204?extraParams=%7B%22display_model_id%22%3A307607741918%2C%22model_selection_logic%22%3A3%7D
[Quà tặng không bán] Đồ chơi trẻ em bằng nhựa: bộ xe đẩy trái cây,176.400₫,4.8,313 đã bán,https://shopee.vn/-Qu%C3%A0-t%E1%BA%B7ng-kh%C3%B4ng-b%C3%A1n-%C4%90%E1%BB%93-ch%C6%A1i-tr%E1%BA%BB-em-b%E1%BA%B1ng-nh%E1%BB%B1a-b%E1%BB%99-xe-%C4%91%E1%BA%A9y-tr%C3%A1i-c%C3%A2y-i.915815268.50207609012?extraParams=%7B%22display_model_id%22%3A395678096893%2C%22model_selection_logic%22%3A3%7D
[Quà tặng không bán]Đồ chơi trẻ em bằng sắt: bộ xe ô tô đua chạy đà,245.000₫,5.0,64 đã bán,https://shopee.vn/-Qu%C3%A0-t%E1%BA%B7ng-kh%C3%B4ng-b%C3%A1n-%C4%90%E1%BB%93-ch%C6%A1i-tr%E1%BA%BB-em-b%E1%BA%B1ng-s%E1%BA%AFt-b%E1%BB%99-xe-%C3%B4-t%C3%B4-%C4%91ua-ch%E1%BA%A1y-%C4%91%C3%A0-i.915815268.45506988102?extraParams=%7B%22display_model_id%22%3A390622987538%2C%22model_selection_logic%22%3A3%7D
Combo 3 Thùng 24 hộp Sữa bột pha sẵn Nutifood Sweden GrowPLUS+ Colostrum Lactoferrin 110ml,1.634.640₫,4.8 Đánh giá shop,,https://shopee.vn/Combo-3-Th%C3%B9ng-24-h%E1%BB%99p-S%E1%BB%AFa-b%E1%BB%99t-pha-s%E1%BA%B5n-Nutifood-Sweden-GrowPLUS-Colostrum-Lactoferrin-110ml-i.915815268.58157795995?extraParams=%7B%22display_model_id%22%3A340692732897%2C%22model_selection_logic%22%3A3%7D
[Gift]Đồ chơi trẻ em bằng nhựa: máy đập chuột,245.000₫,4.8 Đánh giá shop,,https://shopee.vn/-Gift-%C4%90%E1%BB%93-ch%C6%A1i-tr%E1%BA%BB-em-b%E1%BA%B1ng-nh%E1%BB%B1a-m%C3%A1y-%C4%91%E1%BA%ADp-chu%E1%BB%99t-i.915815268.44554913401?extraParams=%7B%22display_model_id%22%3A325452402130%2C%22model_selection_logic%22%3A3%7D
[Quà tặng không bán] - Xe chòi con cừu,980.000₫,5.0,21 đã bán,https://shopee.vn/-Qu%C3%A0-t%E1%BA%B7ng-kh%C3%B4ng-b%C3%A1n-Xe-ch%C3%B2i-con-c%E1%BB%ABu-i.915815268.51857316786?extraParams=%7B%22display_model_id%22%3A196372046781%2C%22model_selection_logic%22%3A3%7D
[Quà tặng không bán]Đồ chơi trẻ em bằng nhựa: bộ dụng cụ sửa chữa không dùng pin,245.000₫,5.0,8 đã bán,https://shopee.vn/-Qu%C3%A0-t%E1%BA%B7ng-kh%C3%B4ng-b%C3%A1n-%C4%90%E1%BB%93-ch%C6%A1i-tr%E1%BA%BB-em-b%E1%BA%B1ng-nh%E1%BB%B1a-b%E1%BB%99-d%E1%BB%A5ng-c%E1%BB%A5-s%E1%BB%ADa-ch%E1%BB%AFa-kh%C3%B4ng-d%C3%B9ng-pin-i.915815268.44705420904?extraParams=%7B%22display_model_id%22%3A287368077285%2C%22model_selection_logic%22%3A3%7D
[Livestream BeyondK] Thùng 24 hộp Sữa bột pha sẵn Nutifood Sweden GrowPLUS+ Vị Chuối Sữa - Trên 1 tuổi (24 x 180ml),739.200₫,5.0,13 đã bán,https://shopee.vn/-Livestream-BeyondK-Th%C3%B9ng-24-h%E1%BB%99p-S%E1%BB%AFa-b%E1%BB%99t-pha-s%E1%BA%B5n-Nutifood-Sweden-GrowPLUS-V%E1%BB%8B-Chu%E1%BB%91i-S%E1%BB%AFa-Tr%C3%AAn-1-tu%E1%BB%95i-(24-x-180ml)-i.915815268.28190459635?extraParams=%7B%22display_model_id%22%3A243796576027%2C%22model_selection_logic%22%3A3%7D
[Livestream Hannah Olala] Sữa Bột Nutifood GrowPLUS+ Sữa Non Tăng Đề Kháng 800g - Trên 1 Tuổi - Tiêu Hóa Tốt,883.960₫,4.8 Đánh giá shop,,https://shopee.vn/-Livestream-Hannah-Olala-S%E1%BB%AFa-B%E1%BB%99t-Nutifood-GrowPLUS-S%E1%BB%AFa-Non-T%C4%83ng-%C4%90%E1%BB%81-Kh%C3%A1ng-800g-Tr%C3%AAn-1-Tu%E1%BB%95i-Ti%C3%AAu-H%C3%B3a-T%E1%BB%91t-i.915815268.40358449492?extraParams=%7B%22display_model_id%22%3A253625299609%2C%22model_selection_logic%22%3A3%7D
[Gift]Đồ chơi trẻ em bằng nhựa: bộ mic hát dùng pin,343.000₫,5.0,65 đã bán,https://shopee.vn/-Gift-%C4%90%E1%BB%93-ch%C6%A1i-tr%E1%BA%BB-em-b%E1%BA%B1ng-nh%E1%BB%B1a-b%E1%BB%99-mic-h%C3%A1t-d%C3%B9ng-pin-i.915815268.55753927953?extraParams=%7B%22display_model_id%22%3A330373469005%2C%22model_selection_logic%22%3A3%7D
Combo 2 thùng 24 hộp Sữa bột pha sẵn GrowPLUS+ 110ml: Cao Lớn Vượt Trội +  Colostrum Lactoferrin,1.014.300₫,4.8 Đánh giá shop,,https://shopee.vn/Combo-2-th%C3%B9ng-24-h%E1%BB%99p-S%E1%BB%AFa-b%E1%BB%99t-pha-s%E1%BA%B5n-GrowPLUS-110ml-Cao-L%E1%BB%9Bn-V%C6%B0%E1%BB%A3t-Tr%E1%BB%99i-Colostrum-Lactoferrin-i.915815268.53407796162?extraParams=%7B%22display_model_id%22%3A310693377491%2C%22model_selection_logic%22%3A3%7D
[Quà tặng không bán] Đồ chơi trẻ em bằng nhựa: bộ câu cá (20 chi tiết),176.400₫,4.7,99 đã bán,https://shopee.vn/-Qu%C3%A0-t%E1%BA%B7ng-kh%C3%B4ng-b%C3%A1n-%C4%90%E1%BB%93-ch%C6%A1i-tr%E1%BA%BB-em-b%E1%BA%B1ng-nh%E1%BB%B1a-b%E1%BB%99-c%C3%A2u-c%C3%A1-(20-chi-ti%E1%BA%BFt)-i.915815268.58057617636?extraParams=%7B%22display_model_id%22%3A272476086819%2C%22model_selection_logic%22%3A3%7D
[Livestream BeyondK] Thùng 24 hộp SBPS Nutifood Sweden GrowPLUS+ Vị Chuối Sữa hộp 110ml - Trên 1 tuổi (24 hộp x 110ml),479.750₫,4.8 Đánh giá shop,,https://shopee.vn/-Livestream-BeyondK-Th%C3%B9ng-24-h%E1%BB%99p-SBPS-Nutifood-Sweden-GrowPLUS-V%E1%BB%8B-Chu%E1%BB%91i-S%E1%BB%AFa-h%E1%BB%99p-110ml-Tr%C3%AAn-1-tu%E1%BB%95i-(24-h%E1%BB%99p-x-110ml)-i.915815268.29126793582?extraParams=%7B%22display_model_id%22%3A178722700624%2C%22model_selection_logic%22%3A3%7D
[Quà tặng không bán] Đồ chơi trẻ em bằng nhựa: bộ câu cá (20-50 chi tiết),245.000₫,5.0,30 đã bán,https://shopee.vn/-Qu%C3%A0-t%E1%BA%B7ng-kh%C3%B4ng-b%C3%A1n-%C4%90%E1%BB%93-ch%C6%A1i-tr%E1%BA%BB-em-b%E1%BA%B1ng-nh%E1%BB%B1a-b%E1%BB%99-c%C3%A2u-c%C3%A1-(20-50-chi-ti%E1%BA%BFt)-i.915815268.51710095209?extraParams=%7B%22display_model_id%22%3A262598059645%2C%22model_selection_logic%22%3A3%7D
[Quà tặng không bán] XE KÉO,176.400₫,5.0,49 đã bán,https://shopee.vn/-Qu%C3%A0-t%E1%BA%B7ng-kh%C3%B4ng-b%C3%A1n-XE-K%C3%89O-i.915815268.45261315811?extraParams=%7B%22display_model_id%22%3A430982715906%2C%22model_selection_logic%22%3A3%7D
[KOL] - [SHIP HCM & HN] Thùng 12 lốc GrowPLUS+ Váng sữa công thức Cao lớn vượt trội Socola (55g x 48 hộp),1.366.700₫,4.7,13 đã bán,https://shopee.vn/-KOL-SHIP-HCM-HN-Th%C3%B9ng-12-l%E1%BB%91c-GrowPLUS-V%C3%A1ng-s%E1%BB%AFa-c%C3%B4ng-th%E1%BB%A9c-Cao-l%E1%BB%9Bn-v%C6%B0%E1%BB%A3t-tr%E1%BB%99i-Socola-(55g-x-48-h%E1%BB%99p)-i.915815268.27384772423?extraParams=%7B%22display_model_id%22%3A159155000113%2C%22model_selection_logic%22%3A3%7D
[GIFT] Ấm siêu tốc Inox 1.8L Happy Time,392.000₫,3.4,45 đã bán,https://shopee.vn/-GIFT-%E1%BA%A4m-si%C3%AAu-t%E1%BB%91c-Inox-1.8L-Happy-Time-i.915815268.42831042118?extraParams=%7B%22display_model_id%22%3A380946567444%2C%22model_selection_logic%22%3A3%7D
"[Quà tặng không bán] Đồ chơi trẻ em bằng nhựa: bộ xúc cát (8 chi tiết), không dùng pin model: 733A-466",176.400₫,5.0,357 đã bán,https://shopee.vn/-Qu%C3%A0-t%E1%BA%B7ng-kh%C3%B4ng-b%C3%A1n-%C4%90%E1%BB%93-ch%C6%A1i-tr%E1%BA%BB-em-b%E1%BA%B1ng-nh%E1%BB%B1a-b%E1%BB%99-x%C3%BAc-c%C3%A1t-(8-chi-ti%E1%BA%BFt)-kh%C3%B4ng-d%C3%B9ng-pin-model-733A-466-i.915815268.46009227987?extraParams=%7B%22display_model_id%22%3A370815554201%2C%22model_selection_logic%22%3A3%7D
[Quà tặng không bán] Đồ chơi trẻ em bằng nhựa: xe ô tô chạy đà,196.000₫,4.8 Đánh giá shop,,https://shopee.vn/-Qu%C3%A0-t%E1%BA%B7ng-kh%C3%B4ng-b%C3%A1n-%C4%90%E1%BB%93-ch%C6%A1i-tr%E1%BA%BB-em-b%E1%BA%B1ng-nh%E1%BB%B1a-xe-%C3%B4-t%C3%B4-ch%E1%BA%A1y-%C4%91%C3%A0-i.915815268.47510802338?extraParams=%7B%22display_model_id%22%3A370942860779%2C%22model_selection_logic%22%3A3%7D
[Livestream Hannah Olala] Combo 4 Thùng 24 hộp SBPS NTF Sweden GrowPLUS+ Sữa Non Immunel hộp 110 ml (Bao bì tuỳ lô hàng),1.497.300₫,4.8 Đánh giá shop,,https://shopee.vn/-Livestream-Hannah-Olala-Combo-4-Th%C3%B9ng-24-h%E1%BB%99p-SBPS-NTF-Sweden-GrowPLUS-S%E1%BB%AFa-Non-Immunel-h%E1%BB%99p-110-ml-(Bao-b%C3%AC-tu%E1%BB%B3-l%C3%B4-h%C3%A0ng)-i.915815268.43208842158?extraParams=%7B%22display_model_id%22%3A290743035222%2C%22model_selection_logic%22%3A3%7D
[Quà tặng không bán] Đồ chơi trẻ em bằng nhựa: Thuyền câu cá,245.000₫,5.0,53 đã bán,https://shopee.vn/-Qu%C3%A0-t%E1%BA%B7ng-kh%C3%B4ng-b%C3%A1n-%C4%90%E1%BB%93-ch%C6%A1i-tr%E1%BA%BB-em-b%E1%BA%B1ng-nh%E1%BB%B1a-Thuy%E1%BB%81n-c%C3%A2u-c%C3%A1-i.915815268.48410104129?extraParams=%7B%22display_model_id%22%3A277597839557%2C%22model_selection_logic%22%3A3%7D
[Gift]Đồ chơi trẻ em bằng nhựa:bộ bàn bi a,392.000₫,4.9,27 đã bán,https://shopee.vn/-Gift-%C4%90%E1%BB%93-ch%C6%A1i-tr%E1%BA%BB-em-b%E1%BA%B1ng-nh%E1%BB%B1a-b%E1%BB%99-b%C3%A0n-bi-a-i.915815268.43027273379?extraParams=%7B%22display_model_id%22%3A400305097957%2C%22model_selection_logic%22%3A3%7D
[Quà tặng không bán] Đồ chơi trẻ em bằng nhựa: bộ tính tiền siêu thị,245.000₫,4.9,72 đã bán,https://shopee.vn/-Qu%C3%A0-t%E1%BA%B7ng-kh%C3%B4ng-b%C3%A1n-%C4%90%E1%BB%93-ch%C6%A1i-tr%E1%BA%BB-em-b%E1%BA%B1ng-nh%E1%BB%B1a-b%E1%BB%99-t%C3%ADnh-ti%E1%BB%81n-si%C3%AAu-th%E1%BB%8B-i.915815268.49309214809?extraParams=%7B%22display_model_id%22%3A350815559111%2C%22model_selection_logic%22%3A3%7D
[Quà tặng không bán]Đồ chơi trẻ em bằng nhựa: Bộ xếp hình,196.000₫,5.0,22 đã bán,https://shopee.vn/-Qu%C3%A0-t%E1%BA%B7ng-kh%C3%B4ng-b%C3%A1n-%C4%90%E1%BB%93-ch%C6%A1i-tr%E1%BA%BB-em-b%E1%BA%B1ng-nh%E1%BB%B1a-B%E1%BB%99-x%E1%BA%BFp-h%C3%ACnh-i.915815268.46955420956?extraParams=%7B%22display_model_id%22%3A249154936863%2C%22model_selection_logic%22%3A3%7D
[Gift]Đồ chơi trẻ em bằng nhựa: Bộ rau củ,196.000₫,5.0,50 đã bán,https://shopee.vn/-Gift-%C4%90%E1%BB%93-ch%C6%A1i-tr%E1%BA%BB-em-b%E1%BA%B1ng-nh%E1%BB%B1a-B%E1%BB%99-rau-c%E1%BB%A7-i.915815268.44172379363?extraParams=%7B%22display_model_id%22%3A286821312597%2C%22model_selection_logic%22%3A3%7D
[Quà tặng không bán]Đồ chơi trẻ em bằng nhựa: bộ hoa quả,176.400₫,5.0,118 đã bán,https://shopee.vn/-Qu%C3%A0-t%E1%BA%B7ng-kh%C3%B4ng-b%C3%A1n-%C4%90%E1%BB%93-ch%C6%A1i-tr%E1%BA%BB-em-b%E1%BA%B1ng-nh%E1%BB%B1a-b%E1%BB%99-hoa-qu%E1%BA%A3-i.915815268.52205400744?extraParams=%7B%22display_model_id%22%3A350491916370%2C%22model_selection_logic%22%3A3%7D
[Quà tặng không bán] Combo phụ kiện chơi cát 3501,176.400₫,4.8 Đánh giá shop,,https://shopee.vn/-Qu%C3%A0-t%E1%BA%B7ng-kh%C3%B4ng-b%C3%A1n-Combo-ph%E1%BB%A5-ki%E1%BB%87n-ch%C6%A1i-c%C3%A1t-3501-i.915815268.43381226723?extraParams=%7B%22display_model_id%22%3A430977005045%2C%22model_selection_logic%22%3A3%7D
[Quà tặng không bán] Đồ chơi trẻ em bằng nhựa: khối lắp ráp,176.400₫,4.5,263 đã bán,https://shopee.vn/-Qu%C3%A0-t%E1%BA%B7ng-kh%C3%B4ng-b%C3%A1n-%C4%90%E1%BB%93-ch%C6%A1i-tr%E1%BA%BB-em-b%E1%BA%B1ng-nh%E1%BB%B1a-kh%E1%BB%91i-l%E1%BA%AFp-r%C3%A1p-i.915815268.46109227996?extraParams=%7B%22display_model_id%22%3A395815554167%2C%22model_selection_logic%22%3A3%7D
"Combo 3 Thùng 48 SBPS Nutifood GrowPLUS+ Suy Dinh Dưỡng Ít đường 110ml - Tăng Cân, Tăng Chiều Cao (Bao bì tùy lô hàng)",2.005.080₫,5.0,4 đã bán,https://shopee.vn/Combo-3-Th%C3%B9ng-48-SBPS-Nutifood-GrowPLUS-Suy-Dinh-D%C6%B0%E1%BB%A1ng-%C3%8Dt-%C4%91%C6%B0%E1%BB%9Dng-110ml-T%C4%83ng-C%C3%A2n-T%C4%83ng-Chi%E1%BB%81u-Cao-(Bao-b%C3%AC-t%C3%B9y-l%C3%B4-h%C3%A0ng)-i.915815268.41471522920?extraParams=%7B%22display_model_id%22%3A59591165822%2C%22model_selection_logic%22%3A3%7D
[Gift]Đồ chơi trẻ em bằng nhựa: bộ con sâu,196.000₫,4.8 Đánh giá shop,,https://shopee.vn/-Gift-%C4%90%E1%BB%93-ch%C6%A1i-tr%E1%BA%BB-em-b%E1%BA%B1ng-nh%E1%BB%B1a-b%E1%BB%99-con-s%C3%A2u-i.915815268.57354509042?extraParams=%7B%22display_model_id%22%3A177375562771%2C%22model_selection_logic%22%3A3%7D
[Quà tặng không bán] Đồ chơi trẻ em bằng nhựa: em bé búp bê nhảy múa,245.000₫,4.8 Đánh giá shop,,https://shopee.vn/-Qu%C3%A0-t%E1%BA%B7ng-kh%C3%B4ng-b%C3%A1n-%C4%90%E1%BB%93-ch%C6%A1i-tr%E1%BA%BB-em-b%E1%BA%B1ng-nh%E1%BB%B1a-em-b%C3%A9-b%C3%BAp-b%C3%AA-nh%E1%BA%A3y-m%C3%BAa-i.915815268.49309214815?extraParams=%7B%22display_model_id%22%3A345815563881%2C%22model_selection_logic%22%3A3%7D
[Gift A2] Đồ chơi trẻ em bằng nhựa: đàn guitar,980.000₫,4.8 Đánh giá shop,,https://shopee.vn/-Gift-A2-%C4%90%E1%BB%93-ch%C6%A1i-tr%E1%BA%BB-em-b%E1%BA%B1ng-nh%E1%BB%B1a-%C4%91%C3%A0n-guitar-i.915815268.54859243510?extraParams=%7B%22display_model_id%22%3A375818350038%2C%22model_selection_logic%22%3A3%7D
[Quà tặng không bán] Đồ chơi trẻ em bằng nhựa: bộ trà và bánh ngọt,294.000₫,5.0,31 đã bán,https://shopee.vn/-Qu%C3%A0-t%E1%BA%B7ng-kh%C3%B4ng-b%C3%A1n-%C4%90%E1%BB%93-ch%C6%A1i-tr%E1%BA%BB-em-b%E1%BA%B1ng-nh%E1%BB%B1a-b%E1%BB%99-tr%C3%A0-v%C3%A0-b%C3%A1nh-ng%E1%BB%8Dt-i.915815268.28844423577?extraParams=%7B%22display_model_id%22%3A410678073288%2C%22model_selection_logic%22%3A3%7D
[Quà tặng không bán] Kệ để đồ gia dụng 4 tầng,343.000₫,5.0,19 đã bán,https://shopee.vn/-Qu%C3%A0-t%E1%BA%B7ng-kh%C3%B4ng-b%C3%A1n-K%E1%BB%87-%C4%91%E1%BB%83-%C4%91%E1%BB%93-gia-d%E1%BB%A5ng-4-t%E1%BA%A7ng-i.915815268.54460782377?extraParams=%7B%22display_model_id%22%3A415942849877%2C%22model_selection_logic%22%3A3%7D
Combo 5 Sữa bột Nutifood Sweden GrowPLUS+ Colostrum Lactoferrin 0+ 800g,4.032.700₫,4.8 Đánh giá shop,,https://shopee.vn/Combo-5-S%E1%BB%AFa-b%E1%BB%99t-Nutifood-Sweden-GrowPLUS-Colostrum-Lactoferrin-0-800g-i.915815268.42229544891?extraParams=%7B%22display_model_id%22%3A425692754349%2C%22model_selection_logic%22%3A3%7D
[Gift]Đồ chơi trẻ em bằng nhựa: bộ con vật,294.000₫,5.0,66 đã bán,https://shopee.vn/-Gift-%C4%90%E1%BB%93-ch%C6%A1i-tr%E1%BA%BB-em-b%E1%BA%B1ng-nh%E1%BB%B1a-b%E1%BB%99-con-v%E1%BA%ADt-i.915815268.52403170912?extraParams=%7B%22display_model_id%22%3A370305091877%2C%22model_selection_logic%22%3A3%7D
"[Quà tặng không bán] Xe trượt chòi chân cân bằng bốn bánh bằng nhựa,một chỗ ngồi,không dùng pin",588.000₫,4.8 Đánh giá shop,,https://shopee.vn/-Qu%C3%A0-t%E1%BA%B7ng-kh%C3%B4ng-b%C3%A1n-Xe-tr%C6%B0%E1%BB%A3t-ch%C3%B2i-ch%C3%A2n-c%C3%A2n-b%E1%BA%B1ng-b%E1%BB%91n-b%C3%A1nh-b%E1%BA%B1ng-nh%E1%BB%B1a-m%E1%BB%99t-ch%E1%BB%97-ng%E1%BB%93i-kh%C3%B4ng-d%C3%B9ng-pin-i.915815268.53910878694?extraParams=%7B%22display_model_id%22%3A254240434020%2C%22model_selection_logic%22%3A3%7D
Combo 2 Sữa bột Nutifood Sweden GrowPLUS+ Colostrum Lactoferrin 0+ 800g,1.646.000₫,5.0,28 đã bán,https://shopee.vn/Combo-2-S%E1%BB%AFa-b%E1%BB%99t-Nutifood-Sweden-GrowPLUS-Colostrum-Lactoferrin-0-800g-i.915815268.43700017600?extraParams=%7B%22display_model_id%22%3A290001032032%2C%22model_selection_logic%22%3A3%7D
Combo 2 Thùng 24 hộp SBPS GrowPLUS+ Cao lớn vượt trội 180ml + 2 Thùng 24 hộp SBPS GrowPLUS+ Colostrum Lactoferrin 180ml,2.183.440₫,5.0,16 đã bán,https://shopee.vn/Combo-2-Th%C3%B9ng-24-h%E1%BB%99p-SBPS-GrowPLUS-Cao-l%E1%BB%9Bn-v%C6%B0%E1%BB%A3t-tr%E1%BB%99i-180ml-2-Th%C3%B9ng-24-h%E1%BB%99p-SBPS-GrowPLUS-Colostrum-Lactoferrin-180ml-i.915815268.57452938096?extraParams=%7B%22display_model_id%22%3A262247168089%2C%22model_selection_logic%22%3A3%7D
[Gift]Đồ chơi trẻ em bằng nhựa: bộ nhà bếp không dùng pin,196.000₫,4.8,38 đã bán,https://shopee.vn/-Gift-%C4%90%E1%BB%93-ch%C6%A1i-tr%E1%BA%BB-em-b%E1%BA%B1ng-nh%E1%BB%B1a-b%E1%BB%99-nh%C3%A0-b%E1%BA%BFp-kh%C3%B4ng-d%C3%B9ng-pin-i.915815268.48503889833?extraParams=%7B%22display_model_id%22%3A345368592232%2C%22model_selection_logic%22%3A3%7D
"Combo 2 Sữa bột pha sẵn Nutifood Sweden GrowPLUS+ Tiêu Hóa (Xanh Nhạt) 2+ - Tiêu hóa khỏe, tăng cân (48 hộp x 180ml)",1.838.610₫,4.6,210 đã bán,https://shopee.vn/Combo-2-S%E1%BB%AFa-b%E1%BB%99t-pha-s%E1%BA%B5n-Nutifood-Sweden-GrowPLUS-Ti%C3%AAu-H%C3%B3a-(Xanh-Nh%E1%BA%A1t)-2-Ti%C3%AAu-h%C3%B3a-kh%E1%BB%8Fe-t%C4%83ng-c%C3%A2n-(48-h%E1%BB%99p-x-180ml)-i.915815268.28463490317?extraParams=%7B%22display_model_id%22%3A246738077961%2C%22model_selection_logic%22%3A3%7D
[Gift]Đồ chơi trẻ em bằng nhựa: bộ đính hạt,196.000₫,5.0,1 đã bán,https://shopee.vn/-Gift-%C4%90%E1%BB%93-ch%C6%A1i-tr%E1%BA%BB-em-b%E1%BA%B1ng-nh%E1%BB%B1a-b%E1%BB%99-%C4%91%C3%ADnh-h%E1%BA%A1t-i.915815268.42515149594?extraParams=%7B%22display_model_id%22%3A306253374901%2C%22model_selection_logic%22%3A3%7D
[Livestream Hannah Olala] Sữa bột Nutifood Sweden GrowPLUS+ Colostrum Lactoferrin 2+ 800g,1.000.580₫,5.0,4 đã bán,https://shopee.vn/-Livestream-Hannah-Olala-S%E1%BB%AFa-b%E1%BB%99t-Nutifood-Sweden-GrowPLUS-Colostrum-Lactoferrin-2-800g-i.915815268.40458449482?extraParams=%7B%22display_model_id%22%3A149226840789%2C%22model_selection_logic%22%3A3%7D
[Quà tặng không bán] Đồ chơi trẻ em bằng nhựa: bộ xúc cát (mẫu 7),392.000₫,5.0,30 đã bán,https://shopee.vn/-Qu%C3%A0-t%E1%BA%B7ng-kh%C3%B4ng-b%C3%A1n-%C4%90%E1%BB%93-ch%C6%A1i-tr%E1%BA%BB-em-b%E1%BA%B1ng-nh%E1%BB%B1a-b%E1%BB%99-x%C3%BAc-c%C3%A1t-(m%E1%BA%ABu-7)-i.915815268.54560782300?extraParams=%7B%22display_model_id%22%3A370942860701%2C%22model_selection_logic%22%3A3%7D
[Gift] Nồi quấy bột Inox 5 đáy Sunhouse SHG508-16,686.000₫,5.0,96 đã bán,https://shopee.vn/-Gift-N%E1%BB%93i-qu%E1%BA%A5y-b%E1%BB%99t-Inox-5-%C4%91%C3%A1y-Sunhouse-SHG508-16-i.915815268.27481027959?extraParams=%7B%22display_model_id%22%3A218356255528%2C%22model_selection_logic%22%3A3%7D
[Quà tặng không bán] ĐIỆN THOẠI IPAD THÔNG MINH,196.000₫,4.8 Đánh giá shop,,https://shopee.vn/-Qu%C3%A0-t%E1%BA%B7ng-kh%C3%B4ng-b%C3%A1n-%C4%90I%E1%BB%86N-THO%E1%BA%A0I-IPAD-TH%C3%94NG-MINH-i.915815268.54110284608?extraParams=%7B%22display_model_id%22%3A395904696192%2C%22model_selection_logic%22%3A3%7D
[Quà tặng không bán] xô xúc cát mỏ vịt dành cho bé 1101-133,176.400₫,4.8 Đánh giá shop,,https://shopee.vn/-Qu%C3%A0-t%E1%BA%B7ng-kh%C3%B4ng-b%C3%A1n-x%C3%B4-x%C3%BAc-c%C3%A1t-m%E1%BB%8F-v%E1%BB%8Bt-d%C3%A0nh-cho-b%C3%A9-1101-133-i.915815268.48111306114?extraParams=%7B%22display_model_id%22%3A282652772033%2C%22model_selection_logic%22%3A3%7D
[Quà tặng không bán]Đồ chơi trẻ em bằng nhựa: Bộ chậu hoa,245.000₫,4.5,59 đã bán,https://shopee.vn/-Qu%C3%A0-t%E1%BA%B7ng-kh%C3%B4ng-b%C3%A1n-%C4%90%E1%BB%93-ch%C6%A1i-tr%E1%BA%BB-em-b%E1%BA%B1ng-nh%E1%BB%B1a-B%E1%BB%99-ch%E1%BA%ADu-hoa-i.915815268.51007441289?extraParams=%7B%22display_model_id%22%3A400662300936%2C%22model_selection_logic%22%3A3%7D
[Quà tặng không bán]Đồ chơi trẻ em bằng nhựa: vịt biết hát,245.000₫,5.0,182 đã bán,https://shopee.vn/-Qu%C3%A0-t%E1%BA%B7ng-kh%C3%B4ng-b%C3%A1n-%C4%90%E1%BB%93-ch%C6%A1i-tr%E1%BA%BB-em-b%E1%BA%B1ng-nh%E1%BB%B1a-v%E1%BB%8Bt-bi%E1%BA%BFt-h%C3%A1t-i.915815268.45455409556?extraParams=%7B%22display_model_id%22%3A287368070149%2C%22model_selection_logic%22%3A3%7D
[Gift] Gấu bông cho trẻ em,392.000₫,5.0,100 đã bán,https://shopee.vn/-Gift-G%E1%BA%A5u-b%C3%B4ng-cho-tr%E1%BA%BB-em-i.915815268.52456367238?extraParams=%7B%22display_model_id%22%3A445575173982%2C%22model_selection_logic%22%3A3%7D
[Quà tặng không bán] Đồ chơi trẻ em bằng gỗ: Bộ xếp khối hình học,294.000₫,4.9,767 đã bán,https://shopee.vn/-Qu%C3%A0-t%E1%BA%B7ng-kh%C3%B4ng-b%C3%A1n-%C4%90%E1%BB%93-ch%C6%A1i-tr%E1%BA%BB-em-b%E1%BA%B1ng-g%E1%BB%97-B%E1%BB%99-x%E1%BA%BFp-kh%E1%BB%91i-h%C3%ACnh-h%E1%BB%8Dc-i.915815268.44907637772?extraParams=%7B%22display_model_id%22%3A360678063960%2C%22model_selection_logic%22%3A3%7D
[Quà tặng không bán]Đồ chơi trẻ em bằng nhựa: Bộ đồ chơi bắn thú,294.000₫,4.6,62 đã bán,https://shopee.vn/-Qu%C3%A0-t%E1%BA%B7ng-kh%C3%B4ng-b%C3%A1n-%C4%90%E1%BB%93-ch%C6%A1i-tr%E1%BA%BB-em-b%E1%BA%B1ng-nh%E1%BB%B1a-B%E1%BB%99-%C4%91%E1%BB%93-ch%C6%A1i-b%E1%BA%AFn-th%C3%BA-i.915815268.50507446031?extraParams=%7B%22display_model_id%22%3A380662311570%2C%22model_selection_logic%22%3A3%7D
[Quà tặng không bán] KÉT SẮT KUROMI MÃ 3LN72-20,245.000₫,4.8 Đánh giá shop,,https://shopee.vn/-Qu%C3%A0-t%E1%BA%B7ng-kh%C3%B4ng-b%C3%A1n-K%C3%89T-S%E1%BA%AET-KUROMI-M%C3%83-3LN72-20-i.915815268.52660293177?extraParams=%7B%22display_model_id%22%3A315905245664%2C%22model_selection_logic%22%3A3%7D
[Quà tặng không bán] Đồ chơi trẻ em bằng nhựa: bộ xe bác sĩ 2in1,294.000₫,4.4,62 đã bán,https://shopee.vn/-Qu%C3%A0-t%E1%BA%B7ng-kh%C3%B4ng-b%C3%A1n-%C4%90%E1%BB%93-ch%C6%A1i-tr%E1%BA%BB-em-b%E1%BA%B1ng-nh%E1%BB%B1a-b%E1%BB%99-xe-b%C3%A1c-s%C4%A9-2in1-i.915815268.55510790838?extraParams=%7B%22display_model_id%22%3A282629818092%2C%22model_selection_logic%22%3A3%7D
"[Livestream KOL] Combo 2 Sữa bột Nutifood GrowPLUS+ Suy Dinh Dưỡng (Đỏ) 2+ Tăng Cân,Tăng Chiều Cao (2 Lon x 1,65 Kg)",1.801.700₫,4.9,71 đã bán,https://shopee.vn/-Livestream-KOL-Combo-2-S%E1%BB%AFa-b%E1%BB%99t-Nutifood-GrowPLUS-Suy-Dinh-D%C6%B0%E1%BB%A1ng-(%C4%90%E1%BB%8F)-2-T%C4%83ng-C%C3%A2n-T%C4%83ng-Chi%E1%BB%81u-Cao-(2-Lon-x-1-65-Kg)-i.915815268.25068021643?extraParams=%7B%22display_model_id%22%3A250444996801%2C%22model_selection_logic%22%3A3%7D
Combo 2 Thùng 24 hộp SBPS GrowPLUS+ Cao lớn vượt trội 110 ml + 2 Thùng 24 hộp SBPS GrowPLUS+ Colostrum Lactoferrin 110ml,2.028.600₫,4.8 Đánh giá shop,,https://shopee.vn/Combo-2-Th%C3%B9ng-24-h%E1%BB%99p-SBPS-GrowPLUS-Cao-l%E1%BB%9Bn-v%C6%B0%E1%BB%A3t-tr%E1%BB%99i-110-ml-2-Th%C3%B9ng-24-h%E1%BB%99p-SBPS-GrowPLUS-Colostrum-Lactoferrin-110ml-i.915815268.43879556431?extraParams=%7B%22display_model_id%22%3A355692801472%2C%22model_selection_logic%22%3A3%7D
[Quà tặng không bán] lắp ráp cảnh sát 6002,294.000₫,5.0,150 đã bán,https://shopee.vn/-Qu%C3%A0-t%E1%BA%B7ng-kh%C3%B4ng-b%C3%A1n-l%E1%BA%AFp-r%C3%A1p-c%E1%BA%A3nh-s%C3%A1t-6002-i.915815268.54561209441?extraParams=%7B%22display_model_id%22%3A445977005684%2C%22model_selection_logic%22%3A3%7D
[Gift]Đồ chơi trẻ em bằng nhựa + vải: ô tô bus,294.000₫,4.9,93 đã bán,https://shopee.vn/-Gift-%C4%90%E1%BB%93-ch%C6%A1i-tr%E1%BA%BB-em-b%E1%BA%B1ng-nh%E1%BB%B1a-v%E1%BA%A3i-%C3%B4-t%C3%B4-bus-i.915815268.53454509330?extraParams=%7B%22display_model_id%22%3A259141934857%2C%22model_selection_logic%22%3A3%7D
[Quà tặng không bán] Đồ chơi trẻ em bằng nhựa: bóng ném,176.400₫,4.8 Đánh giá shop,,https://shopee.vn/-Qu%C3%A0-t%E1%BA%B7ng-kh%C3%B4ng-b%C3%A1n-%C4%90%E1%BB%93-ch%C6%A1i-tr%E1%BA%BB-em-b%E1%BA%B1ng-nh%E1%BB%B1a-b%C3%B3ng-n%C3%A9m-i.915815268.55155397161?extraParams=%7B%22display_model_id%22%3A435492351863%2C%22model_selection_logic%22%3A3%7D
[Quà tặng không bán] Đồ chơi trẻ em bằng nhựa: bộ phương tiện giao thông,294.000₫,5.0,12 đã bán,https://shopee.vn/-Qu%C3%A0-t%E1%BA%B7ng-kh%C3%B4ng-b%C3%A1n-%C4%90%E1%BB%93-ch%C6%A1i-tr%E1%BA%BB-em-b%E1%BA%B1ng-nh%E1%BB%B1a-b%E1%BB%99-ph%C6%B0%C6%A1ng-ti%E1%BB%87n-giao-th%C3%B4ng-i.915815268.52607617748?extraParams=%7B%22display_model_id%22%3A244189618691%2C%22model_selection_logic%22%3A3%7D
[Gift]Đồ chơi trẻ em bằng nhựa: bộ cân bằng,176.400₫,4.5,41 đã bán,https://shopee.vn/-Gift-%C4%90%E1%BB%93-ch%C6%A1i-tr%E1%BA%BB-em-b%E1%BA%B1ng-nh%E1%BB%B1a-b%E1%BB%99-c%C3%A2n-b%E1%BA%B1ng-i.915815268.45104913092?extraParams=%7B%22display_model_id%22%3A445452293883%2C%22model_selection_logic%22%3A3%7D
Gift-Cốc Inox 2 lớp cách nhiệt,980.000₫,4.8 Đánh giá shop,,https://shopee.vn/Gift-C%E1%BB%91c-Inox-2-l%E1%BB%9Bp-c%C3%A1ch-nhi%E1%BB%87t-i.915815268.55559878174?extraParams=%7B%22display_model_id%22%3A360872413093%2C%22model_selection_logic%22%3A3%7D
[Livestream Hannah Olala] Combo 2 Thùng 24 hộp SBPS NTF Sweden GrowPLUS+ Sữa Non Immunel hộp 180 ml (Bao bì tuỳ lô hàng),1.391.040₫,4.8 Đánh giá shop,,https://shopee.vn/-Livestream-Hannah-Olala-Combo-2-Th%C3%B9ng-24-h%E1%BB%99p-SBPS-NTF-Sweden-GrowPLUS-S%E1%BB%AFa-Non-Immunel-h%E1%BB%99p-180-ml-(Bao-b%C3%AC-tu%E1%BB%B3-l%C3%B4-h%C3%A0ng)-i.915815268.40508968674?extraParams=%7B%22display_model_id%22%3A260752190564%2C%22model_selection_logic%22%3A3%7D
"[Quà tặng không bán] Đồ chơi trẻ em bằng nhựa: bộ bác sĩ, không dùng pin",294.000₫,4.9,327 đã bán,https://shopee.vn/-Qu%C3%A0-t%E1%BA%B7ng-kh%C3%B4ng-b%C3%A1n-%C4%90%E1%BB%93-ch%C6%A1i-tr%E1%BA%BB-em-b%E1%BA%B1ng-nh%E1%BB%B1a-b%E1%BB%99-b%C3%A1c-s%C4%A9-kh%C3%B4ng-d%C3%B9ng-pin-i.915815268.52907613597?extraParams=%7B%22display_model_id%22%3A345678070065%2C%22model_selection_logic%22%3A3%7D
[Quà tặng không bán]Đồ chơi trẻ em bằng nhựa: bộ dụng cụ sửa chữa,294.000₫,4.4,87 đã bán,https://shopee.vn/-Qu%C3%A0-t%E1%BA%B7ng-kh%C3%B4ng-b%C3%A1n-%C4%90%E1%BB%93-ch%C6%A1i-tr%E1%BA%BB-em-b%E1%BA%B1ng-nh%E1%BB%B1a-b%E1%BB%99-d%E1%BB%A5ng-c%E1%BB%A5-s%E1%BB%ADa-ch%E1%BB%AFa-i.915815268.48407459783?extraParams=%7B%22display_model_id%22%3A320662292816%2C%22model_selection_logic%22%3A3%7D
[Gift]Đồ chơi trẻ em bằng nhựa: Bộ giao thông đô thị (25 chi tiết),343.000₫,5.0,52 đã bán,https://shopee.vn/-Gift-%C4%90%E1%BB%93-ch%C6%A1i-tr%E1%BA%BB-em-b%E1%BA%B1ng-nh%E1%BB%B1a-B%E1%BB%99-giao-th%C3%B4ng-%C4%91%C3%B4-th%E1%BB%8B-(25-chi-ti%E1%BA%BFt)-i.915815268.50002128281?extraParams=%7B%22display_model_id%22%3A425207667562%2C%22model_selection_logic%22%3A3%7D
"[Quà tặng không bán] Đồ chơi: Xe chòi chân cho bé, có 4 bánh chất liệu: nhựa + sắt, có nhạc, dùng pin",588.000₫,5.0,68 đã bán,https://shopee.vn/-Qu%C3%A0-t%E1%BA%B7ng-kh%C3%B4ng-b%C3%A1n-%C4%90%E1%BB%93-ch%C6%A1i-Xe-ch%C3%B2i-ch%C3%A2n-cho-b%C3%A9-c%C3%B3-4-b%C3%A1nh-ch%E1%BA%A5t-li%E1%BB%87u-nh%E1%BB%B1a-s%E1%BA%AFt-c%C3%B3-nh%E1%BA%A1c-d%C3%B9ng-pin-i.915815268.50759334345?extraParams=%7B%22display_model_id%22%3A325826376328%2C%22model_selection_logic%22%3A3%7D
Gift-Quạt tích điện mini,980.000₫,4.8 Đánh giá shop,,https://shopee.vn/Gift-Qu%E1%BA%A1t-t%C3%ADch-%C4%91i%E1%BB%87n-mini-i.915815268.48709898229?extraParams=%7B%22display_model_id%22%3A385872421779%2C%22model_selection_logic%22%3A3%7D
Gift-Xe đạp ba bánh chở hàng cho bé A2,980.000₫,4.7,256 đã bán,https://shopee.vn/Gift-Xe-%C4%91%E1%BA%A1p-ba-b%C3%A1nh-ch%E1%BB%9F-h%C3%A0ng-cho-b%C3%A9-A2-i.915815268.50058305012?extraParams=%7B%22display_model_id%22%3A330736644648%2C%22model_selection_logic%22%3A3%7D
Combo 2 Thùng 24 hộp Sữa bột pha sẵn Nutifood Sweden GrowPLUS+ Colostrum Lactoferrin 180ml,1.638.560₫,4.8 Đánh giá shop,,https://shopee.vn/Combo-2-Th%C3%B9ng-24-h%E1%BB%99p-S%E1%BB%AFa-b%E1%BB%99t-pha-s%E1%BA%B5n-Nutifood-Sweden-GrowPLUS-Colostrum-Lactoferrin-180ml-i.915815268.55907796057?extraParams=%7B%22display_model_id%22%3A420692738895%2C%22model_selection_logic%22%3A3%7D
[Gift A2] A2 Nồi hấp 2 tầng inox,980.000₫,4.5,6 đã bán,https://shopee.vn/-Gift-A2-A2-N%E1%BB%93i-h%E1%BA%A5p-2-t%E1%BA%A7ng-inox-i.915815268.50259007989?extraParams=%7B%22display_model_id%22%3A395798487209%2C%22model_selection_logic%22%3A3%7D
[Gift]Đồ chơi trẻ em bằng nhựa: đàn piano model: 3300,343.000₫,5.0,11 đã bán,https://shopee.vn/-Gift-%C4%90%E1%BB%93-ch%C6%A1i-tr%E1%BA%BB-em-b%E1%BA%B1ng-nh%E1%BB%B1a-%C4%91%C3%A0n-piano-model-3300-i.915815268.52454883645?extraParams=%7B%22display_model_id%22%3A385452314482%2C%22model_selection_logic%22%3A3%7D
[Quà tặng không bán]Đồ chơi trẻ em bằng nhựa: trò chơi đập chuột kèm búa,294.000₫,5.0,67 đã bán,https://shopee.vn/-Qu%C3%A0-t%E1%BA%B7ng-kh%C3%B4ng-b%C3%A1n-%C4%90%E1%BB%93-ch%C6%A1i-tr%E1%BA%BB-em-b%E1%BA%B1ng-nh%E1%BB%B1a-tr%C3%B2-ch%C6%A1i-%C4%91%E1%BA%ADp-chu%E1%BB%99t-k%C3%A8m-b%C3%BAa-i.915815268.29044402982?extraParams=%7B%22display_model_id%22%3A360662308556%2C%22model_selection_logic%22%3A3%7D
[Quà tặng không bán] Đồ chơi trẻ em bằng nhựa:điện thoại,294.000₫,4.3,81 đã bán,https://shopee.vn/-Qu%C3%A0-t%E1%BA%B7ng-kh%C3%B4ng-b%C3%A1n-%C4%90%E1%BB%93-ch%C6%A1i-tr%E1%BA%BB-em-b%E1%BA%B1ng-nh%E1%BB%B1a-%C4%91i%E1%BB%87n-tho%E1%BA%A1i-i.915815268.53258181752?extraParams=%7B%22display_model_id%22%3A307504290557%2C%22model_selection_logic%22%3A3%7D
[Gift]Đồ chơi trẻ em bằng nhựa: bộ xúc xắc,196.000₫,5.0,18 đã bán,https://shopee.vn/-Gift-%C4%90%E1%BB%93-ch%C6%A1i-tr%E1%BA%BB-em-b%E1%BA%B1ng-nh%E1%BB%B1a-b%E1%BB%99-x%C3%BAc-x%E1%BA%AFc-i.915815268.55153880331?extraParams=%7B%22display_model_id%22%3A307296451605%2C%22model_selection_logic%22%3A3%7D
[BeyondK] - [SHIP HCM & HN] Combo 4 lốc GrowPLUS+ Váng sữa công thức Cao lớn vượt trội Vani (55g x 16 hộp),458.200₫,5.0,11 đã bán,https://shopee.vn/-BeyondK-SHIP-HCM-HN-Combo-4-l%E1%BB%91c-GrowPLUS-V%C3%A1ng-s%E1%BB%AFa-c%C3%B4ng-th%E1%BB%A9c-Cao-l%E1%BB%9Bn-v%C6%B0%E1%BB%A3t-tr%E1%BB%99i-Vani-(55g-x-16-h%E1%BB%99p)-i.915815268.43015094618?extraParams=%7B%22display_model_id%22%3A286248877949%2C%22model_selection_logic%22%3A3%7D
[Gift]Đồ chơi trẻ em bằng nhựa: bộ câu cá,196.000₫,5.0,13 đã bán,https://shopee.vn/-Gift-%C4%90%E1%BB%93-ch%C6%A1i-tr%E1%BA%BB-em-b%E1%BA%B1ng-nh%E1%BB%B1a-b%E1%BB%99-c%C3%A2u-c%C3%A1-i.915815268.41266179208?extraParams=%7B%22display_model_id%22%3A261334046619%2C%22model_selection_logic%22%3A3%7D
[Quà tặng không bán] Đồ chơi trẻ em bằng nhựa: bộ xúc cát (mẫu 5),245.000₫,4.8 Đánh giá shop,,https://shopee.vn/-Qu%C3%A0-t%E1%BA%B7ng-kh%C3%B4ng-b%C3%A1n-%C4%90%E1%BB%93-ch%C6%A1i-tr%E1%BA%BB-em-b%E1%BA%B1ng-nh%E1%BB%B1a-b%E1%BB%99-x%C3%BAc-c%C3%A1t-(m%E1%BA%ABu-5)-i.915815268.55410790825?extraParams=%7B%22display_model_id%22%3A315943441012%2C%22model_selection_logic%22%3A3%7D
[Quà tặng không bán]Bộ ĐCTE nấu ăn,294.000₫,5.0,11 đã bán,https://shopee.vn/-Qu%C3%A0-t%E1%BA%B7ng-kh%C3%B4ng-b%C3%A1n-B%E1%BB%99-%C4%90CTE-n%E1%BA%A5u-%C4%83n-i.915815268.54407021490?extraParams=%7B%22display_model_id%22%3A254179996188%2C%22model_selection_logic%22%3A3%7D
[Gift] Đồ chơi trẻ em: bộ loa hình gà vàng,343.000₫,4.3,56 đã bán,https://shopee.vn/-Gift-%C4%90%E1%BB%93-ch%C6%A1i-tr%E1%BA%BB-em-b%C3%B4%CC%A3-loa-hi%CC%80nh-ga%CC%80-va%CC%80ng-i.915815268.44078530156?extraParams=%7B%22display_model_id%22%3A425515020873%2C%22model_selection_logic%22%3A3%7D
[Quà tặng không bán] Đồ chơi bác sĩ 669H-2,294.000₫,5.0,28 đã bán,https://shopee.vn/-Qu%C3%A0-t%E1%BA%B7ng-kh%C3%B4ng-b%C3%A1n-%C4%90%E1%BB%93-ch%C6%A1i-b%C3%A1c-s%C4%A9-669H-2-i.915815268.49758427184?extraParams=%7B%22display_model_id%22%3A440745835762%2C%22model_selection_logic%22%3A3%7D
[Gift A2] Đồ chơi trẻ em bằng nhựa: máy bắn nước,980.000₫,4.7,75 đã bán,https://shopee.vn/-Gift-A2-%C4%90%E1%BB%93-ch%C6%A1i-tr%E1%BA%BB-em-b%E1%BA%B1ng-nh%E1%BB%B1a-m%C3%A1y-b%E1%BA%AFn-n%C6%B0%E1%BB%9Bc-i.915815268.46009258401?extraParams=%7B%22display_model_id%22%3A395818350165%2C%22model_selection_logic%22%3A3%7D
[Gift] Nồi đa năng 2 tầng EC-20M01A,490.000₫,5.0,94 đã bán,https://shopee.vn/-Gift-N%E1%BB%93i-%C4%91a-n%C4%83ng-2-t%E1%BA%A7ng-EC-20M01A-i.915815268.55903450356?extraParams=%7B%22display_model_id%22%3A262275060831%2C%22model_selection_logic%22%3A3%7D
[Quà tặng không bán] Đồ chơi trẻ em bằng nhựa: bộ nhạc cụ,294.000₫,4.9,304 đã bán,https://shopee.vn/-Qu%C3%A0-t%E1%BA%B7ng-kh%C3%B4ng-b%C3%A1n-%C4%90%E1%BB%93-ch%C6%A1i-tr%E1%BA%BB-em-b%E1%BA%B1ng-nh%E1%BB%B1a-b%E1%BB%99-nh%E1%BA%A1c-c%E1%BB%A5-i.915815268.42079465717?extraParams=%7B%22display_model_id%22%3A390678076978%2C%22model_selection_logic%22%3A3%7D
[Gift] Chảo phủ sứ nano đáy từ SHG24MP,441.000₫,4.9,657 đã bán,https://shopee.vn/-Gift-Ch%E1%BA%A3o-ph%E1%BB%A7-s%E1%BB%A9-nano-%C4%91%C3%A1y-t%E1%BB%AB-SHG24MP-i.915815268.45304965283?extraParams=%7B%22display_model_id%22%3A375456248150%2C%22model_selection_logic%22%3A3%7D
[Quà tặng không bán] Đồ chơi trẻ em bằng nhựa: bộ đàn guitar,176.400₫,4.9,593 đã bán,https://shopee.vn/-Qu%C3%A0-t%E1%BA%B7ng-kh%C3%B4ng-b%C3%A1n-%C4%90%E1%BB%93-ch%C6%A1i-tr%E1%BA%BB-em-b%E1%BA%B1ng-nh%E1%BB%B1a-b%E1%BB%99-%C4%91%C3%A0n-guitar-i.915815268.47055425585?extraParams=%7B%22display_model_id%22%3A380492360261%2C%22model_selection_logic%22%3A3%7D
Combo 2 Sữa bột Nutifood Sweden GrowPLUS+ Colostrum Lactoferrin 0+ 400g,890.000₫,5.0,8 đã bán,https://shopee.vn/Combo-2-S%E1%BB%AFa-b%E1%BB%99t-Nutifood-Sweden-GrowPLUS-Colostrum-Lactoferrin-0-400g-i.915815268.43700017723?extraParams=%7B%22display_model_id%22%3A290001029497%2C%22model_selection_logic%22%3A3%7D
[Quà tặng không bán] Đồ chơi trẻ em bằng nhựa: bộ đồ chơi đánh trống,294.000₫,4.9,58 đã bán,https://shopee.vn/-Qu%C3%A0-t%E1%BA%B7ng-kh%C3%B4ng-b%C3%A1n-%C4%90%E1%BB%93-ch%C6%A1i-tr%E1%BA%BB-em-b%E1%BA%B1ng-nh%E1%BB%B1a-b%E1%BB%99-%C4%91%E1%BB%93-ch%C6%A1i-%C4%91%C3%A1nh-tr%E1%BB%91ng-i.915815268.55310790924?extraParams=%7B%22display_model_id%22%3A315943440979%2C%22model_selection_logic%22%3A3%7D
[Gift]Đồ chơi trẻ em bằng nhựa: Bộ rau củ model: 2018,196.000₫,4.8 Đánh giá shop,,https://shopee.vn/-Gift-%C4%90%E1%BB%93-ch%C6%A1i-tr%E1%BA%BB-em-b%E1%BA%B1ng-nh%E1%BB%B1a-B%E1%BB%99-rau-c%E1%BB%A7-model-2018-i.915815268.50153879261?extraParams=%7B%22display_model_id%22%3A440368595198%2C%22model_selection_logic%22%3A3%7D
[Gift A2] Đồ chơi trẻ em bằng nhựa: Bộ lắp ghép,980.000₫,4.8 Đánh giá shop,,https://shopee.vn/-Gift-A2-%C4%90%E1%BB%93-ch%C6%A1i-tr%E1%BA%BB-em-b%E1%BA%B1ng-nh%E1%BB%B1a-B%E1%BB%99-l%E1%BA%AFp-gh%C3%A9p-i.915815268.41980257805?extraParams=%7B%22display_model_id%22%3A365818339941%2C%22model_selection_logic%22%3A3%7D
[Quà tặng không bán]Đồ chơi trẻ em bằng nhựa: đàn piano model: S680-145,245.000₫,5.0,177 đã bán,https://shopee.vn/-Qu%C3%A0-t%E1%BA%B7ng-kh%C3%B4ng-b%C3%A1n-%C4%90%E1%BB%93-ch%C6%A1i-tr%E1%BA%BB-em-b%E1%BA%B1ng-nh%E1%BB%B1a-%C4%91%C3%A0n-piano-model-S680-145-i.915815268.49555409520?extraParams=%7B%22display_model_id%22%3A292368068929%2C%22model_selection_logic%22%3A3%7D
[Quà tặng không bán] Quạt đứng có lưới bảo vệ FM430M-WH05A hiệu Gaabor,588.000₫,4.2,32 đã bán,https://shopee.vn/-Qu%C3%A0-t%E1%BA%B7ng-kh%C3%B4ng-b%C3%A1n-Qu%E1%BA%A1t-%C4%91%E1%BB%A9ng-c%C3%B3-l%C6%B0%E1%BB%9Bi-b%E1%BA%A3o-v%E1%BB%87-FM430M-WH05A-hi%E1%BB%87u-Gaabor-i.915815268.49010798338?extraParams=%7B%22display_model_id%22%3A292629813987%2C%22model_selection_logic%22%3A3%7D
[Quà tặng không bán] Đồ chơi trẻ em bằng nhựa: bộ nấu ăn không dùng pin,294.000₫,5.0,28 đã bán,https://shopee.vn/-Qu%C3%A0-t%E1%BA%B7ng-kh%C3%B4ng-b%C3%A1n-%C4%90%E1%BB%93-ch%C6%A1i-tr%E1%BA%BB-em-b%E1%BA%B1ng-nh%E1%BB%B1a-b%E1%BB%99-n%E1%BA%A5u-%C4%83n-kh%C3%B4ng-d%C3%B9ng-pin-i.915815268.57357613555?extraParams=%7B%22display_model_id%22%3A350678058662%2C%22model_selection_logic%22%3A3%7D
[Gift]Đồ chơi trẻ em bằng nhựa: bộ xe ô tô chạy đà,176.400₫,5.0,2 đã bán,https://shopee.vn/-Gift-%C4%90%E1%BB%93-ch%C6%A1i-tr%E1%BA%BB-em-b%E1%BA%B1ng-nh%E1%BB%B1a-b%E1%BB%99-xe-%C3%B4-t%C3%B4-ch%E1%BA%A1y-%C4%91%C3%A0-i.915815268.55903937017?extraParams=%7B%22display_model_id%22%3A310374051495%2C%22model_selection_logic%22%3A3%7D
[Quà tặng không bán]Đồ chơi trẻ em bằng nhựa: con voi,176.400₫,4.8 Đánh giá shop,,https://shopee.vn/-Qu%C3%A0-t%E1%BA%B7ng-kh%C3%B4ng-b%C3%A1n-%C4%90%E1%BB%93-ch%C6%A1i-tr%E1%BA%BB-em-b%E1%BA%B1ng-nh%E1%BB%B1a-con-voi-i.915815268.46007459851?extraParams=%7B%22display_model_id%22%3A360662284825%2C%22model_selection_logic%22%3A3%7D
[Quà tặng không bán] Đồ chơi trẻ em bằng nhựa: trò chơi đập chuột kèm búa,176.400₫,4.8 Đánh giá shop,,https://shopee.vn/-Qu%C3%A0-t%E1%BA%B7ng-kh%C3%B4ng-b%C3%A1n-%C4%90%E1%BB%93-ch%C6%A1i-tr%E1%BA%BB-em-b%E1%BA%B1ng-nh%E1%BB%B1a-tr%C3%B2-ch%C6%A1i-%C4%91%E1%BA%ADp-chu%E1%BB%99t-k%C3%A8m-b%C3%BAa-i.915815268.47258890023?extraParams=%7B%22display_model_id%22%3A262539374999%2C%22model_selection_logic%22%3A3%7D
"[Quà tặng không bán] Xe trượt chòi chân cân bằng bốn bánh bằng nhựa,một chỗ ngồi,không dùng pin.Model: 818",588.000₫,4.8 Đánh giá shop,,https://shopee.vn/-Qu%C3%A0-t%E1%BA%B7ng-kh%C3%B4ng-b%C3%A1n-Xe-tr%C6%B0%E1%BB%A3t-ch%C3%B2i-ch%C3%A2n-c%C3%A2n-b%E1%BA%B1ng-b%E1%BB%91n-b%C3%A1nh-b%E1%BA%B1ng-nh%E1%BB%B1a-m%E1%BB%99t-ch%E1%BB%97-ng%E1%BB%93i-kh%C3%B4ng-d%C3%B9ng-pin.Model-818-i.915815268.43581058835?extraParams=%7B%22display_model_id%22%3A380950576237%2C%22model_selection_logic%22%3A3%7D
"[Gift]Xe chòi chân cho bé, có 4 bánh. Model: 6688",490.000₫,4.9,58 đã bán,https://shopee.vn/-Gift-Xe-ch%C3%B2i-ch%C3%A2n-cho-b%C3%A9-c%C3%B3-4-b%C3%A1nh.-Model-6688-i.915815268.47305729788?extraParams=%7B%22display_model_id%22%3A310517811099%2C%22model_selection_logic%22%3A3%7D
[Gift]Nồi nấu chậm 1.0L Bear SC-4H10E,588.000₫,4.0,45 đã bán,https://shopee.vn/-Gift-N%E1%BB%93i-n%E1%BA%A5u-ch%E1%BA%ADm-1.0L-Bear-SC-4H10E-i.915815268.43428132030?extraParams=%7B%22display_model_id%22%3A420452414136%2C%22model_selection_logic%22%3A3%7D
[Gift]Đồ chơi trẻ em bằng nhựa:bộ bàn bi a,343.000₫,5.0,48 đã bán,https://shopee.vn/-Gift-%C4%90%E1%BB%93-ch%C6%A1i-tr%E1%BA%BB-em-b%E1%BA%B1ng-nh%E1%BB%B1a-b%E1%BB%99-b%C3%A0n-bi-a-i.915815268.47553900219?extraParams=%7B%22display_model_id%22%3A287296394136%2C%22model_selection_logic%22%3A3%7D
Combo 5 Sữa bột Nutifood Sweden GrowPLUS+ Colostrum Lactoferrin 0+ 800g,4.115.000₫,4.8 Đánh giá shop,,https://shopee.vn/Combo-5-S%E1%BB%AFa-b%E1%BB%99t-Nutifood-Sweden-GrowPLUS-Colostrum-Lactoferrin-0-800g-i.915815268.28986367786?extraParams=%7B%22display_model_id%22%3A265004116810%2C%22model_selection_logic%22%3A3%7D
[Quà tặng không bán] Đồ chơi trẻ em bằng nhựa: nhà hàng thức ăn nhanh không dùng pin,294.000₫,4.8 Đánh giá shop,,https://shopee.vn/-Qu%C3%A0-t%E1%BA%B7ng-kh%C3%B4ng-b%C3%A1n-%C4%90%E1%BB%93-ch%C6%A1i-tr%E1%BA%BB-em-b%E1%BA%B1ng-nh%E1%BB%B1a-nh%C3%A0-h%C3%A0ng-th%E1%BB%A9c-%C4%83n-nhanh-kh%C3%B4ng-d%C3%B9ng-pin-i.915815268.46658196970?extraParams=%7B%22display_model_id%22%3A267504489066%2C%22model_selection_logic%22%3A3%7D
[Gift]Đồ chơi trẻ em bằng nhựa: đàn piano,176.400₫,5.0,23 đã bán,https://shopee.vn/-Gift-%C4%90%E1%BB%93-ch%C6%A1i-tr%E1%BA%BB-em-b%E1%BA%B1ng-nh%E1%BB%B1a-%C4%91%C3%A0n-piano-i.915815268.44328131863?extraParams=%7B%22display_model_id%22%3A360452302350%2C%22model_selection_logic%22%3A3%7D
Gift-Xe chòi chân tập đi cho bé A2,980.000₫,4.8 Đánh giá shop,,https://shopee.vn/Gift-Xe-ch%C3%B2i-ch%C3%A2n-t%E1%BA%ADp-%C4%91i-cho-b%C3%A9-A2-i.915815268.45157807302?extraParams=%7B%22display_model_id%22%3A355691641448%2C%22model_selection_logic%22%3A3%7D
"[Quà tặng không bán] Đồ chơi trẻ em bằng nhựa: bộ xúc cát  (10 chi tiết), không dùng pin",176.400₫,5.0,4 đã bán,https://shopee.vn/-Qu%C3%A0-t%E1%BA%B7ng-kh%C3%B4ng-b%C3%A1n-%C4%90%E1%BB%93-ch%C6%A1i-tr%E1%BA%BB-em-b%E1%BA%B1ng-nh%E1%BB%B1a-b%E1%BB%99-x%C3%BAc-c%C3%A1t-(10-chi-ti%E1%BA%BFt)-kh%C3%B4ng-d%C3%B9ng-pin-i.915815268.50760095747?extraParams=%7B%22display_model_id%22%3A169155673969%2C%22model_selection_logic%22%3A3%7D
[Gift A2] Nồi điện đa năng Gaabor EC-20M01A,980.000₫,4.8 Đánh giá shop,,https://shopee.vn/-Gift-A2-N%E1%BB%93i-%C4%91i%E1%BB%87n-%C4%91a-n%C4%83ng-Gaabor-EC-20M01A-i.915815268.52009215484?extraParams=%7B%22display_model_id%22%3A405816025133%2C%22model_selection_logic%22%3A3%7D
[Quà tặng không bán] Đồ chơi trẻ em bằng nhựa: máy đập chuột kèm búa,176.400₫,4.8 Đánh giá shop,,https://shopee.vn/-Qu%C3%A0-t%E1%BA%B7ng-kh%C3%B4ng-b%C3%A1n-%C4%90%E1%BB%93-ch%C6%A1i-tr%E1%BA%BB-em-b%E1%BA%B1ng-nh%E1%BB%B1a-m%C3%A1y-%C4%91%E1%BA%ADp-chu%E1%BB%99t-k%C3%A8m-b%C3%BAa-i.915815268.48607637743?extraParams=%7B%22display_model_id%22%3A420678085744%2C%22model_selection_logic%22%3A3%7D
[Quà tặng không bán] Đồ chơi trẻ em: Bộ ghép nam châm 2 mặt chủ đề nông trại,196.000₫,4.8,50 đã bán,https://shopee.vn/-Qu%C3%A0-t%E1%BA%B7ng-kh%C3%B4ng-b%C3%A1n-%C4%90%E1%BB%93-ch%C6%A1i-tr%E1%BA%BB-em-B%E1%BB%99-gh%C3%A9p-nam-ch%C3%A2m-2-m%E1%BA%B7t-ch%E1%BB%A7-%C4%91%E1%BB%81-n%C3%B4ng-tr%E1%BA%A1i-i.915815268.52358988037?extraParams=%7B%22display_model_id%22%3A435796649332%2C%22model_selection_logic%22%3A3%7D
[Gift A2] Đồ chơi trẻ em: Bộ xếp hình bằng nhựa gồm mảnh ghép và bảng,980.000₫,4.8 Đánh giá shop,,https://shopee.vn/-Gift-A2-%C4%90%E1%BB%93-ch%C6%A1i-tr%E1%BA%BB-em-B%E1%BB%99-x%E1%BA%BFp-h%C3%ACnh-b%E1%BA%B1ng-nh%E1%BB%B1a-g%E1%BB%93m-m%E1%BA%A3nh-gh%C3%A9p-v%C3%A0-b%E1%BA%A3ng-i.915815268.44910115188?extraParams=%7B%22display_model_id%22%3A360887758015%2C%22model_selection_logic%22%3A3%7D
[Gift A2] Đồ chơi trẻ em:Bảng vẽ thông minh,980.000₫,4.8 Đánh giá shop,,https://shopee.vn/-Gift-A2-%C4%90%E1%BB%93-ch%C6%A1i-tr%E1%BA%BB-em-B%E1%BA%A3ng-v%E1%BA%BD-th%C3%B4ng-minh-i.915815268.46009258407?extraParams=%7B%22display_model_id%22%3A395818350193%2C%22model_selection_logic%22%3A3%7D
Combo 2 thùng 24 hộp Sữa bột pha sẵn GrowPLUS+ 180ml: Cao Lớn Vượt Trội +  Colostrum Lactoferrin,1.528.800₫,4.8 Đánh giá shop,,https://shopee.vn/Combo-2-th%C3%B9ng-24-h%E1%BB%99p-S%E1%BB%AFa-b%E1%BB%99t-pha-s%E1%BA%B5n-GrowPLUS-180ml-Cao-L%E1%BB%9Bn-V%C6%B0%E1%BB%A3t-Tr%E1%BB%99i-Colostrum-Lactoferrin-i.915815268.54807796119?extraParams=%7B%22display_model_id%22%3A340692796864%2C%22model_selection_logic%22%3A3%7D
[Quà tặng không bán] Đồ chơi trẻ em bằng nhựa: bộ xúc cát (mẫu 2),196.000₫,4.8 Đánh giá shop,,https://shopee.vn/-Qu%C3%A0-t%E1%BA%B7ng-kh%C3%B4ng-b%C3%A1n-%C4%90%E1%BB%93-ch%C6%A1i-tr%E1%BA%BB-em-b%E1%BA%B1ng-nh%E1%BB%B1a-b%E1%BB%99-x%C3%BAc-c%C3%A1t-(m%E1%BA%ABu-2)-i.915815268.47510802288?extraParams=%7B%22display_model_id%22%3A350942860756%2C%22model_selection_logic%22%3A3%7D
[Livestream Hannah Olala] Combo 4 Thùng 24 hộp SBSP NTF Sweden GrowPLUS+ Sữa Non Immunel 180ml (Bao bì tùy lô hàng),2.787.600₫,1.5,4 đã bán,https://shopee.vn/-Livestream-Hannah-Olala-Combo-4-Th%C3%B9ng-24-h%E1%BB%99p-SBSP-NTF-Sweden-GrowPLUS-S%E1%BB%AFa-Non-Immunel-180ml-(Bao-bi%CC%80-tu%CC%80y-l%C3%B4-ha%CC%80ng)-i.915815268.44358850012?extraParams=%7B%22display_model_id%22%3A305743053558%2C%22model_selection_logic%22%3A3%7D
[Livestream Hannah Olala] Thùng 24 hộp Sữa bột pha sẵn Nutifood Sweden GrowPLUS+ Colostrum Lactoferrin 110ml,544.880₫,4.8,29 đã bán,https://shopee.vn/-Livestream-Hannah-Olala-Th%C3%B9ng-24-h%E1%BB%99p-S%E1%BB%AFa-b%E1%BB%99t-pha-s%E1%BA%B5n-Nutifood-Sweden-GrowPLUS-Colostrum-Lactoferrin-110ml-i.915815268.28038662737?extraParams=%7B%22display_model_id%22%3A265713279653%2C%22model_selection_logic%22%3A3%7D
[Quà tặng không bán] Phao bơi trẻ em PD0326,196.000₫,4.9,92 đã bán,https://shopee.vn/-Qu%C3%A0-t%E1%BA%B7ng-kh%C3%B4ng-b%C3%A1n-Phao-b%C6%A1i-tr%E1%BA%BB-em-PD0326-i.915815268.57359198770?extraParams=%7B%22display_model_id%22%3A325815563896%2C%22model_selection_logic%22%3A3%7D
Gift-Bể bơi 3 tầng cho bé,980.000₫,4.8 Đánh giá shop,,https://shopee.vn/Gift-B%E1%BB%83-b%C6%A1i-3-t%E1%BA%A7ng-cho-b%C3%A9-i.915815268.45859907065?extraParams=%7B%22display_model_id%22%3A307588914793%2C%22model_selection_logic%22%3A3%7D
[Gift A2]  Bộ dụng cụ cắt móng Elmich,294.000₫,4.6,90 đã bán,https://shopee.vn/-Gift-A2-B%E1%BB%99-d%E1%BB%A5ng-c%E1%BB%A5-c%C4%83%CC%81t-m%C3%B3ng-Elmich-i.915815268.45156383440?extraParams=%7B%22display_model_id%22%3A400575173376%2C%22model_selection_logic%22%3A3%7D
[Quà tặng không bán] máy xúc cát 733A -437,176.400₫,5.0,134 đã bán,https://shopee.vn/-Qu%C3%A0-t%E1%BA%B7ng-kh%C3%B4ng-b%C3%A1n-m%C3%A1y-x%C3%BAc-c%C3%A1t-733A-437-i.915815268.43331253094?extraParams=%7B%22display_model_id%22%3A425982361626%2C%22model_selection_logic%22%3A3%7D
Gift-Quạt pin sạc điện,980.000₫,4.8,39 đã bán,https://shopee.vn/Gift-Qu%E1%BA%A1t-pin-s%E1%BA%A1c-%C4%91i%E1%BB%87n-i.915815268.52959887140?extraParams=%7B%22display_model_id%22%3A297588922325%2C%22model_selection_logic%22%3A3%7D
[Quà tặng không bán] Đồ chơi trẻ em bằng nhựa+vải: bộ đấm bốc,245.000₫,4.8 Đánh giá shop,,https://shopee.vn/-Qu%C3%A0-t%E1%BA%B7ng-kh%C3%B4ng-b%C3%A1n-%C4%90%E1%BB%93-ch%C6%A1i-tr%E1%BA%BB-em-b%E1%BA%B1ng-nh%E1%BB%B1a-v%E1%BA%A3i-b%E1%BB%99-%C4%91%E1%BA%A5m-b%E1%BB%91c-i.915815268.53558172606?extraParams=%7B%22display_model_id%22%3A400726640199%2C%22model_selection_logic%22%3A3%7D
[Quà tặng không bán] Đồ chơi trẻ em bằng nhựa: bộ xúc cát (10 chi tiết),176.400₫,4.7,63 đã bán,https://shopee.vn/-Qu%C3%A0-t%E1%BA%B7ng-kh%C3%B4ng-b%C3%A1n-%C4%90%E1%BB%93-ch%C6%A1i-tr%E1%BA%BB-em-b%E1%BA%B1ng-nh%E1%BB%B1a-b%E1%BB%99-x%C3%BAc-c%C3%A1t-(10-chi-ti%E1%BA%BFt)-i.915815268.53059208015?extraParams=%7B%22display_model_id%22%3A440815568496%2C%22model_selection_logic%22%3A3%7D
Combo 3 Sữa bột Nutifood Sweden GrowPLUS+ Colostrum Lactoferrin 0+ 800g,2.469.000₫,4.8 Đánh giá shop,,https://shopee.vn/Combo-3-S%E1%BB%AFa-b%E1%BB%99t-Nutifood-Sweden-GrowPLUS-Colostrum-Lactoferrin-0-800g-i.915815268.44400027768?extraParams=%7B%22display_model_id%22%3A29605874745%2C%22model_selection_logic%22%3A3%7D
[Quà tặng không bán] Đồ chơi trẻ em bằng nhựa: trò chơi đập chuột,176.400₫,4.8 Đánh giá shop,,https://shopee.vn/-Qu%C3%A0-t%E1%BA%B7ng-kh%C3%B4ng-b%C3%A1n-%C4%90%E1%BB%93-ch%C6%A1i-tr%E1%BA%BB-em-b%E1%BA%B1ng-nh%E1%BB%B1a-tr%C3%B2-ch%C6%A1i-%C4%91%E1%BA%ADp-chu%E1%BB%99t-i.915815268.53058988122?extraParams=%7B%22display_model_id%22%3A395796651672%2C%22model_selection_logic%22%3A3%7D
[Quà tặng không bán] Đồ chơi trẻ em bằng nhựa: bộ chơi bóng bowling,176.400₫,4.9,1k+ đã bán,https://shopee.vn/-Qu%C3%A0-t%E1%BA%B7ng-kh%C3%B4ng-b%C3%A1n-%C4%90%E1%BB%93-ch%C6%A1i-tr%E1%BA%BB-em-b%E1%BA%B1ng-nh%E1%BB%B1a-b%E1%BB%99-ch%C6%A1i-b%C3%B3ng-bowling-i.915815268.51957608945?extraParams=%7B%22display_model_id%22%3A335678027154%2C%22model_selection_logic%22%3A3%7D
[Livestream Hannah Olala] Sữa Bột Nutifood Sweden GrowPLUS+ Sữa Non Immunel từ 1 - 2 tuổi lon 800 g (Bao bì tuỳ lô hàng),864.500₫,4.8 Đánh giá shop,,https://shopee.vn/-Livestream-Hannah-Olala-S%E1%BB%AFa-B%E1%BB%99t-Nutifood-Sweden-GrowPLUS-S%E1%BB%AFa-Non-Immunel-t%E1%BB%AB-1-2-tu%E1%BB%95i-lon-800-g-(Bao-b%C3%AC-tu%E1%BB%B3-l%C3%B4-h%C3%A0ng)-i.915815268.40158976161?extraParams=%7B%22display_model_id%22%3A270751570608%2C%22model_selection_logic%22%3A3%7D
[Quà tặng không bán] Đồ chơi trẻ em bằng nhựa: bộ tính tiền siêu thị,245.000₫,4.4,38 đã bán,https://shopee.vn/-Qu%C3%A0-t%E1%BA%B7ng-kh%C3%B4ng-b%C3%A1n-%C4%90%E1%BB%93-ch%C6%A1i-tr%E1%BA%BB-em-b%E1%BA%B1ng-nh%E1%BB%B1a-b%E1%BB%99-t%C3%ADnh-ti%E1%BB%81n-si%C3%AAu-th%E1%BB%8B-i.915815268.49758888001?extraParams=%7B%22display_model_id%22%3A335786688900%2C%22model_selection_logic%22%3A3%7D
Combo 3 Thùng 48 hộp Sữa Bột Pha Sẵn Nutifood GrowPLUS+ Biếng Ăn (Xanh) 110ml - Trên 2 tuổi - Tăng Cân Khỏe Mạnh,1.728.000₫,4.8 Đánh giá shop,,https://shopee.vn/Combo-3-Th%C3%B9ng-48-h%E1%BB%99p-S%E1%BB%AFa-B%E1%BB%99t-Pha-S%E1%BA%B5n-Nutifood-GrowPLUS-Bi%E1%BA%BFng-%C4%82n-(Xanh)-110ml-Tr%C3%AAn-2-tu%E1%BB%95i-T%C4%83ng-C%C3%A2n-Kh%E1%BB%8Fe-M%E1%BA%A1nh-i.915815268.40521518560?extraParams=%7B%22display_model_id%22%3A296755046793%2C%22model_selection_logic%22%3A3%7D
[Quà tặng không bán] Đồ chơi trẻ em bằng nhựa: bộ xúc cát (mẫu 4),176.400₫,4.8 Đánh giá shop,,https://shopee.vn/-Qu%C3%A0-t%E1%BA%B7ng-kh%C3%B4ng-b%C3%A1n-%C4%90%E1%BB%93-ch%C6%A1i-tr%E1%BA%BB-em-b%E1%BA%B1ng-nh%E1%BB%B1a-b%E1%BB%99-x%C3%BAc-c%C3%A1t-(m%E1%BA%ABu-4)-i.915815268.55310790858?extraParams=%7B%22display_model_id%22%3A435942854739%2C%22model_selection_logic%22%3A3%7D
[Livestream KOL] Combo 4 Thùng 24 hộp Sữa bột pha sẵn Nutifood GrowPLUS+ Vị Dâu Sữa hộp 180ml - Trên 1 tuổi,3.018.400₫,4.8 Đánh giá shop,,https://shopee.vn/-Livestream-KOL-Combo-4-Th%C3%B9ng-24-h%E1%BB%99p-S%E1%BB%AFa-b%E1%BB%99t-pha-s%E1%BA%B5n-Nutifood-GrowPLUS-V%E1%BB%8B-D%C3%A2u-S%E1%BB%AFa-h%E1%BB%99p-180ml-Tr%C3%AAn-1-tu%E1%BB%95i-i.915815268.41258585432?extraParams=%7B%22display_model_id%22%3A196161632379%2C%22model_selection_logic%22%3A3%7D
Combo 2 Thùng 24 hộp Sữa bột pha sẵn Nutifood Sweden GrowPLUS+ Colostrum Lactoferrin 110ml,1.089.760₫,4.8 Đánh giá shop,,https://shopee.vn/Combo-2-Th%C3%B9ng-24-h%E1%BB%99p-S%E1%BB%AFa-b%E1%BB%99t-pha-s%E1%BA%B5n-Nutifood-Sweden-GrowPLUS-Colostrum-Lactoferrin-110ml-i.915815268.57157796012?extraParams=%7B%22display_model_id%22%3A340692736044%2C%22model_selection_logic%22%3A3%7D
[Livestream Hannah Olala] Combo 4 Thùng 24 hộp Sữa bột pha sẵn Nutifood Sweden GrowPLUS+ Colostrum Lactoferrin 180ml,3.282.020₫,4.8 Đánh giá shop,,https://shopee.vn/-Livestream-Hannah-Olala-Combo-4-Th%C3%B9ng-24-h%E1%BB%99p-S%E1%BB%AFa-b%E1%BB%99t-pha-s%E1%BA%B5n-Nutifood-Sweden-GrowPLUS-Colostrum-Lactoferrin-180ml-i.915815268.29538771372?extraParams=%7B%22display_model_id%22%3A260743678763%2C%22model_selection_logic%22%3A3%7D
[Livestream BeyondK] Sữa Bột Nutifood Sweden GrowPLUS+ Sữa Non Immunel từ 1 - 2 tuổi lon 800 g (Bao bì tuỳ lô hàng),865.410₫,4.8,94 đã bán,https://shopee.vn/-Livestream-BeyondK-S%E1%BB%AFa-B%E1%BB%99t-Nutifood-Sweden-GrowPLUS-S%E1%BB%AFa-Non-Immunel-t%E1%BB%AB-1-2-tu%E1%BB%95i-lon-800-g-(Bao-b%C3%AC-tu%E1%BB%B3-l%C3%B4-h%C3%A0ng)-i.915815268.25546603306?extraParams=%7B%22display_model_id%22%3A281248877760%2C%22model_selection_logic%22%3A3%7D
[Gift]Đồ chơi trẻ em bằng nhựa: đàn piano,176.400₫,4.8 Đánh giá shop,,https://shopee.vn/-Gift-%C4%90%E1%BB%93-ch%C6%A1i-tr%E1%BA%BB-em-b%E1%BA%B1ng-nh%E1%BB%B1a-%C4%91%C3%A0n-piano-i.915815268.55503864890?extraParams=%7B%22display_model_id%22%3A395368519154%2C%22model_selection_logic%22%3A3%7D
[Quà tặng không bán] Xe chở cát 733A-451,176.400₫,5.0,57 đã bán,https://shopee.vn/-Qu%C3%A0-t%E1%BA%B7ng-kh%C3%B4ng-b%C3%A1n-Xe-ch%E1%BB%9F-c%C3%A1t-733A-451-i.915815268.57410293637?extraParams=%7B%22display_model_id%22%3A302607733458%2C%22model_selection_logic%22%3A3%7D
Gift-Balo phun nước cung hoàng đạo A2,980.000₫,4.6,497 đã bán,https://shopee.vn/Gift-Balo-phun-n%C6%B0%E1%BB%9Bc-cung-ho%C3%A0ng-%C4%91%E1%BA%A1o-A2-i.915815268.54957652087?extraParams=%7B%22display_model_id%22%3A395680899482%2C%22model_selection_logic%22%3A3%7D
Combo 3 Sữa bột Nutifood Sweden GrowPLUS+ Colostrum Lactoferrin 0+ 400g,1.308.300₫,4.8 Đánh giá shop,,https://shopee.vn/Combo-3-S%E1%BB%AFa-b%E1%BB%99t-Nutifood-Sweden-GrowPLUS-Colostrum-Lactoferrin-0-400g-i.915815268.57357805043?extraParams=%7B%22display_model_id%22%3A390692701903%2C%22model_selection_logic%22%3A3%7D
[SVIP] Combo 2 Thùng 24 hộp Sữa bột pha sẵn Nutifood Sweden GrowPLUS+ Colostrum Lactoferrin 110ml,1.246.560₫,4.8 Đánh giá shop,,https://shopee.vn/-SVIP-Combo-2-Th%C3%B9ng-24-h%E1%BB%99p-S%E1%BB%AFa-b%E1%BB%99t-pha-s%E1%BA%B5n-Nutifood-Sweden-GrowPLUS-Colostrum-Lactoferrin-110ml-i.915815268.42175282427?extraParams=%7B%22display_model_id%22%3A249052687946%2C%22model_selection_logic%22%3A3%7D
[Gift]Đồ chơi trẻ em bằng nhựa: bắn bong bóng,343.000₫,5.0,30 đã bán,https://shopee.vn/-Gift-%C4%90%E1%BB%93-ch%C6%A1i-tr%E1%BA%BB-em-b%E1%BA%B1ng-nh%E1%BB%B1a-b%E1%BA%AFn-bong-b%C3%B3ng-i.915815268.45554533846?extraParams=%7B%22display_model_id%22%3A307327645165%2C%22model_selection_logic%22%3A3%7D
[Livestream BeyondK] Combo 2 Thùng 24 hộp SBPS Nutifood Sweden GrowPLUS+ Sữa Non Immunel hộp 180 ml (Bao bì tuỳ lô hàng),1.393.800₫,5.0,7 đã bán,https://shopee.vn/-Livestream-BeyondK-Combo-2-Th%C3%B9ng-24-h%E1%BB%99p-SBPS-Nutifood-Sweden-GrowPLUS-S%E1%BB%AFa-Non-Immunel-h%E1%BB%99p-180-ml-(Bao-b%C3%AC-tu%E1%BB%B3-l%C3%B4-h%C3%A0ng)-i.915815268.44215105050?extraParams=%7B%22display_model_id%22%3A253796570931%2C%22model_selection_logic%22%3A3%7D
[Gift]Đồ chơi trẻ em bằng nhựa: đàn piano model: S680-144,294.000₫,5.0,48 đã bán,https://shopee.vn/-Gift-%C4%90%E1%BB%93-ch%C6%A1i-tr%E1%BA%BB-em-b%E1%BA%B1ng-nh%E1%BB%B1a-%C4%91%C3%A0n-piano-model-S680-144-i.915815268.29093696598?extraParams=%7B%22display_model_id%22%3A370207736920%2C%22model_selection_logic%22%3A3%7D
[Quà tặng không bán]Đồ chơi trẻ em bằng nhựa: bộ chơi bóng bowling,196.000₫,4.9,98 đã bán,https://shopee.vn/-Qu%C3%A0-t%E1%BA%B7ng-kh%C3%B4ng-b%C3%A1n-%C4%90%E1%BB%93-ch%C6%A1i-tr%E1%BA%BB-em-b%E1%BA%B1ng-nh%E1%BB%B1a-b%E1%BB%99-ch%C6%A1i-b%C3%B3ng-bowling-i.915815268.45105409351?extraParams=%7B%22display_model_id%22%3A315492522872%2C%22model_selection_logic%22%3A3%7D
[Quà tặng không bán] Đồ chơi trẻ em bằng nhựa: bộ xúc xắc,196.000₫,4.8 Đánh giá shop,,https://shopee.vn/-Qu%C3%A0-t%E1%BA%B7ng-kh%C3%B4ng-b%C3%A1n-%C4%90%E1%BB%93-ch%C6%A1i-tr%E1%BA%BB-em-b%E1%BA%B1ng-nh%E1%BB%B1a-b%E1%BB%99-x%C3%BAc-x%E1%BA%AFc-i.915815268.57255387700?extraParams=%7B%22display_model_id%22%3A435491293550%2C%22model_selection_logic%22%3A3%7D
[Quà tặng không bán] Phao bơi cho bé,196.000₫,4.9,125 đã bán,https://shopee.vn/-Qu%C3%A0-t%E1%BA%B7ng-kh%C3%B4ng-b%C3%A1n-Phao-b%C6%A1i-cho-b%C3%A9-i.915815268.49010798361?extraParams=%7B%22display_model_id%22%3A440942854955%2C%22model_selection_logic%22%3A3%7D
Combo 3 Sữa bột Nutifood Sweden GrowPLUS+ Colostrum Lactoferrin 0+ 800g,2.419.620₫,4.8 Đánh giá shop,,https://shopee.vn/Combo-3-S%E1%BB%AFa-b%E1%BB%99t-Nutifood-Sweden-GrowPLUS-Colostrum-Lactoferrin-0-800g-i.915815268.50057800739?extraParams=%7B%22display_model_id%22%3A345692707957%2C%22model_selection_logic%22%3A3%7D
[Quà tặng không bán] Labubu ăn bi M6605,343.000₫,5.0,25 đã bán,https://shopee.vn/-Qu%C3%A0-t%E1%BA%B7ng-kh%C3%B4ng-b%C3%A1n-Labubu-%C4%83n-bi-M6605-i.915815268.55011278403?extraParams=%7B%22display_model_id%22%3A277652953526%2C%22model_selection_logic%22%3A3%7D
Combo 3 Sữa non GrowPLUS+ (vàng) trên 2 tuổi Singapore tăng cường hệ miễn dịch và hấp thu chất dinh dưỡng (3lon x Lon 80,1.777.440₫,4.8,130 đã bán,https://shopee.vn/Combo-3-S%E1%BB%AFa-non-GrowPLUS-(v%C3%A0ng)-tr%C3%AAn-2-tu%E1%BB%95i-Singapore-t%C4%83ng-c%C6%B0%E1%BB%9Dng-h%E1%BB%87-mi%E1%BB%85n-d%E1%BB%8Bch-v%C3%A0-h%E1%BA%A5p-thu-ch%E1%BA%A5t-dinh-d%C6%B0%E1%BB%A1ng-(3lon-x-Lon-80-i.915815268.24483561716?extraParams=%7B%22display_model_id%22%3A88961202257%2C%22model_selection_logic%22%3A3%7D
Combo 3 Thùng 24 hộp Sữa bột pha sẵn Nutifood Sweden GrowPLUS+ Colostrum Lactoferrin 180ml,2.457.840₫,4.8 Đánh giá shop,,https://shopee.vn/Combo-3-Th%C3%B9ng-24-h%E1%BB%99p-S%E1%BB%AFa-b%E1%BB%99t-pha-s%E1%BA%B5n-Nutifood-Sweden-GrowPLUS-Colostrum-Lactoferrin-180ml-i.915815268.55157805217?extraParams=%7B%22display_model_id%22%3A335692744008%2C%22model_selection_logic%22%3A3%7D
"[Quà tặng không bán]Đồ chơi trẻ em bằng nhựa: bộ bác sĩ, không dùng pin",392.000₫,4.8 Đánh giá shop,,https://shopee.vn/-Qu%C3%A0-t%E1%BA%B7ng-kh%C3%B4ng-b%C3%A1n-%C4%90%E1%BB%93-ch%C6%A1i-tr%E1%BA%BB-em-b%E1%BA%B1ng-nh%E1%BB%B1a-b%E1%BB%99-b%C3%A1c-s%C4%A9-kh%C3%B4ng-d%C3%B9ng-pin-i.915815268.40129377308?extraParams=%7B%22display_model_id%22%3A425662330452%2C%22model_selection_logic%22%3A3%7D
[Livestream KOL] Combo 4 Thùng 24 hộp SBPS Nutifood Sweden GrowPLUS+ Sữa Non Immunel hộp 110 ml (Bao bì tuỳ lô hàng),1.838.610₫,4.8 Đánh giá shop,,https://shopee.vn/-Livestream-KOL-Combo-4-Th%C3%B9ng-24-h%E1%BB%99p-SBPS-Nutifood-Sweden-GrowPLUS-S%E1%BB%AFa-Non-Immunel-h%E1%BB%99p-110-ml-(Bao-b%C3%AC-tu%E1%BB%B3-l%C3%B4-h%C3%A0ng)-i.915815268.44208573215?extraParams=%7B%22display_model_id%22%3A295722215612%2C%22model_selection_logic%22%3A3%7D
"[Quà tặng không bán] Đồ chơi trẻ em: Xe trượt scooter cho bé, Chất liệu: khung bằng sắt + nhựa có 03 bánh xe, model 616",588.000₫,4.8 Đánh giá shop,,https://shopee.vn/-Qu%C3%A0-t%E1%BA%B7ng-kh%C3%B4ng-b%C3%A1n-%C4%90%E1%BB%93-ch%C6%A1i-tr%E1%BA%BB-em-Xe-tr%C6%B0%E1%BB%A3t-scooter-cho-b%C3%A9-Ch%E1%BA%A5t-li%E1%BB%87u-khung-b%E1%BA%B1ng-s%E1%BA%AFt-nh%E1%BB%B1a-c%C3%B3-03-b%C3%A1nh-xe-model-616-i.915815268.47161386067?extraParams=%7B%22display_model_id%22%3A282656371527%2C%22model_selection_logic%22%3A3%7D
[Livestream KOL] Sữa bột Nutifood Sweden GrowPLUS+ Colostrum Lactoferrin 2+ 800g,1.001.560₫,4.7,192 đã bán,https://shopee.vn/-Livestream-KOL-S%E1%BB%AFa-b%E1%BB%99t-Nutifood-Sweden-GrowPLUS-Colostrum-Lactoferrin-2-800g-i.915815268.25895261503?extraParams=%7B%22display_model_id%22%3A208525256147%2C%22model_selection_logic%22%3A3%7D
[Quà tặng không bán] Đồ chơi trẻ em bằng nhựa: xe ô tô chạy đà,245.000₫,5.0,35 đã bán,https://shopee.vn/-Qu%C3%A0-t%E1%BA%B7ng-kh%C3%B4ng-b%C3%A1n-%C4%90%E1%BB%93-ch%C6%A1i-tr%E1%BA%BB-em-b%E1%BA%B1ng-nh%E1%BB%B1a-xe-%C3%B4-t%C3%B4-ch%E1%BA%A1y-%C4%91%C3%A0-i.915815268.56009134777?extraParams=%7B%22display_model_id%22%3A400810311197%2C%22model_selection_logic%22%3A3%7D
[Gift A2] Đồ chơi trẻ em:Bảng vẽ bằng nhựa,980.000₫,5.0,29 đã bán,https://shopee.vn/-Gift-A2-%C4%90%E1%BB%93-ch%C6%A1i-tr%E1%BA%BB-em-B%E1%BA%A3ng-v%E1%BA%BD-b%E1%BA%B1ng-nh%E1%BB%B1a-i.915815268.53059238383?extraParams=%7B%22display_model_id%22%3A340818339915%2C%22model_selection_logic%22%3A3%7D
[Quà tặng không bán]Đồ chơi trẻ em bằng nhựa: bộ xúc xắc,196.000₫,4.8 Đánh giá shop,,https://shopee.vn/-Qu%C3%A0-t%E1%BA%B7ng-kh%C3%B4ng-b%C3%A1n-%C4%90%E1%BB%93-ch%C6%A1i-tr%E1%BA%BB-em-b%E1%BA%B1ng-nh%E1%BB%B1a-b%E1%BB%99-x%C3%BAc-x%E1%BA%AFc-i.915815268.54655400855?extraParams=%7B%22display_model_id%22%3A320491944234%2C%22model_selection_logic%22%3A3%7D
[Quà tặng không bán]Đồ chơi trẻ em bằng nhựa: trò chơi khủng long,245.000₫,5.0,44 đã bán,https://shopee.vn/-Qu%C3%A0-t%E1%BA%B7ng-kh%C3%B4ng-b%C3%A1n-%C4%90%E1%BB%93-ch%C6%A1i-tr%E1%BA%BB-em-b%E1%BA%B1ng-nh%E1%BB%B1a-tr%C3%B2-ch%C6%A1i-kh%E1%BB%A7ng-long-i.915815268.56657450893?extraParams=%7B%22display_model_id%22%3A330662328440%2C%22model_selection_logic%22%3A3%7D
[Quà tặng không bán] Phao bơi trẻ em PD0226,196.000₫,4.8,308 đã bán,https://shopee.vn/-Qu%C3%A0-t%E1%BA%B7ng-kh%C3%B4ng-b%C3%A1n-Phao-b%C6%A1i-tr%E1%BA%BB-em-PD0226-i.915815268.53059208014?extraParams=%7B%22display_model_id%22%3A440815568495%2C%22model_selection_logic%22%3A3%7D
Combo 2 Sữa bột Nutifood Sweden GrowPLUS+ Colostrum Lactoferrin 0+ 800g,1.613.080₫,4.8 Đánh giá shop,,https://shopee.vn/Combo-2-S%E1%BB%AFa-b%E1%BB%99t-Nutifood-Sweden-GrowPLUS-Colostrum-Lactoferrin-0-800g-i.915815268.40829544865?extraParams=%7B%22display_model_id%22%3A415692699291%2C%22model_selection_logic%22%3A3%7D
[Quà tặng không bán] Đồ chơi trẻ em bằng nhựa: bộ xúc cát (8 chi tiết),176.400₫,4.8,74 đã bán,https://shopee.vn/-Qu%C3%A0-t%E1%BA%B7ng-kh%C3%B4ng-b%C3%A1n-%C4%90%E1%BB%93-ch%C6%A1i-tr%E1%BA%BB-em-b%E1%BA%B1ng-nh%E1%BB%B1a-b%E1%BB%99-x%C3%BAc-c%C3%A1t-(8-chi-ti%E1%BA%BFt)-i.915815268.57359198806?extraParams=%7B%22display_model_id%22%3A335815559267%2C%22model_selection_logic%22%3A3%7D
Combo 2 Sữa bột Nutifood Sweden GrowPLUS+ Colostrum Lactoferrin 0+ 400g,872.200₫,4.8 Đánh giá shop,,https://shopee.vn/Combo-2-S%E1%BB%AFa-b%E1%BB%99t-Nutifood-Sweden-GrowPLUS-Colostrum-Lactoferrin-0-400g-i.915815268.48207825135?extraParams=%7B%22display_model_id%22%3A430692687913%2C%22model_selection_logic%22%3A3%7D
"[Quà tặng không bán]Đồ chơi trẻ em: Đồ chơi bóng rổ, bằng nhựa",294.000₫,5.0,28 đã bán,https://shopee.vn/-Qu%C3%A0-t%E1%BA%B7ng-kh%C3%B4ng-b%C3%A1n-%C4%90%E1%BB%93-ch%C6%A1i-tr%E1%BA%BB-em-%C4%90%E1%BB%93-ch%C6%A1i-b%C3%B3ng-r%E1%BB%95-b%E1%BA%B1ng-nh%E1%BB%B1a-i.915815268.50607021360?extraParams=%7B%22display_model_id%22%3A370626451393%2C%22model_selection_logic%22%3A3%7D
[Quà tặng không bán]Đồ chơi trẻ em bằng nhựa: Máy đọc thẻ,196.000₫,4.8 Đánh giá shop,,https://shopee.vn/-Qu%C3%A0-t%E1%BA%B7ng-kh%C3%B4ng-b%C3%A1n-%C4%90%E1%BB%93-ch%C6%A1i-tr%E1%BA%BB-em-b%E1%BA%B1ng-nh%E1%BB%B1a-M%C3%A1y-%C4%91%E1%BB%8Dc-th%E1%BA%BB-i.915815268.44028377098?extraParams=%7B%22display_model_id%22%3A310492572384%2C%22model_selection_logic%22%3A3%7D
[Quà tặng không bán] ĐIỆN THOẠI MÃ 3LC6614T,196.000₫,4.8 Đánh giá shop,,https://shopee.vn/-Qu%C3%A0-t%E1%BA%B7ng-kh%C3%B4ng-b%C3%A1n-%C4%90I%E1%BB%86N-THO%E1%BA%A0I-M%C3%83-3LC6614T-i.915815268.50310293220?extraParams=%7B%22display_model_id%22%3A430904667141%2C%22model_selection_logic%22%3A3%7D
[Quà tặng không bán] Đồ chơi trẻ em bằng nhựa: đàn piano dùng pin,176.400₫,4.8 Đánh giá shop,,https://shopee.vn/-Qu%C3%A0-t%E1%BA%B7ng-kh%C3%B4ng-b%C3%A1n-%C4%90%E1%BB%93-ch%C6%A1i-tr%E1%BA%BB-em-b%E1%BA%B1ng-nh%E1%BB%B1a-%C4%91%C3%A0n-piano-d%C3%B9ng-pin-i.915815268.46255412919?extraParams=%7B%22display_model_id%22%3A445492352699%2C%22model_selection_logic%22%3A3%7D
[Quà tặng không bán] Đồ chơi trẻ em bằng nhựa: trò chơi đập chuột kèm búa,176.400₫,4.8 Đánh giá shop,,https://shopee.vn/-Qu%C3%A0-t%E1%BA%B7ng-kh%C3%B4ng-b%C3%A1n-%C4%90%E1%BB%93-ch%C6%A1i-tr%E1%BA%BB-em-b%E1%BA%B1ng-nh%E1%BB%B1a-tr%C3%B2-ch%C6%A1i-%C4%91%E1%BA%ADp-chu%E1%BB%99t-k%C3%A8m-b%C3%BAa-i.915815268.52908181528?extraParams=%7B%22display_model_id%22%3A267504500066%2C%22model_selection_logic%22%3A3%7D
[Livestream Hannah Olala] Combo 4 Thùng 24 hộp Sữa bột pha sẵn Nutifood Sweden GrowPLUS+ Colostrum Lactoferrin 110ml,1.662.080₫,4.8 Đánh giá shop,,https://shopee.vn/-Livestream-Hannah-Olala-Combo-4-Th%C3%B9ng-24-h%E1%BB%99p-S%E1%BB%AFa-b%E1%BB%99t-pha-s%E1%BA%B5n-Nutifood-Sweden-GrowPLUS-Colostrum-Lactoferrin-110ml-i.915815268.42508838785?extraParams=%7B%22display_model_id%22%3A258634994765%2C%22model_selection_logic%22%3A3%7D
Combo 2 Sữa bột Nutifood Sweden GrowPLUS+ Colostrum Lactoferrin 1+ 800g,2.003.120₫,4.8 Đánh giá shop,,https://shopee.vn/Combo-2-S%E1%BB%AFa-b%E1%BB%99t-Nutifood-Sweden-GrowPLUS-Colostrum-Lactoferrin-1-800g-i.915815268.56457791610?extraParams=%7B%22display_model_id%22%3A385692712934%2C%22model_selection_logic%22%3A3%7D
[Livestream Hannah Olala] Combo 2 Thùng 24 hộp Sữa bột pha sẵn Nutifood Sweden GrowPLUS+ Colostrum Lactoferrin 110ml,1.083.880₫,4.8,19 đã bán,https://shopee.vn/-Livestream-Hannah-Olala-Combo-2-Th%C3%B9ng-24-h%E1%BB%99p-S%E1%BB%AFa-b%E1%BB%99t-pha-s%E1%BA%B5n-Nutifood-Sweden-GrowPLUS-Colostrum-Lactoferrin-110ml-i.915815268.40458449489?extraParams=%7B%22display_model_id%22%3A275712670573%2C%22model_selection_logic%22%3A3%7D
[Quà tặng không bán] Đồ chơi trẻ em bằng nhựa: trò chơi đập chuột kèm búa,176.400₫,4.8 Đánh giá shop,,https://shopee.vn/-Qu%C3%A0-t%E1%BA%B7ng-kh%C3%B4ng-b%C3%A1n-%C4%90%E1%BB%93-ch%C6%A1i-tr%E1%BA%BB-em-b%E1%BA%B1ng-nh%E1%BB%B1a-tr%C3%B2-ch%C6%A1i-%C4%91%E1%BA%ADp-chu%E1%BB%99t-k%C3%A8m-b%C3%BAa-i.915815268.54958868150?extraParams=%7B%22display_model_id%22%3A350786761220%2C%22model_selection_logic%22%3A3%7D
[Quà tặng không bán]Đồ chơi trẻ em bằng nhựa: bộ kem và trái cây,176.400₫,4.8 Đánh giá shop,,https://shopee.vn/-Qu%C3%A0-t%E1%BA%B7ng-kh%C3%B4ng-b%C3%A1n-%C4%90%E1%BB%93-ch%C6%A1i-tr%E1%BA%BB-em-b%E1%BA%B1ng-nh%E1%BB%B1a-b%E1%BB%99-kem-v%C3%A0-tr%C3%A1i-c%C3%A2y-i.915815268.53505389439?extraParams=%7B%22display_model_id%22%3A370491954092%2C%22model_selection_logic%22%3A3%7D
[Gift]Đồ chơi trẻ em bằng nhựa: bộ máy bắn bóng,343.000₫,4.9,42 đã bán,https://shopee.vn/-Gift-%C4%90%E1%BB%93-ch%C6%A1i-tr%E1%BA%BB-em-b%E1%BA%B1ng-nh%E1%BB%B1a-b%E1%BB%99-m%C3%A1y-b%E1%BA%AFn-b%C3%B3ng-i.915815268.49803190814?extraParams=%7B%22display_model_id%22%3A350305078479%2C%22model_selection_logic%22%3A3%7D
[Quà tặng không bán] Phao Bơi,196.000₫,4.8 Đánh giá shop,,https://shopee.vn/-Qu%C3%A0-t%E1%BA%B7ng-kh%C3%B4ng-b%C3%A1n-Phao-B%C6%A1i-i.915815268.44810304972?extraParams=%7B%22display_model_id%22%3A262607930070%2C%22model_selection_logic%22%3A3%7D
[Livestream BeyondK] Sữa Bột Nutifood GrowPLUS+ Sữa Non Tăng Đề Kháng 800g - Trên 1 Tuổi,881.020₫,4.4,30 đã bán,https://shopee.vn/-Livestream-BeyondK-S%E1%BB%AFa-B%E1%BB%99t-Nutifood-GrowPLUS-S%E1%BB%AFa-Non-T%C4%83ng-%C4%90%E1%BB%81-Kh%C3%A1ng-800g-Tr%C3%AAn-1-Tu%E1%BB%95i-i.915815268.27790459660?extraParams=%7B%22display_model_id%22%3A253796563154%2C%22model_selection_logic%22%3A3%7D
[Gift] Combo 12 Lốc 4 hộp GrowPLUS+ Váng sữa công thức Cao lớn vượt trội Vani,1.705.200₫,5.0,30 đã bán,https://shopee.vn/-Gift-Combo-12-L%E1%BB%91c-4-h%E1%BB%99p-GrowPLUS-V%C3%A1ng-s%E1%BB%AFa-c%C3%B4ng-th%E1%BB%A9c-Cao-l%E1%BB%9Bn-v%C6%B0%E1%BB%A3t-tr%E1%BB%99i-Vani-i.915815268.47307630926?extraParams=%7B%22display_model_id%22%3A370677023924%2C%22model_selection_logic%22%3A3%7D
Combo 2 Thùng 24 hộp SBPS GrowPLUS+ Cao lớn vượt trội 180ml + 2 Thùng 24 hộp SBPS GrowPLUS+  Colostrum Lactoferrin 180ml,3.057.600₫,4.8 Đánh giá shop,,https://shopee.vn/Combo-2-Th%C3%B9ng-24-h%E1%BB%99p-SBPS-GrowPLUS-Cao-l%E1%BB%9Bn-v%C6%B0%E1%BB%A3t-tr%E1%BB%99i-180ml-2-Th%C3%B9ng-24-h%E1%BB%99p-SBPS-GrowPLUS-Colostrum-Lactoferrin-180ml-i.915815268.45457811905?extraParams=%7B%22display_model_id%22%3A325692805506%2C%22model_selection_logic%22%3A3%7D
Gift-Xe chòi chân cún cho bé A2,980.000₫,4.4,134 đã bán,https://shopee.vn/Gift-Xe-ch%C3%B2i-ch%C3%A2n-c%C3%BAn-cho-b%C3%A9-A2-i.915815268.46507793766?extraParams=%7B%22display_model_id%22%3A405691640253%2C%22model_selection_logic%22%3A3%7D
Gift-Xe trượt scooter cho bé A2,980.000₫,4.6,22 đã bán,https://shopee.vn/Gift-Xe-tr%C6%B0%E1%BB%A3t-scooter-cho-b%C3%A9-A2-i.915815268.42079547391?extraParams=%7B%22display_model_id%22%3A335691635740%2C%22model_selection_logic%22%3A3%7D
[Quà tặng không bán] - Máy xay SH,980.000₫,4.8 Đánh giá shop,,https://shopee.vn/-Qu%C3%A0-t%E1%BA%B7ng-kh%C3%B4ng-b%C3%A1n-M%C3%A1y-xay-SH-i.915815268.54607303194?extraParams=%7B%22display_model_id%22%3A292460296127%2C%22model_selection_logic%22%3A3%7D
Combo 5 Sữa bột Nutifood Sweden GrowPLUS+ Colostrum Lactoferrin 0+ 400g,2.180.500₫,4.8 Đánh giá shop,,https://shopee.vn/Combo-5-S%E1%BB%AFa-b%E1%BB%99t-Nutifood-Sweden-GrowPLUS-Colostrum-Lactoferrin-0-400g-i.915815268.50107805297?extraParams=%7B%22display_model_id%22%3A315693341507%2C%22model_selection_logic%22%3A3%7D
"[Livestream BeyondK] Sữa Bột Nutifood GrowPLUS+ Biếng Ăn (Xanh) 2+ - Tăng Cân Khỏe Mạnh (Lon 1,65 Kg)",716.400₫,5.0,57 đã bán,https://shopee.vn/-Livestream-BeyondK-S%E1%BB%AFa-B%E1%BB%99t-Nutifood-GrowPLUS-Bi%E1%BA%BFng-%C4%82n-(Xanh)-2-T%C4%83ng-C%C3%A2n-Kh%E1%BB%8Fe-M%E1%BA%A1nh-(Lon-1-65-Kg)-i.915815268.43115094569?extraParams=%7B%22display_model_id%22%3A266249409462%2C%22model_selection_logic%22%3A3%7D
[Gift]Đồ chơi trẻ em bằng nhựa: bộ xe bán kem,343.000₫,5.0,26 đã bán,https://shopee.vn/-Gift-%C4%90%E1%BB%93-ch%C6%A1i-tr%E1%BA%BB-em-b%E1%BA%B1ng-nh%E1%BB%B1a-b%E1%BB%99-xe-b%C3%A1n-kem-i.915815268.46702148476?extraParams=%7B%22display_model_id%22%3A340207720253%2C%22model_selection_logic%22%3A3%7D
Gift-Bình nước thủy tinh hoa cúc 300ml A2,980.000₫,5.0,166 đã bán,https://shopee.vn/Gift-B%C3%ACnh-n%C6%B0%E1%BB%9Bc-th%E1%BB%A7y-tinh-hoa-c%C3%BAc-300ml-A2-i.915815268.48107683191?extraParams=%7B%22display_model_id%22%3A315681985457%2C%22model_selection_logic%22%3A3%7D
[Gift A2] Bàn là hơi nước cầm tay Sunhouse,980.000₫,5.0,26 đã bán,https://shopee.vn/-Gift-A2-Ba%CC%80n-la%CC%80-h%C6%A1i-n%C6%B0%C6%A1%CC%81c-c%C3%A2%CC%80m-tay-Sunhouse-i.915815268.52759304721?extraParams=%7B%22display_model_id%22%3A272560573430%2C%22model_selection_logic%22%3A3%7D
[Quà tặng không bán]Đồ chơi trẻ em bằng nhựa: con quay thường,245.000₫,4.5,13 đã bán,https://shopee.vn/-Qu%C3%A0-t%E1%BA%B7ng-kh%C3%B4ng-b%C3%A1n-%C4%90%E1%BB%93-ch%C6%A1i-tr%E1%BA%BB-em-b%E1%BA%B1ng-nh%E1%BB%B1a-con-quay-th%C6%B0%E1%BB%9Dng-i.915815268.45555411776?extraParams=%7B%22display_model_id%22%3A405491918901%2C%22model_selection_logic%22%3A3%7D
[Gift] Đồ chơi trẻ em bằng nhựa: Máy đọc thẻ,196.000₫,4.8 Đánh giá shop,,https://shopee.vn/-Gift-%C4%90%E1%BB%93-ch%C6%A1i-tr%E1%BA%BB-em-b%E1%BA%B1ng-nh%E1%BB%B1a-M%C3%A1y-%C4%91%E1%BB%8Dc-th%E1%BA%BB-i.915815268.41028851972?extraParams=%7B%22display_model_id%22%3A307416310067%2C%22model_selection_logic%22%3A3%7D
[Livestream Hannah Olala] Combo 2 Thùng 24 hộp Sữa bột pha sẵn Nutifood Sweden GrowPLUS+ Colostrum Lactoferrin 180ml,1.641.500₫,4.8 Đánh giá shop,,https://shopee.vn/-Livestream-Hannah-Olala-Combo-2-Th%C3%B9ng-24-h%E1%BB%99p-S%E1%BB%AFa-b%E1%BB%99t-pha-s%E1%BA%B5n-Nutifood-Sweden-GrowPLUS-Colostrum-Lactoferrin-180ml-i.915815268.40758456683?extraParams=%7B%22display_model_id%22%3A300712665735%2C%22model_selection_logic%22%3A3%7D
[Gift A2] Ấm siêu tốc Inox 2 lớp 1.8L Sunhouse,980.000₫,5.0,4 đã bán,https://shopee.vn/-Gift-A2-%C3%82%CC%81m-si%C3%AAu-t%C3%B4%CC%81c-Inox-2-l%C6%A1%CC%81p-1.8L-Sunhouse-i.915815268.57859657099?extraParams=%7B%22display_model_id%22%3A310854407456%2C%22model_selection_logic%22%3A3%7D
[Gift A2]  Cốc nhựa 650ml Chiba Flex,196.000₫,5.0,179 đã bán,https://shopee.vn/-Gift-A2-C%E1%BB%91c-nh%E1%BB%B1a-650ml-Chiba-Flex-i.915815268.53305701238?extraParams=%7B%22display_model_id%22%3A415515480840%2C%22model_selection_logic%22%3A3%7D
Combo 5 Sữa bột Nutifood Sweden GrowPLUS+ Colostrum Lactoferrin 0+ 400g,2.225.000₫,4.8 Đánh giá shop,,https://shopee.vn/Combo-5-S%E1%BB%AFa-b%E1%BB%99t-Nutifood-Sweden-GrowPLUS-Colostrum-Lactoferrin-0-400g-i.915815268.44350049951?extraParams=%7B%22display_model_id%22%3A248398839870%2C%22model_selection_logic%22%3A3%7D
[Livestream Lucie] Combo 3 Sữa Bột Nutifood Sweden GrowPLUS+ Cao lớn vượt trội từ 1 - 2 tuổi (Bạc) 800g,2.374.190₫,5.0,56 đã bán,https://shopee.vn/-Livestream-Lucie-Combo-3-S%E1%BB%AFa-B%E1%BB%99t-Nutifood-Sweden-GrowPLUS-Cao-l%E1%BB%9Bn-v%C6%B0%E1%BB%A3t-tr%E1%BB%99i-t%E1%BB%AB-1-2-tu%E1%BB%95i-(B%E1%BA%A1c)-800g-i.915815268.42069161128?extraParams=%7B%22display_model_id%22%3A296571214892%2C%22model_selection_logic%22%3A3%7D
[Quà tặng không bán] Máy vắt cam mã SHD5510,392.000₫,4.8 Đánh giá shop,,https://shopee.vn/-Qu%C3%A0-t%E1%BA%B7ng-kh%C3%B4ng-b%C3%A1n-M%C3%A1y-v%E1%BA%AFt-cam-m%C3%A3-SHD5510-i.915815268.47505410042?extraParams=%7B%22display_model_id%22%3A335491332997%2C%22model_selection_logic%22%3A3%7D
[Gift A2] Đồ chơi trẻ em: Bộ xếp hình khủng long bằng nhựa gồm mảnh ghép và bảng,980.000₫,5.0,37 đã bán,https://shopee.vn/-Gift-A2-%C4%90%E1%BB%93-ch%C6%A1i-tr%E1%BA%BB-em-B%E1%BB%99-x%E1%BA%BFp-h%C3%ACnh-kh%E1%BB%A7ng-long-b%E1%BA%B1ng-nh%E1%BB%B1a-g%E1%BB%93m-m%E1%BA%A3nh-gh%C3%A9p-v%C3%A0-b%E1%BA%A3ng-i.915815268.47909263419?extraParams=%7B%22display_model_id%22%3A302557532403%2C%22model_selection_logic%22%3A3%7D
[Livestream BeyondK] Combo 2 Thùng 24 hộp Sữa bột pha sẵn Nutifood Sweden GrowPLUS+ Colostrum Lactoferrin 180ml,1.641.500₫,4.8 Đánh giá shop,,https://shopee.vn/-Livestream-BeyondK-Combo-2-Th%C3%B9ng-24-h%E1%BB%99p-S%E1%BB%AFa-b%E1%BB%99t-pha-s%E1%BA%B5n-Nutifood-Sweden-GrowPLUS-Colostrum-Lactoferrin-180ml-i.915815268.42465101886?extraParams=%7B%22display_model_id%22%3A216225520525%2C%22model_selection_logic%22%3A3%7D
[Quà tặng không bán]Đồ chơi trẻ em bằng nhựa: bắn bong bóng,294.000₫,4.8 Đánh giá shop,,https://shopee.vn/-Qu%C3%A0-t%E1%BA%B7ng-kh%C3%B4ng-b%C3%A1n-%C4%90%E1%BB%93-ch%C6%A1i-tr%E1%BA%BB-em-b%E1%BA%B1ng-nh%E1%BB%B1a-b%E1%BA%AFn-bong-b%C3%B3ng-i.915815268.47605411869?extraParams=%7B%22display_model_id%22%3A345491989912%2C%22model_selection_logic%22%3A3%7D
[Gift] Combo 12 Lốc 4 hộp GrowPLUS+ Váng sữa công thức Cao lớn vượt trội Immunel,1.705.200₫,5.0,10 đã bán,https://shopee.vn/-Gift-Combo-12-L%E1%BB%91c-4-h%E1%BB%99p-GrowPLUS-V%C3%A1ng-s%E1%BB%AFa-c%C3%B4ng-th%E1%BB%A9c-Cao-l%E1%BB%9Bn-v%C6%B0%E1%BB%A3t-tr%E1%BB%99i-Immunel-i.915815268.45757626431?extraParams=%7B%22display_model_id%22%3A370677056156%2C%22model_selection_logic%22%3A3%7D
Combo 2 Sữa bột Nutifood Sweden GrowPLUS+ Colostrum Lactoferrin 2+ 800g,2.003.120₫,4.8 Đánh giá shop,,https://shopee.vn/Combo-2-S%E1%BB%AFa-b%E1%BB%99t-Nutifood-Sweden-GrowPLUS-Colostrum-Lactoferrin-2-800g-i.915815268.54357795990?extraParams=%7B%22display_model_id%22%3A159346946931%2C%22model_selection_logic%22%3A3%7D
Gift-Balo hình thú cho bé A2,980.000₫,4.5,368 đã bán,https://shopee.vn/Gift-Balo-h%C3%ACnh-th%C3%BA-cho-b%C3%A9-A2-i.915815268.55257642817?extraParams=%7B%22display_model_id%22%3A370680919780%2C%22model_selection_logic%22%3A3%7D
[Livestream KOL] Combo 3 Thùng 24 hộp Sữa bột pha sẵn Nutifood Sweden GrowPLUS+ Vị Dâu Sữa hộp 110ml Trên 1 tuổi,1.481.760₫,4.8 Đánh giá shop,,https://shopee.vn/-Livestream-KOL-Combo-3-Th%C3%B9ng-24-h%E1%BB%99p-S%E1%BB%AFa-b%E1%BB%99t-pha-s%E1%BA%B5n-Nutifood-Sweden-GrowPLUS-V%E1%BB%8B-D%C3%A2u-S%E1%BB%AFa-h%E1%BB%99p-110ml-Tr%C3%AAn-1-tu%E1%BB%95i-i.915815268.43408585008?extraParams=%7B%22display_model_id%22%3A300722211002%2C%22model_selection_logic%22%3A3%7D
[Quà tặng không bán] Đồ chơi trẻ em bằng nhựa: xe đẩy hoa quả,294.000₫,5.0,72 đã bán,https://shopee.vn/-Qu%C3%A0-t%E1%BA%B7ng-kh%C3%B4ng-b%C3%A1n-%C4%90%E1%BB%93-ch%C6%A1i-tr%E1%BA%BB-em-b%E1%BA%B1ng-nh%E1%BB%B1a-xe-%C4%91%E1%BA%A9y-hoa-qu%E1%BA%A3-i.915815268.52008868040?extraParams=%7B%22display_model_id%22%3A390786713392%2C%22model_selection_logic%22%3A3%7D
[Livestream KOL] Combo 4 Thùng 24 hộp SBPS Nutifood Sweden GrowPLUS+ Sữa Non Immunel hộp 180 ml (Bao bì tuỳ lô hàng),2.787.600₫,4.8 Đánh giá shop,,https://shopee.vn/-Livestream-KOL-Combo-4-Th%C3%B9ng-24-h%E1%BB%99p-SBPS-Nutifood-Sweden-GrowPLUS-S%E1%BB%AFa-Non-Immunel-h%E1%BB%99p-180-ml-(Bao-b%C3%AC-tu%E1%BB%B3-l%C3%B4-h%C3%A0ng)-i.915815268.43158573621?extraParams=%7B%22display_model_id%22%3A260722936474%2C%22model_selection_logic%22%3A3%7D
[Gift]Đồ chơi trẻ em bằng nhựa: bộ câu cá,392.000₫,4.8 Đánh giá shop,,https://shopee.vn/-Gift-%C4%90%E1%BB%93-ch%C6%A1i-tr%E1%BA%BB-em-b%E1%BA%B1ng-nh%E1%BB%B1a-b%E1%BB%99-c%C3%A2u-c%C3%A1-i.915815268.56254893233?extraParams=%7B%22display_model_id%22%3A355452378275%2C%22model_selection_logic%22%3A3%7D
[Livestream Hannah Olala] Combo 3 Thùng 24 hộp Sữa bột pha sẵn Nutifood Sweden GrowPLUS+ Vị Dâu hộp 180ml Trên 1 tuổi,2.263.800₫,4.8 Đánh giá shop,,https://shopee.vn/-Livestream-Hannah-Olala-Combo-3-Th%C3%B9ng-24-h%E1%BB%99p-S%E1%BB%AFa-b%E1%BB%99t-pha-s%E1%BA%B5n-Nutifood-Sweden-GrowPLUS-V%E1%BB%8B-D%C3%A2u-h%E1%BB%99p-180ml-Tr%C3%AAn-1-tu%E1%BB%95i-i.915815268.40058869089?extraParams=%7B%22display_model_id%22%3A305743051751%2C%22model_selection_logic%22%3A3%7D
[Livestream Hannah Olala] Combo 3 Thùng 24 hộp Sữa bột pha sẵn Nutifood Sweden GrowPLUS+ Vị Dâu hộp 110ml Trên 1 tuổi,1.481.760₫,4.8 Đánh giá shop,,https://shopee.vn/-Livestream-Hannah-Olala-Combo-3-Th%C3%B9ng-24-h%E1%BB%99p-S%E1%BB%AFa-b%E1%BB%99t-pha-s%E1%BA%B5n-Nutifood-Sweden-GrowPLUS-V%E1%BB%8B-D%C3%A2u-h%E1%BB%99p-110ml-Tr%C3%AAn-1-tu%E1%BB%95i-i.915815268.43308842039?extraParams=%7B%22display_model_id%22%3A290743035426%2C%22model_selection_logic%22%3A3%7D
[Gift A2] Xe lắc chòi chân cho bé,980.000₫,5.0,13 đã bán,https://shopee.vn/-Gift-A2-Xe-l%E1%BA%AFc-ch%C3%B2i-ch%C3%A2n-cho-b%C3%A9-i.915815268.50259954909?extraParams=%7B%22display_model_id%22%3A282592743777%2C%22model_selection_logic%22%3A3%7D
[Gift] Combo 12 Lốc 4 hộp GrowPLUS+ Váng sữa công thức Cao lớn vượt trội Socola,1.705.200₫,5.0,13 đã bán,https://shopee.vn/-Gift-Combo-12-L%E1%BB%91c-4-h%E1%BB%99p-GrowPLUS-V%C3%A1ng-s%E1%BB%AFa-c%C3%B4ng-th%E1%BB%A9c-Cao-l%E1%BB%9Bn-v%C6%B0%E1%BB%A3t-tr%E1%BB%99i-Socola-i.915815268.40379459305?extraParams=%7B%22display_model_id%22%3A425677039243%2C%22model_selection_logic%22%3A3%7D
[Quà tặng không bán] Túi lắp ráp đủ màu JX6756,294.000₫,4.8 Đánh giá shop,,https://shopee.vn/-Qu%C3%A0-t%E1%BA%B7ng-kh%C3%B4ng-b%C3%A1n-T%C3%BAi-l%E1%BA%AFp-r%C3%A1p-%C4%91%E1%BB%A7-m%C3%A0u-JX6756-i.915815268.49261258669?extraParams=%7B%22display_model_id%22%3A380979002439%2C%22model_selection_logic%22%3A3%7D
[Livestream KOL] Combo 4 Thùng 24 hộp Sữa bột pha sẵn Nutifood Sweden GrowPLUS+ Colostrum Lactoferrin 180ml,3.282.020₫,4.8 Đánh giá shop,,https://shopee.vn/-Livestream-KOL-Combo-4-Th%C3%B9ng-24-h%E1%BB%99p-S%E1%BB%AFa-b%E1%BB%99t-pha-s%E1%BA%B5n-Nutifood-Sweden-GrowPLUS-Colostrum-Lactoferrin-180ml-i.915815268.41608577169?extraParams=%7B%22display_model_id%22%3A248628393561%2C%22model_selection_logic%22%3A3%7D
Combo 5 Sữa bột Nutifood Sweden GrowPLUS+ Colostrum Lactoferrin 1+ 800g,5.007.800₫,4.8 Đánh giá shop,,https://shopee.vn/Combo-5-S%E1%BB%AFa-b%E1%BB%99t-Nutifood-Sweden-GrowPLUS-Colostrum-Lactoferrin-1-800g-i.915815268.40929548857?extraParams=%7B%22display_model_id%22%3A292484634959%2C%22model_selection_logic%22%3A3%7D
[Livestream KOL] Combo 4 Thùng 24 hộp Sữa bột pha sẵn Nutifood GrowPLUS+ Vị Dâu Sữa hộp 110ml - Trên 1 tuổi,1.979.600₫,4.8 Đánh giá shop,,https://shopee.vn/-Livestream-KOL-Combo-4-Th%C3%B9ng-24-h%E1%BB%99p-S%E1%BB%AFa-b%E1%BB%99t-pha-s%E1%BA%B5n-Nutifood-GrowPLUS-V%E1%BB%8B-D%C3%A2u-S%E1%BB%AFa-h%E1%BB%99p-110ml-Tr%C3%AAn-1-tu%E1%BB%95i-i.915815268.41058585350?extraParams=%7B%22display_model_id%22%3A300722300707%2C%22model_selection_logic%22%3A3%7D
[KOL] - [SHIP HCM & HN] Thùng 12 lốc GrowPLUS+ Váng sữa công thức Cao lớn vượt trội Socola (55g x 48 hộp),1.695.400₫,4.8 Đánh giá shop,,https://shopee.vn/-KOL-SHIP-HCM-HN-Th%C3%B9ng-12-l%E1%BB%91c-GrowPLUS-V%C3%A1ng-s%E1%BB%AFa-c%C3%B4ng-th%E1%BB%A9c-Cao-l%E1%BB%9Bn-v%C6%B0%E1%BB%A3t-tr%E1%BB%99i-Socola-(55g-x-48-h%C3%B4%CC%A3p)-i.915815268.26482532998?extraParams=%7B%22display_model_id%22%3A227643576496%2C%22model_selection_logic%22%3A3%7D
[Livestream Hannah Olala] Combo 4 Thùng 24 hộp Sữa bột pha sẵn Nutifood GrowPLUS+ Vị Dâu Sữa hộp 180ml - Trên 1 tuổi,3.018.400₫,4.8 Đánh giá shop,,https://shopee.vn/-Livestream-Hannah-Olala-Combo-4-Th%C3%B9ng-24-h%E1%BB%99p-S%E1%BB%AFa-b%E1%BB%99t-pha-s%E1%BA%B5n-Nutifood-GrowPLUS-V%E1%BB%8B-D%C3%A2u-S%E1%BB%AFa-h%E1%BB%99p-180ml-Tr%C3%AAn-1-tu%E1%BB%95i-i.915815268.43008834923?extraParams=%7B%22display_model_id%22%3A285743100043%2C%22model_selection_logic%22%3A3%7D
[Quà tặng không bán] Kệ để đồ gia dụng,343.000₫,5.0,489 đã bán,https://shopee.vn/-Qu%C3%A0-t%E1%BA%B7ng-kh%C3%B4ng-b%C3%A1n-K%E1%BB%87-%C4%91%E1%BB%83-%C4%91%E1%BB%93-gia-d%E1%BB%A5ng-i.915815268.46009227989?extraParams=%7B%22display_model_id%22%3A370815554203%2C%22model_selection_logic%22%3A3%7D
[GIFT] Gấu bông kỳ lân màu ngẫu nhiên,490.000₫,5.0,16 đã bán,https://shopee.vn/-GIFT-G%E1%BA%A5u-b%C3%B4ng-k%E1%BB%B3-l%C3%A2n-ma%CC%80u-ng%C3%A2%CC%83u-nhi%C3%AAn-i.915815268.55006650665?extraParams=%7B%22display_model_id%22%3A390597856221%2C%22model_selection_logic%22%3A3%7D
Combo 3 Sữa bột Nutifood Sweden GrowPLUS+ Colostrum Lactoferrin 0+ 400g,1.335.000₫,4.8 Đánh giá shop,,https://shopee.vn/Combo-3-S%E1%BB%AFa-b%E1%BB%99t-Nutifood-Sweden-GrowPLUS-Colostrum-Lactoferrin-0-400g-i.915815268.43700017598?extraParams=%7B%22display_model_id%22%3A265001656003%2C%22model_selection_logic%22%3A3%7D
Gift-Lều Gấu Brown Nâu cho trẻ em,980.000₫,4.8 Đánh giá shop,,https://shopee.vn/Gift-L%E1%BB%81u-G%E1%BA%A5u-Brown-N%C3%A2u-cho-tr%E1%BA%BB-em-i.915815268.51507644133?extraParams=%7B%22display_model_id%22%3A360681402074%2C%22model_selection_logic%22%3A3%7D
Sữa bột Nutifood Sweden GrowPLUS+ Colostrum Lactoferrin 2+ 800g,1.001.560₫,4.8 Đánh giá shop,,https://shopee.vn/S%E1%BB%AFa-b%E1%BB%99t-Nutifood-Sweden-GrowPLUS-Colostrum-Lactoferrin-2-800g-i.915815268.56857795853?extraParams=%7B%22display_model_id%22%3A320692667759%2C%22model_selection_logic%22%3A3%7D
Combo 3 Sữa bột Nutifood Sweden GrowPLUS+ Colostrum Lactoferrin 1+ 800g,3.004.680₫,4.8 Đánh giá shop,,https://shopee.vn/Combo-3-S%E1%BB%AFa-b%E1%BB%99t-Nutifood-Sweden-GrowPLUS-Colostrum-Lactoferrin-1-800g-i.915815268.44657825175?extraParams=%7B%22display_model_id%22%3A410692713717%2C%22model_selection_logic%22%3A3%7D
[Gift]Đồ chơi trẻ em bằng nhựa: Bộ lắp ghép cầu trượt (12 chi tiết),343.000₫,5.0,15 đã bán,https://shopee.vn/-Gift-%C4%90%E1%BB%93-ch%C6%A1i-tr%E1%BA%BB-em-b%E1%BA%B1ng-nh%E1%BB%B1a-B%E1%BB%99-l%E1%BA%AFp-gh%C3%A9p-c%E1%BA%A7u-tr%C6%B0%E1%BB%A3t-(12-chi-ti%E1%BA%BFt)-i.915815268.54950585832?extraParams=%7B%22display_model_id%22%3A400050493843%2C%22model_selection_logic%22%3A3%7D
Combo 3 Sữa bột Nutifood Sweden GrowPLUS+ Colostrum Lactoferrin 2+ 800g,3.004.680₫,4.8 Đánh giá shop,,https://shopee.vn/Combo-3-S%E1%BB%AFa-b%E1%BB%99t-Nutifood-Sweden-GrowPLUS-Colostrum-Lactoferrin-2-800g-i.915815268.48807816058?extraParams=%7B%22display_model_id%22%3A302484599102%2C%22model_selection_logic%22%3A3%7D
[Gift]Đồ chơi trẻ em bằng nhựa: bộ bàn ghế lắp ghép,343.000₫,4.6,82 đã bán,https://shopee.vn/-Gift-%C4%90%E1%BB%93-ch%C6%A1i-tr%E1%BA%BB-em-b%E1%BA%B1ng-nh%E1%BB%B1a-b%E1%BB%99-b%C3%A0n-gh%E1%BA%BF-l%E1%BA%AFp-gh%C3%A9p-i.915815268.58050580931?extraParams=%7B%22display_model_id%22%3A410050493780%2C%22model_selection_logic%22%3A3%7D
[Quà tặng không bán]Đồ chơi trẻ em bằng nhựa: Bộ lắp ghép không dùng pin,196.000₫,5.0,11 đã bán,https://shopee.vn/-Qu%C3%A0-t%E1%BA%B7ng-kh%C3%B4ng-b%C3%A1n-%C4%90%E1%BB%93-ch%C6%A1i-tr%E1%BA%BB-em-b%E1%BA%B1ng-nh%E1%BB%B1a-B%E1%BB%99-l%E1%BA%AFp-gh%C3%A9p-kh%C3%B4ng-d%C3%B9ng-pin-i.915815268.55406970973?extraParams=%7B%22display_model_id%22%3A400622964791%2C%22model_selection_logic%22%3A3%7D
[Gift]Bảng nhựa tự xóa dành cho trẻ em,245.000₫,5.0,63 đã bán,https://shopee.vn/-Gift-B%E1%BA%A3ng-nh%E1%BB%B1a-t%E1%BB%B1-x%C3%B3a-d%C3%A0nh-cho-tr%E1%BA%BB-em-i.915815268.56104893042?extraParams=%7B%22display_model_id%22%3A380452341435%2C%22model_selection_logic%22%3A3%7D
[Livestream KOL] Combo 3 Thùng 24 hộp Sữa bột pha sẵn Nutifood Sweden GrowPLUS+ Vị Chuối Sữa hộp 180ml Trên 1 tuổi,2.263.800₫,4.8 Đánh giá shop,,https://shopee.vn/-Livestream-KOL-Combo-3-Th%C3%B9ng-24-h%E1%BB%99p-S%E1%BB%AFa-b%E1%BB%99t-pha-s%E1%BA%B5n-Nutifood-Sweden-GrowPLUS-V%E1%BB%8B-Chu%E1%BB%91i-S%E1%BB%AFa-h%E1%BB%99p-180ml-Tr%C3%AAn-1-tu%E1%BB%95i-i.915815268.28088688988?extraParams=%7B%22display_model_id%22%3A118713605542%2C%22model_selection_logic%22%3A3%7D
[Quà tặng không bán] Đồ chơi trẻ em : Bộ xếp hình bằng nhựa gồm mảnh ghép và bản,196.000₫,5.0,40 đã bán,https://shopee.vn/-Qu%C3%A0-t%E1%BA%B7ng-kh%C3%B4ng-b%C3%A1n-%C4%90%E1%BB%93-ch%C6%A1i-tr%E1%BA%BB-em-B%E1%BB%99-x%E1%BA%BFp-h%C3%ACnh-b%E1%BA%B1ng-nh%E1%BB%B1a-g%E1%BB%93m-m%E1%BA%A3nh-gh%C3%A9p-v%C3%A0-b%E1%BA%A3n-i.915815268.50808858787?extraParams=%7B%22display_model_id%22%3A365786673403%2C%22model_selection_logic%22%3A3%7D
[Livestream KOL] Combo 3 Thùng 24 hộp Sữa bột pha sẵn Nutifood Sweden GrowPLUS+ Vị Chuối Sữa hộp 110ml Trên 1 tuổi,1.451.520₫,4.8 Đánh giá shop,,https://shopee.vn/-Livestream-KOL-Combo-3-Th%C3%B9ng-24-h%E1%BB%99p-S%E1%BB%AFa-b%E1%BB%99t-pha-s%E1%BA%B5n-Nutifood-Sweden-GrowPLUS-V%E1%BB%8B-Chu%E1%BB%91i-S%E1%BB%AFa-h%E1%BB%99p-110ml-Tr%C3%AAn-1-tu%E1%BB%95i-i.915815268.43408569955?extraParams=%7B%22display_model_id%22%3A186161618648%2C%22model_selection_logic%22%3A3%7D
[Livestream BeyondK] Combo 3 Sữa Bột Nutifood Sweden GrowPLUS+ Cao lớn vượt trội từ 1 - 2 tuổi (Bạc) 800g,2.366.000₫,4.8 Đánh giá shop,,https://shopee.vn/-Livestream-BeyondK-Combo-3-S%E1%BB%AFa-B%E1%BB%99t-Nutifood-Sweden-GrowPLUS-Cao-l%E1%BB%9Bn-v%C6%B0%E1%BB%A3t-tr%E1%BB%99i-t%E1%BB%AB-1-2-tu%E1%BB%95i-(B%E1%BA%A1c)-800g-i.915815268.44215105180?extraParams=%7B%22display_model_id%22%3A271248874548%2C%22model_selection_logic%22%3A3%7D
[Gift]Đồ chơi trẻ em bằng nhựa: Bộ lắp ghép model:598B,343.000₫,5.0,23 đã bán,https://shopee.vn/-Gift-%C4%90%E1%BB%93-ch%C6%A1i-tr%E1%BA%BB-em-b%E1%BA%B1ng-nh%E1%BB%B1a-B%E1%BB%99-l%E1%BA%AFp-gh%C3%A9p-model-598B-i.915815268.53503161454?extraParams=%7B%22display_model_id%22%3A302259555380%2C%22model_selection_logic%22%3A3%7D
Combo 5 Sữa bột Nutifood Sweden GrowPLUS+ Colostrum Lactoferrin 2+ 800g,5.007.800₫,4.8 Đánh giá shop,,https://shopee.vn/Combo-5-S%E1%BB%AFa-b%E1%BB%99t-Nutifood-Sweden-GrowPLUS-Colostrum-Lactoferrin-2-800g-i.915815268.51007796224?extraParams=%7B%22display_model_id%22%3A435692787669%2C%22model_selection_logic%22%3A3%7D
[Livestream Hannah Olala] Combo 4 Thùng 24 hộp Sữa bột pha sẵn Nutifood GrowPLUS+ Vị Chuối Sữa hộp 110ml - Trên 1 tuổi,1.979.600₫,4.8 Đánh giá shop,,https://shopee.vn/-Livestream-Hannah-Olala-Combo-4-Th%C3%B9ng-24-h%E1%BB%99p-S%E1%BB%AFa-b%E1%BB%99t-pha-s%E1%BA%B5n-Nutifood-GrowPLUS-V%E1%BB%8B-Chu%E1%BB%91i-S%E1%BB%AFa-h%E1%BB%99p-110ml-Tr%C3%AAn-1-tu%E1%BB%95i-i.915815268.43458838956?extraParams=%7B%22display_model_id%22%3A295743085228%2C%22model_selection_logic%22%3A3%7D
[Livestream Hannah Olala] Combo 4 Thùng 24 hộp Sữa bột pha sẵn Nutifood GrowPLUS+ Vị Dâu Sữa hộp 110ml - Trên 1 tuổi,1.979.600₫,4.8 Đánh giá shop,,https://shopee.vn/-Livestream-Hannah-Olala-Combo-4-Th%C3%B9ng-24-h%E1%BB%99p-S%E1%BB%AFa-b%E1%BB%99t-pha-s%E1%BA%B5n-Nutifood-GrowPLUS-V%E1%BB%8B-D%C3%A2u-S%E1%BB%AFa-h%E1%BB%99p-110ml-Tr%C3%AAn-1-tu%E1%BB%95i-i.915815268.43158839131?extraParams=%7B%22display_model_id%22%3A208601717650%2C%22model_selection_logic%22%3A3%7D
[Gift A2]  Bình giữ nhiệt Fuji Bear 560 ml hình Gấu,588.000₫,5.0,5 đã bán,https://shopee.vn/-Gift-A2-B%C3%ACnh-gi%E1%BB%AF-nhi%E1%BB%87t-Fuji-Bear-560-ml-hi%CC%80nh-G%C3%A2%CC%81u-i.915815268.54906650418?extraParams=%7B%22display_model_id%22%3A445597788599%2C%22model_selection_logic%22%3A3%7D
[Livestream KOL] Combo 3 Thùng 24 hộp Sữa bột pha sẵn Nutifood Sweden GrowPLUS+ Vị Dâu Sữa hộp 180ml Trên 1 tuổi,2.263.800₫,4.8 Đánh giá shop,,https://shopee.vn/-Livestream-KOL-Combo-3-Th%C3%B9ng-24-h%E1%BB%99p-S%E1%BB%AFa-b%E1%BB%99t-pha-s%E1%BA%B5n-Nutifood-Sweden-GrowPLUS-V%E1%BB%8B-D%C3%A2u-S%E1%BB%AFa-h%E1%BB%99p-180ml-Tr%C3%AAn-1-tu%E1%BB%95i-i.915815268.40758573712?extraParams=%7B%22display_model_id%22%3A300722297619%2C%22model_selection_logic%22%3A3%7D
[Quà tặng không bán] TÚI VỢT 2 CHIẾC MÃ 066-31,176.400₫,5.0,16 đã bán,https://shopee.vn/-Qu%C3%A0-t%E1%BA%B7ng-kh%C3%B4ng-b%C3%A1n-T%C3%9AI-V%E1%BB%A2T-2-CHI%E1%BA%BEC-M%C3%83-066-31-i.915815268.47111116552?extraParams=%7B%22display_model_id%22%3A370967066379%2C%22model_selection_logic%22%3A3%7D
[Gift]Đồ chơi trẻ em bằng nhựa: bộ bàn lắp ghép (142 chi tiết),343.000₫,3.7,21 đã bán,https://shopee.vn/-Gift-%C4%90%E1%BB%93-ch%C6%A1i-tr%E1%BA%BB-em-b%E1%BA%B1ng-nh%E1%BB%B1a-b%E1%BB%99-b%C3%A0n-l%E1%BA%AFp-gh%C3%A9p-(142-chi-ti%E1%BA%BFt)-i.915815268.55502132815?extraParams=%7B%22display_model_id%22%3A405207657267%2C%22model_selection_logic%22%3A3%7D
[Quà tặng không bán] Áo phao đỡ ngực,176.400₫,4.8 Đánh giá shop,,https://shopee.vn/-Qu%C3%A0-t%E1%BA%B7ng-kh%C3%B4ng-b%C3%A1n-%C3%81o-phao-%C4%91%E1%BB%A1-ng%E1%BB%B1c-i.915815268.54560782302?extraParams=%7B%22display_model_id%22%3A370942860703%2C%22model_selection_logic%22%3A3%7D
[Livestream Hannah Olala] Combo 3 Thùng 24 hộp Sữa bột pha sẵn Nutifood Sweden GrowPLUS+ Vị Chuối hộp 180ml Trên 1 tuổi,2.263.800₫,4.8 Đánh giá shop,,https://shopee.vn/-Livestream-Hannah-Olala-Combo-3-Th%C3%B9ng-24-h%E1%BB%99p-S%E1%BB%AFa-b%E1%BB%99t-pha-s%E1%BA%B5n-Nutifood-Sweden-GrowPLUS-V%E1%BB%8B-Chu%E1%BB%91i-h%E1%BB%99p-180ml-Tr%C3%AAn-1-tu%E1%BB%95i-i.915815268.42358839071?extraParams=%7B%22display_model_id%22%3A305743070813%2C%22model_selection_logic%22%3A3%7D
[Livestream Hannah Olala] Combo 4 Thùng 24 hộp Sữa bột pha sẵn Nutifood GrowPLUS+ Vị Chuối Sữa hộp 180ml - Trên 1 tuổi,3.018.400₫,4.8 Đánh giá shop,,https://shopee.vn/-Livestream-Hannah-Olala-Combo-4-Th%C3%B9ng-24-h%E1%BB%99p-S%E1%BB%AFa-b%E1%BB%99t-pha-s%E1%BA%B5n-Nutifood-GrowPLUS-V%E1%BB%8B-Chu%E1%BB%91i-S%E1%BB%AFa-h%E1%BB%99p-180ml-Tr%C3%AAn-1-tu%E1%BB%95i-i.915815268.42858842415?extraParams=%7B%22display_model_id%22%3A258635017231%2C%22model_selection_logic%22%3A3%7D
[Livestream KOL] Combo 3 Thùng 24 hộp Sữa bột pha sẵn Nutifood Sweden GrowPLUS+ Colostrum Lactoferrin 110ml,1.625.820₫,4.8 Đánh giá shop,,https://shopee.vn/-Livestream-KOL-Combo-3-Th%C3%B9ng-24-h%E1%BB%99p-S%E1%BB%AFa-b%E1%BB%99t-pha-s%E1%BA%B5n-Nutifood-Sweden-GrowPLUS-Colostrum-Lactoferrin-110ml-i.915815268.44208573214?extraParams=%7B%22display_model_id%22%3A300722211001%2C%22model_selection_logic%22%3A3%7D
[Livestream KOL] Combo 4 Thùng 24 hộp Sữa bột pha sẵn Nutifood GrowPLUS+ Vị Chuối Sữa hộp 180ml - Trên 1 tuổi,3.018.400₫,4.8 Đánh giá shop,,https://shopee.vn/-Livestream-KOL-Combo-4-Th%C3%B9ng-24-h%E1%BB%99p-S%E1%BB%AFa-b%E1%BB%99t-pha-s%E1%BA%B5n-Nutifood-GrowPLUS-V%E1%BB%8B-Chu%E1%BB%91i-S%E1%BB%AFa-h%E1%BB%99p-180ml-Tr%C3%AAn-1-tu%E1%BB%95i-i.915815268.41758580782?extraParams=%7B%22display_model_id%22%3A196161626481%2C%22model_selection_logic%22%3A3%7D
[Livestream Hannah Olala] Combo 3 Thùng 24 hộp Sữa bột pha sẵn Nutifood Sweden GrowPLUS+ Vị Chuối hộp 110ml Trên 1 tuổi,1.481.760₫,4.8 Đánh giá shop,,https://shopee.vn/-Livestream-Hannah-Olala-Combo-3-Th%C3%B9ng-24-h%E1%BB%99p-S%E1%BB%AFa-b%E1%BB%99t-pha-s%E1%BA%B5n-Nutifood-Sweden-GrowPLUS-V%E1%BB%8B-Chu%E1%BB%91i-h%E1%BB%99p-110ml-Tr%C3%AAn-1-tu%E1%BB%95i-i.915815268.43208842166?extraParams=%7B%22display_model_id%22%3A265743660189%2C%22model_selection_logic%22%3A3%7D
[Livestream Hannah Olala] Combo 3 Thùng 24 hộp Sữa bột pha sẵn Nutifood Sweden GrowPLUS+ Colostrum Lactoferrin 110ml,1.625.820₫,4.8 Đánh giá shop,,https://shopee.vn/-Livestream-Hannah-Olala-Combo-3-Th%C3%B9ng-24-h%E1%BB%99p-S%E1%BB%AFa-b%E1%BB%99t-pha-s%E1%BA%B5n-Nutifood-Sweden-GrowPLUS-Colostrum-Lactoferrin-110ml-i.915815268.29988771411?extraParams=%7B%22display_model_id%22%3A270743032115%2C%22model_selection_logic%22%3A3%7D
Gift-Bộ lắp ghép khủng long cho bé A2,980.000₫,5.0,66 đã bán,https://shopee.vn/Gift-B%E1%BB%99-l%E1%BA%AFp-gh%C3%A9p-kh%E1%BB%A7ng-long-cho-b%C3%A9-A2-i.915815268.50757666268?extraParams=%7B%22display_model_id%22%3A148005552412%2C%22model_selection_logic%22%3A3%7D
[Livestream KOL] Combo 4 Thùng 24 hộp Sữa bột pha sẵn Nutifood GrowPLUS+ Vị Chuối Sữa hộp 110ml - Trên 1 tuổi,1.979.600₫,4.8 Đánh giá shop,,https://shopee.vn/-Livestream-KOL-Combo-4-Th%C3%B9ng-24-h%E1%BB%99p-S%E1%BB%AFa-b%E1%BB%99t-pha-s%E1%BA%B5n-Nutifood-GrowPLUS-V%E1%BB%8B-Chu%E1%BB%91i-S%E1%BB%AFa-h%E1%BB%99p-110ml-Tr%C3%AAn-1-tu%E1%BB%95i-i.915815268.40008610850?extraParams=%7B%22display_model_id%22%3A290722305488%2C%22model_selection_logic%22%3A3%7D
[Livestream KOL] Combo 3 Thùng 24 hộp Sữa bột pha sẵn Nutifood Sweden GrowPLUS+ Colostrum Lactoferrin 180ml,2.461.760₫,4.8 Đánh giá shop,,https://shopee.vn/-Livestream-KOL-Combo-3-Th%C3%B9ng-24-h%E1%BB%99p-S%E1%BB%AFa-b%E1%BB%99t-pha-s%E1%BA%B5n-Nutifood-Sweden-GrowPLUS-Colostrum-Lactoferrin-180ml-i.915815268.44208573279?extraParams=%7B%22display_model_id%22%3A305722215683%2C%22model_selection_logic%22%3A3%7D
[Livestream Hannah Olala] Combo 3 Thùng 24 hộp Sữa bột pha sẵn Nutifood Sweden GrowPLUS+ Colostrum Lactoferrin 180ml,1.922.760₫,4.8 Đánh giá shop,,https://shopee.vn/-Livestream-Hannah-Olala-Combo-3-Th%C3%B9ng-24-h%E1%BB%99p-S%E1%BB%AFa-b%E1%BB%99t-pha-s%E1%BA%B5n-Nutifood-Sweden-GrowPLUS-Colostrum-Lactoferrin-180ml-i.915815268.40058864916?extraParams=%7B%22display_model_id%22%3A305743035505%2C%22model_selection_logic%22%3A3%7D
[Livestream KOL] Combo 4 Thùng 24 hộp Sữa bột pha sẵn Nutifood Sweden GrowPLUS+ Colostrum Lactoferrin 110ml,2.179.520₫,4.8 Đánh giá shop,,https://shopee.vn/-Livestream-KOL-Combo-4-Th%C3%B9ng-24-h%E1%BB%99p-S%E1%BB%AFa-b%E1%BB%99t-pha-s%E1%BA%B5n-Nutifood-Sweden-GrowPLUS-Colostrum-Lactoferrin-110ml-i.915815268.44208573277?extraParams=%7B%22display_model_id%22%3A253628355542%2C%22model_selection_logic%22%3A3%7D
